2353
15 3.29999995 residential 
33.42767820 -118.44159520
33.42768610 -118.44154520
33.42769350 -118.44154690
33.42770190 -118.44149370
33.42763440 -118.44147850
33.42764040 -118.44144020
33.42761070 -118.44143350
33.42761540 -118.44140350
33.42757300 -118.44139390
33.42755770 -118.44149030
33.42760060 -118.44149990
33.42759960 -118.44150600
33.42761890 -118.44151030
33.42760790 -118.44157940
33.42767820 -118.44159520
9 3.79999995 residential 
33.37459000 -118.35422380
33.37454070 -118.35428680
33.37460770 -118.35436120
33.37460890 -118.35435950
33.37462900 -118.35438190
33.37465170 -118.35435280
33.37463090 -118.35432980
33.37465620 -118.35429750
33.37459000 -118.35422380
7 4.09999990 residential 
33.40414930 -118.36933960
33.40413350 -118.36931030
33.40407850 -118.36932330
33.40407500 -118.36935950
33.40409000 -118.36938640
33.40414490 -118.36937280
33.40414930 -118.36933960
15 4.09999990 residential 
33.36915620 -118.34807190
33.36915690 -118.34807480
33.36905840 -118.34810900
33.36907260 -118.34816700
33.36908500 -118.34816270
33.36910690 -118.34825240
33.36917260 -118.34822960
33.36917520 -118.34824030
33.36919610 -118.34823300
33.36919380 -118.34822370
33.36925910 -118.34820100
33.36924040 -118.34812460
33.36927520 -118.34811250
33.36925670 -118.34803700
33.36915620 -118.34807190
7 3.90000010 residential 
33.40552500 -118.37009080
33.40550890 -118.37005970
33.40547680 -118.37004340
33.40544420 -118.37009540
33.40546200 -118.37012550
33.40549330 -118.37013680
33.40552500 -118.37009080
55 6.80000019 residential 
33.44491880 -118.48043020
33.44492170 -118.48032000
33.44495250 -118.48032110
33.44495190 -118.48034400
33.44500850 -118.48034610
33.44501080 -118.48026010
33.44502590 -118.48026070
33.44502740 -118.48020620
33.44504010 -118.48020660
33.44504350 -118.48008020
33.44503220 -118.48007980
33.44503430 -118.48000080
33.44504370 -118.48000110
33.44504690 -118.47988250
33.44503610 -118.47988200
33.44503750 -118.47982680
33.44501130 -118.47982590
33.44501360 -118.47973930
33.44500670 -118.47973900
33.44500700 -118.47972560
33.44498200 -118.47972460
33.44498170 -118.47973600
33.44494990 -118.47973480
33.44495020 -118.47972270
33.44492640 -118.47972180
33.44492610 -118.47973510
33.44492010 -118.47973490
33.44491740 -118.47984090
33.44490880 -118.47984060
33.44490780 -118.47988040
33.44489660 -118.47988000
33.44489350 -118.47999990
33.44490610 -118.48000040
33.44490400 -118.48008120
33.44489410 -118.48008080
33.44489090 -118.48020050
33.44490230 -118.48020100
33.44490140 -118.48023290
33.44486950 -118.48023170
33.44487000 -118.48021150
33.44485340 -118.48021090
33.44485370 -118.48019830
33.44482200 -118.48019710
33.44482150 -118.48021750
33.44480210 -118.48021670
33.44480280 -118.48018930
33.44476520 -118.48018800
33.44476440 -118.48021620
33.44474950 -118.48021570
33.44474960 -118.48020870
33.44473690 -118.48020830
33.44473670 -118.48021430
33.44468770 -118.48021250
33.44468230 -118.48042140
33.44491880 -118.48043020
15 4.00000000 residential 
33.42808600 -118.44019030
33.42809350 -118.44016280
33.42813200 -118.44017770
33.42813930 -118.44015070
33.42814500 -118.44015290
33.42815410 -118.44011950
33.42814770 -118.44011700
33.42815230 -118.44010030
33.42810290 -118.44008120
33.42810440 -118.44007560
33.42806860 -118.44006180
33.42806640 -118.44006960
33.42802730 -118.44005450
33.42799950 -118.44015690
33.42808600 -118.44019030
15 8.10000038 residential 
33.38615270 -118.45160910
33.38616780 -118.45162170
33.38613890 -118.45167120
33.38617760 -118.45170350
33.38623290 -118.45160870
33.38620060 -118.45158170
33.38620890 -118.45156750
33.38618320 -118.45154610
33.38617600 -118.45155850
33.38614340 -118.45153120
33.38613220 -118.45155040
33.38610900 -118.45153090
33.38599960 -118.45171850
33.38605960 -118.45176870
33.38615270 -118.45160910
13 4.00000000 residential 
33.37345180 -118.35724990
33.37349790 -118.35718760
33.37350960 -118.35719990
33.37353870 -118.35716060
33.37345810 -118.35707590
33.37342540 -118.35712020
33.37342390 -118.35711860
33.37340400 -118.35714560
33.37339290 -118.35713390
33.37338150 -118.35714940
33.37339290 -118.35716130
33.37338180 -118.35717640
33.37345180 -118.35724990
5 4.59999990 residential 
33.36857090 -118.34840980
33.36857870 -118.34847850
33.36867630 -118.34846270
33.36866840 -118.34839400
33.36857090 -118.34840980
5 9.00000000 residential 
33.44458510 -118.48217520
33.44447010 -118.48217340
33.44447160 -118.48238280
33.44458660 -118.48237740
33.44458510 -118.48217520
9 4.69999981 residential 
33.38627480 -118.45326800
33.38627580 -118.45327570
33.38629210 -118.45327260
33.38629100 -118.45326420
33.38629470 -118.45326350
33.38628880 -118.45321930
33.38621340 -118.45323360
33.38621950 -118.45327850
33.38627480 -118.45326800
5 3.90000010 residential 
33.36820510 -118.34867020
33.36824640 -118.34872880
33.36832360 -118.34865150
33.36828220 -118.34859290
33.36820510 -118.34867020
5 6.80000019 residential 
33.35507340 -118.44000990
33.35509320 -118.44009940
33.35522540 -118.44005790
33.35520550 -118.43996830
33.35507340 -118.44000990
13 3.20000005 residential 
33.37530970 -118.41925700
33.37529810 -118.41928510
33.37529140 -118.41928120
33.37528600 -118.41929400
33.37529210 -118.41929760
33.37526220 -118.41936970
33.37532660 -118.41940760
33.37532220 -118.41941810
33.37532990 -118.41942260
33.37533410 -118.41941250
33.37535780 -118.41942650
33.37540490 -118.41931310
33.37530970 -118.41925700
11 4.40000010 residential 
33.42744550 -118.44201010
33.42744930 -118.44203420
33.42743870 -118.44203660
33.42745110 -118.44211620
33.42748540 -118.44210860
33.42748570 -118.44211080
33.42756150 -118.44209400
33.42755650 -118.44206210
33.42761070 -118.44205010
33.42759930 -118.44197610
33.42744550 -118.44201010
9 8.00000000 residential 
33.40429200 -118.36976270
33.40428340 -118.36975910
33.40428880 -118.36974020
33.40419560 -118.36970180
33.40419090 -118.36971800
33.40418360 -118.36971500
33.40412970 -118.36990120
33.40423890 -118.36994620
33.40429200 -118.36976270
7 4.00000000 residential 
33.40561340 -118.37014740
33.40559320 -118.37011880
33.40555990 -118.37011200
33.40553570 -118.37016850
33.40555850 -118.37019360
33.40558800 -118.37019990
33.40561340 -118.37014740
17 2.59999990 residential 
33.42747750 -118.44088240
33.42746900 -118.44090930
33.42747420 -118.44091160
33.42746990 -118.44092530
33.42745010 -118.44091650
33.42742070 -118.44101030
33.42744940 -118.44102310
33.42743790 -118.44105980
33.42747730 -118.44107740
33.42748900 -118.44104010
33.42749810 -118.44104410
33.42752740 -118.44095060
33.42750050 -118.44093860
33.42750530 -118.44092320
33.42757720 -118.44095530
33.42758510 -118.44093030
33.42747750 -118.44088240
5 2.50000000 residential 
33.38866380 -118.36788370
33.38868600 -118.36786100
33.38856580 -118.36769480
33.38854370 -118.36771750
33.38866380 -118.36788370
15 3.59999990 residential 
33.44507760 -118.48277410
33.44510490 -118.48276900
33.44511000 -118.48280760
33.44517720 -118.48279490
33.44517520 -118.48277990
33.44517850 -118.48277930
33.44517280 -118.48273660
33.44515470 -118.48274000
33.44513910 -118.48262170
33.44512610 -118.48262410
33.44512250 -118.48259720
33.44509250 -118.48260290
33.44509590 -118.48262930
33.44505930 -118.48263620
33.44507760 -118.48277410
9 3.40000010 residential 
33.44459010 -118.48191480
33.44459000 -118.48188840
33.44456480 -118.48188850
33.44456490 -118.48191350
33.44451260 -118.48191380
33.44451300 -118.48204720
33.44468740 -118.48204650
33.44468690 -118.48191440
33.44459010 -118.48191480
37 8.50000000 residential Wrigley Ranch
33.38598350 -118.45189630
33.38592270 -118.45184580
33.38584850 -118.45197400
33.38573030 -118.45187590
33.38595530 -118.45148690
33.38595390 -118.45148570
33.38598670 -118.45142910
33.38596580 -118.45141180
33.38597670 -118.45139300
33.38594400 -118.45136590
33.38595110 -118.45135380
33.38592490 -118.45133200
33.38591640 -118.45134670
33.38588480 -118.45132050
33.38587270 -118.45134150
33.38583970 -118.45131410
33.38581280 -118.45136070
33.38584560 -118.45138790
33.38581940 -118.45143320
33.38585280 -118.45146090
33.38585520 -118.45145680
33.38587430 -118.45147270
33.38581780 -118.45157040
33.38576890 -118.45152980
33.38569450 -118.45165840
33.38574230 -118.45169800
33.38562850 -118.45189480
33.38566150 -118.45192210
33.38565580 -118.45193200
33.38572240 -118.45198730
33.38571870 -118.45199370
33.38575920 -118.45202730
33.38576290 -118.45202090
33.38582900 -118.45207570
33.38583480 -118.45206560
33.38586900 -118.45209410
33.38598350 -118.45189630
5 4.80000019 residential 
33.40620000 -118.37245940
33.40629160 -118.37246970
33.40630750 -118.37226770
33.40621600 -118.37225750
33.40620000 -118.37245940
7 3.50000000 residential 
33.40415510 -118.36951960
33.40416840 -118.36955130
33.40419690 -118.36956680
33.40423560 -118.36951790
33.40422320 -118.36948710
33.40419590 -118.36947320
33.40415510 -118.36951960
5 5.50000000 residential 
33.37379170 -118.35670950
33.37371090 -118.35667380
33.37365880 -118.35684130
33.37373950 -118.35687700
33.37379170 -118.35670950
7 4.90000010 residential 
33.35646640 -118.43936770
33.35636870 -118.43931320
33.35630570 -118.43947350
33.35635530 -118.43950110
33.35634580 -118.43952510
33.35639410 -118.43955200
33.35646640 -118.43936770
5 2.79999995 residential 
33.44469360 -118.48318710
33.44469460 -118.48326650
33.44478070 -118.48326500
33.44477970 -118.48318560
33.44469360 -118.48318710
7 4.09999990 residential 
33.40449100 -118.36941610
33.40446300 -118.36942840
33.40444640 -118.36945800
33.40448230 -118.36951010
33.40451070 -118.36949880
33.40452610 -118.36947180
33.40449100 -118.36941610
5 4.59999990 residential 
33.37458230 -118.35452490
33.37463380 -118.35458370
33.37473230 -118.35446110
33.37468090 -118.35440240
33.37458230 -118.35452490
9 4.80000019 residential 
33.40473630 -118.36925940
33.40473600 -118.36925420
33.40471920 -118.36925570
33.40471960 -118.36926340
33.40467920 -118.36926690
33.40468660 -118.36938970
33.40478750 -118.36938100
33.40477980 -118.36925560
33.40473630 -118.36925940
13 7.19999981 residential 
33.44545580 -118.48024800
33.44548510 -118.48027060
33.44549250 -118.48025690
33.44549560 -118.48025930
33.44553750 -118.48018180
33.44550280 -118.48015510
33.44551000 -118.48014160
33.44547620 -118.48011550
33.44542830 -118.48020400
33.44539680 -118.48017980
33.44532380 -118.48031450
33.44539160 -118.48036670
33.44545580 -118.48024800
25 9.60000038 residential 
33.36934260 -118.34838390
33.36932140 -118.34839300
33.36933280 -118.34843120
33.36932690 -118.34844130
33.36929190 -118.34841110
33.36922860 -118.34843380
33.36920450 -118.34849720
33.36916820 -118.34850960
33.36920460 -118.34865990
33.36922730 -118.34865210
33.36922420 -118.34863960
33.36930370 -118.34861220
33.36930850 -118.34863210
33.36934180 -118.34862070
33.36933660 -118.34859930
33.36942250 -118.34856980
33.36941800 -118.34855100
33.36942790 -118.34854760
33.36943100 -118.34856060
33.36951130 -118.34853300
33.36950560 -118.34850960
33.36950830 -118.34850870
33.36947310 -118.34836320
33.36934910 -118.34840580
33.36934260 -118.34838390
9 3.50000000 residential 
33.42808510 -118.44038720
33.42810950 -118.44029390
33.42806570 -118.44027760
33.42806830 -118.44026790
33.42799980 -118.44024240
33.42798390 -118.44030290
33.42796660 -118.44029680
33.42795650 -118.44033930
33.42808510 -118.44038720
19 3.00000000 residential 
33.42791300 -118.44060040
33.42790230 -118.44064310
33.42788770 -118.44063790
33.42788000 -118.44066850
33.42786630 -118.44066360
33.42785930 -118.44069160
33.42788450 -118.44070060
33.42788310 -118.44070620
33.42787240 -118.44070250
33.42786420 -118.44073500
33.42787260 -118.44073790
33.42787060 -118.44074580
33.42790830 -118.44075930
33.42791990 -118.44071330
33.42796350 -118.44072880
33.42797660 -118.44067650
33.42796960 -118.44067400
33.42798190 -118.44062490
33.42791300 -118.44060040
13 3.79999995 residential 
33.37342640 -118.35735660
33.37334360 -118.35731040
33.37330740 -118.35740240
33.37333360 -118.35741700
33.37332460 -118.35744000
33.37333510 -118.35744580
33.37332120 -118.35748120
33.37330930 -118.35747450
33.37330100 -118.35749540
33.37327500 -118.35748090
33.37323700 -118.35757770
33.37332120 -118.35762460
33.37342640 -118.35735660
7 4.90000010 residential 
33.40589900 -118.37036170
33.40591200 -118.37039710
33.40593930 -118.37041270
33.40607940 -118.37025390
33.40606720 -118.37022060
33.40604070 -118.37020440
33.40589900 -118.37036170
7 4.19999981 residential 
33.40410710 -118.36944270
33.40411370 -118.36947800
33.40413880 -118.36949690
33.40418550 -118.36945510
33.40417640 -118.36942280
33.40415040 -118.36940240
33.40410710 -118.36944270
5 3.70000005 residential 
33.36878250 -118.34877410
33.36868650 -118.34880750
33.36870330 -118.34887620
33.36879930 -118.34884290
33.36878250 -118.34877410
15 6.30000019 residential 
33.38631000 -118.45298170
33.38633000 -118.45310510
33.38636300 -118.45309740
33.38636710 -118.45312250
33.38638990 -118.45311730
33.38638620 -118.45309400
33.38640290 -118.45309010
33.38639760 -118.45305760
33.38645780 -118.45304370
33.38646280 -118.45307450
33.38649640 -118.45306670
33.38648170 -118.45297560
33.38649120 -118.45297340
33.38648600 -118.45294120
33.38631000 -118.45298170
21 8.50000000 residential 
33.40558130 -118.36995050
33.40569330 -118.36987600
33.40573620 -118.36996780
33.40574390 -118.36996280
33.40575810 -118.36999330
33.40580130 -118.36996460
33.40578770 -118.36993560
33.40585350 -118.36989190
33.40580310 -118.36978400
33.40580800 -118.36978070
33.40579250 -118.36974760
33.40578750 -118.36975080
33.40573370 -118.36963580
33.40570480 -118.36965510
33.40570100 -118.36964690
33.40564600 -118.36968340
33.40564980 -118.36969160
33.40561820 -118.36971260
33.40562440 -118.36972570
33.40551130 -118.36980080
33.40558130 -118.36995050
7 3.70000005 residential 
33.40433700 -118.36960630
33.40436610 -118.36960800
33.40439240 -118.36958570
33.40437220 -118.36951920
33.40434270 -118.36951980
33.40431980 -118.36954080
33.40433700 -118.36960630
5 4.30000019 residential 
33.42952260 -118.47823880
33.42958750 -118.47820090
33.42957350 -118.47816700
33.42950870 -118.47820500
33.42952260 -118.47823880
25 4.30000019 residential 
33.42773060 -118.44242090
33.42769680 -118.44241370
33.42770180 -118.44238000
33.42762070 -118.44236290
33.42761550 -118.44239780
33.42762960 -118.44240080
33.42762740 -118.44241590
33.42756720 -118.44240320
33.42756780 -118.44239960
33.42754500 -118.44239480
33.42754420 -118.44240020
33.42753900 -118.44239910
33.42753150 -118.44244940
33.42755690 -118.44245480
33.42755540 -118.44246470
33.42754840 -118.44246320
33.42754210 -118.44250530
33.42754830 -118.44250660
33.42754410 -118.44253520
33.42761020 -118.44254920
33.42760820 -118.44256250
33.42764530 -118.44257040
33.42764240 -118.44258990
33.42770350 -118.44260280
33.42773060 -118.44242090
17 3.20000005 residential 
33.37484970 -118.35422490
33.37486510 -118.35424240
33.37484140 -118.35427210
33.37485390 -118.35428630
33.37484770 -118.35429400
33.37486450 -118.35431310
33.37486980 -118.35430640
33.37487760 -118.35431520
33.37494090 -118.35423590
33.37495310 -118.35424970
33.37497370 -118.35422390
33.37496120 -118.35420970
33.37496970 -118.35419910
33.37493480 -118.35415960
33.37491390 -118.35418580
33.37489660 -118.35416610
33.37484970 -118.35422490
7 4.40000010 residential 
33.40567400 -118.37017580
33.40564150 -118.37016840
33.40561490 -118.37021990
33.40563510 -118.37024840
33.40566340 -118.37025670
33.40569380 -118.37020530
33.40567400 -118.37017580
15 3.29999995 residential 
33.38830810 -118.36739170
33.38830780 -118.36740830
33.38831360 -118.36741990
33.38832700 -118.36742750
33.38833640 -118.36742940
33.38835140 -118.36742490
33.38835950 -118.36741420
33.38836440 -118.36740250
33.38836110 -118.36739820
33.38836470 -118.36738790
33.38836140 -118.36737730
33.38835240 -118.36737060
33.38833690 -118.36737310
33.38833330 -118.36737070
33.38830810 -118.36739170
9 3.40000010 residential 
33.42758330 -118.44169410
33.42759420 -118.44176350
33.42760650 -118.44176070
33.42761140 -118.44179180
33.42762020 -118.44178980
33.42762080 -118.44179390
33.42769220 -118.44177810
33.42767590 -118.44167340
33.42758330 -118.44169410
7 8.60000038 residential 
33.38823230 -118.36758340
33.38825450 -118.36756790
33.38824420 -118.36754690
33.38826980 -118.36752900
33.38821610 -118.36741960
33.38816830 -118.36745300
33.38823230 -118.36758340
11 4.19999981 residential 
33.36901380 -118.34818830
33.36900420 -118.34814760
33.36892150 -118.34817530
33.36893160 -118.34821790
33.36891890 -118.34824710
33.36894190 -118.34834590
33.36899420 -118.34838130
33.36903660 -118.34836570
33.36906630 -118.34830280
33.36904180 -118.34820680
33.36901380 -118.34818830
5 5.00000000 residential 
33.37371090 -118.35691640
33.37364740 -118.35684980
33.37353990 -118.35699550
33.37360350 -118.35706210
33.37371090 -118.35691640
5 9.10000038 residential Catalina Island Conservancy
33.35645720 -118.43609370
33.35656820 -118.43594080
33.35635610 -118.43572230
33.35624520 -118.43587520
33.35645720 -118.43609370
5 5.59999990 residential 
33.36842940 -118.34856020
33.36852770 -118.34854160
33.36851850 -118.34847290
33.36842030 -118.34849150
33.36842940 -118.34856020
28 6.59999990 residential 
33.44467270 -118.48325680
33.44467150 -118.48312110
33.44466450 -118.48312120
33.44466390 -118.48305500
33.44464170 -118.48305520
33.44464220 -118.48311670
33.44463860 -118.48311670
33.44463770 -118.48301510
33.44461850 -118.48301540
33.44461820 -118.48298890
33.44462180 -118.48298890
33.44462120 -118.48292200
33.44460410 -118.48292230
33.44455870 -118.48295800
33.44455990 -118.48298880
33.44452670 -118.48299070
33.44452780 -118.48301990
33.44461470 -118.48301490
33.44461520 -118.48302570
33.44459140 -118.48302710
33.44459280 -118.48306070
33.44461510 -118.48305940
33.44461740 -118.48311620
33.44455790 -118.48311960
33.44455680 -118.48309270
33.44452840 -118.48309440
33.44452810 -118.48325860
33.44467270 -118.48325680
5 7.59999990 residential 
33.37351770 -118.35539350
33.37362400 -118.35544110
33.37368190 -118.35525730
33.37357560 -118.35520970
33.37351770 -118.35539350
5 3.29999995 residential 
33.35491730 -118.43950060
33.35481470 -118.43953400
33.35486680 -118.43976170
33.35496940 -118.43972830
33.35491730 -118.43950060
11 5.40000010 residential 
33.36189800 -118.37156610
33.36189660 -118.37156230
33.36205080 -118.37148080
33.36202550 -118.37141290
33.36187080 -118.37149470
33.36185420 -118.37145000
33.36175790 -118.37150100
33.36176280 -118.37151420
33.36171690 -118.37153840
33.36175530 -118.37164160
33.36189800 -118.37156610
44 12.89999962 residential 
33.40325050 -118.41475330
33.40322780 -118.41477580
33.40320170 -118.41473830
33.40319710 -118.41474280
33.40317040 -118.41470440
33.40316430 -118.41471050
33.40315940 -118.41470350
33.40313010 -118.41473260
33.40297670 -118.41473320
33.40288340 -118.41477130
33.40288720 -118.41478460
33.40287590 -118.41478910
33.40289910 -118.41487000
33.40291120 -118.41486510
33.40292540 -118.41491450
33.40300160 -118.41488340
33.40310400 -118.41488410
33.40318760 -118.41500460
33.40323270 -118.41504320
33.40315040 -118.41518020
33.40320630 -118.41522800
33.40330930 -118.41505660
33.40325370 -118.41500900
33.40325030 -118.41501460
33.40320910 -118.41497930
33.40317440 -118.41493030
33.40318250 -118.41492220
33.40320990 -118.41496080
33.40321330 -118.41495740
33.40321810 -118.41496420
33.40324800 -118.41493400
33.40324390 -118.41492810
33.40324910 -118.41492290
33.40322720 -118.41489200
33.40325610 -118.41486290
33.40326740 -118.41487880
33.40327230 -118.41487380
33.40328240 -118.41488800
33.40328680 -118.41488350
33.40329090 -118.41488930
33.40331870 -118.41486130
33.40331630 -118.41485790
33.40332050 -118.41485370
33.40325050 -118.41475330
17 7.00000000 residential 
33.44526210 -118.48012710
33.44526490 -118.48012710
33.44526520 -118.48007290
33.44526340 -118.48007290
33.44526350 -118.48005240
33.44525590 -118.48005230
33.44525610 -118.48002110
33.44525960 -118.48002120
33.44525990 -118.47997650
33.44525530 -118.47997640
33.44525550 -118.47994410
33.44517610 -118.47994330
33.44517520 -118.48006550
33.44518510 -118.48006560
33.44518450 -118.48015700
33.44526190 -118.48015780
33.44526210 -118.48012710
5 3.50000000 residential 
33.38678790 -118.40107630
33.38682150 -118.40120870
33.38695420 -118.40116080
33.38692050 -118.40102840
33.38678790 -118.40107630
15 5.69999981 residential 
33.44547080 -118.47983490
33.44546260 -118.47984260
33.44541680 -118.47977340
33.44541470 -118.47977530
33.44540610 -118.47976240
33.44534540 -118.47981960
33.44540200 -118.47990520
33.44541040 -118.47989720
33.44546580 -118.47998100
33.44549990 -118.47994890
33.44549810 -118.47994610
33.44552480 -118.47992100
33.44551760 -118.47991010
33.44551930 -118.47990840
33.44547080 -118.47983490
11 3.00000000 residential 
33.42795680 -118.44042200
33.42794150 -118.44048490
33.42791110 -118.44047430
33.42790170 -118.44051270
33.42790880 -118.44051510
33.42790240 -118.44054130
33.42799260 -118.44057270
33.42799870 -118.44054770
33.42802900 -118.44055820
33.42805410 -118.44045580
33.42795680 -118.44042200
15 5.59999990 residential 
33.44523060 -118.48106930
33.44519690 -118.48108550
33.44516890 -118.48100260
33.44513370 -118.48101950
33.44512990 -118.48100840
33.44509030 -118.48102740
33.44512330 -118.48112520
33.44516760 -118.48110390
33.44517290 -118.48111970
33.44516480 -118.48112360
33.44519310 -118.48120750
33.44523160 -118.48118900
33.44522660 -118.48117390
33.44526040 -118.48115760
33.44523060 -118.48106930
13 6.00000000 residential 
33.36881150 -118.34828400
33.36875490 -118.34829550
33.36872460 -118.34835940
33.36871450 -118.34836380
33.36872840 -118.34843890
33.36878620 -118.34848140
33.36878790 -118.34846870
33.36884450 -118.34845460
33.36887530 -118.34839770
33.36888700 -118.34839850
33.36887210 -118.34831760
33.36881320 -118.34827320
33.36881150 -118.34828400
15 5.30000019 residential 
33.38548670 -118.45228910
33.38546160 -118.45236330
33.38547480 -118.45236970
33.38546190 -118.45240770
33.38550930 -118.45243060
33.38549240 -118.45248060
33.38553990 -118.45250360
33.38556830 -118.45241940
33.38555430 -118.45241260
33.38555170 -118.45242050
33.38554180 -118.45241570
33.38554590 -118.45240350
33.38557840 -118.45241920
33.38560330 -118.45234560
33.38548670 -118.45228910
9 7.40000010 residential 
33.40598170 -118.36969510
33.40597580 -118.36970000
33.40596700 -118.36968490
33.40592200 -118.36972220
33.40593050 -118.36973680
33.40592410 -118.36974200
33.40601000 -118.36988910
33.40606720 -118.36984160
33.40598170 -118.36969510
7 4.50000000 residential 
33.40585260 -118.37033500
33.40583400 -118.37030420
33.40580250 -118.37029280
33.40577350 -118.37034270
33.40579200 -118.37037210
33.40582270 -118.37038380
33.40585260 -118.37033500
9 7.40000010 residential 
33.40612880 -118.37150400
33.40613380 -118.37151750
33.40613000 -118.37151950
33.40616950 -118.37162500
33.40633620 -118.37153630
33.40629620 -118.37142960
33.40629310 -118.37143120
33.40628850 -118.37141900
33.40612880 -118.37150400
7 3.40000010 residential 
33.40423600 -118.36958870
33.40425950 -118.36961000
33.40429030 -118.36960730
33.40430460 -118.36953960
33.40428240 -118.36952180
33.40425120 -118.36952450
33.40423600 -118.36958870
7 4.40000010 residential 
33.40574970 -118.37023670
33.40572020 -118.37022640
33.40569410 -118.37027780
33.40571140 -118.37030080
33.40574590 -118.37031110
33.40577080 -118.37026120
33.40574970 -118.37023670
13 5.19999981 residential 
33.37473480 -118.35434320
33.37474190 -118.35435140
33.37473740 -118.35435690
33.37478050 -118.35440670
33.37485040 -118.35432060
33.37484460 -118.35431400
33.37485260 -118.35430420
33.37482080 -118.35426750
33.37481360 -118.35427630
33.37480830 -118.35427030
33.37480490 -118.35427450
33.37479750 -118.35426600
33.37473480 -118.35434320
7 4.00000000 residential 
33.40441740 -118.36956440
33.40444700 -118.36955610
33.40446360 -118.36952560
33.40443150 -118.36947050
33.40440370 -118.36948030
33.40438610 -118.36950720
33.40441740 -118.36956440
7 5.00000000 residential 
33.40454940 -118.36932950
33.40452530 -118.36934790
33.40451490 -118.36938150
33.40456280 -118.36942080
33.40458690 -118.36940240
33.40459440 -118.36936920
33.40454940 -118.36932950
11 2.90000010 residential 
33.44471980 -118.48300020
33.44469430 -118.48300070
33.44469480 -118.48303610
33.44468520 -118.48303630
33.44468550 -118.48305500
33.44469300 -118.48305490
33.44469400 -118.48312970
33.44468540 -118.48312980
33.44468580 -118.48316730
33.44472190 -118.48316670
33.44471980 -118.48300020
17 6.40000010 residential 
33.44519890 -118.48139590
33.44518460 -118.48135460
33.44526210 -118.48131660
33.44524820 -118.48127650
33.44526010 -118.48127070
33.44524380 -118.48122330
33.44515740 -118.48126600
33.44515790 -118.48126760
33.44515040 -118.48127120
33.44516270 -118.48130690
33.44511840 -118.48132860
33.44512020 -118.48133380
33.44507480 -118.48135610
33.44508940 -118.48139840
33.44510140 -118.48139250
33.44511650 -118.48143630
33.44519890 -118.48139590
5 3.20000005 residential 
33.44687730 -118.50214700
33.44686380 -118.50220380
33.44692190 -118.50222350
33.44693540 -118.50216670
33.44687730 -118.50214700
5 4.69999981 residential 
33.46037030 -118.52365730
33.46034100 -118.52371210
33.46039670 -118.52375450
33.46042600 -118.52369960
33.46037030 -118.52365730
5 5.19999981 residential 
33.46085270 -118.52347830
33.46083680 -118.52341680
33.46076360 -118.52344380
33.46077950 -118.52350530
33.46085270 -118.52347830
5 9.00000000 residential 
33.44712530 -118.50330800
33.44708300 -118.50329320
33.44709890 -118.50322780
33.44714130 -118.50324260
33.44712530 -118.50330800
5 3.59999990 residential 
33.46099730 -118.52442130
33.46095240 -118.52439420
33.46091820 -118.52447490
33.46096310 -118.52450200
33.46099730 -118.52442130
5 4.90000010 residential 
33.45109030 -118.50582050
33.45102510 -118.50582800
33.45103810 -118.50598830
33.45110330 -118.50598080
33.45109030 -118.50582050
5 3.59999990 residential 
33.46219700 -118.52329530
33.46224310 -118.52332570
33.46228200 -118.52324160
33.46223590 -118.52321130
33.46219700 -118.52329530
5 9.00000000 residential 
33.44699530 -118.50184580
33.44691170 -118.50183410
33.44693080 -118.50163880
33.44701440 -118.50165050
33.44699530 -118.50184580
5 4.90000010 residential 
33.46048010 -118.52345130
33.46045220 -118.52350520
33.46050940 -118.52354750
33.46053740 -118.52349360
33.46048010 -118.52345130
5 2.90000010 residential 
33.45043560 -118.50398080
33.45040850 -118.50397730
33.45039400 -118.50411000
33.45042110 -118.50411350
33.45043560 -118.50398080
9 4.00000000 residential 
33.44710530 -118.50277050
33.44706320 -118.50277620
33.44706490 -118.50279450
33.44705620 -118.50279570
33.44705870 -118.50282120
33.44706720 -118.50282010
33.44706900 -118.50283950
33.44711130 -118.50283380
33.44710530 -118.50277050
10 9.00000000 residential Wrigley Memorial
33.32358640 -118.34208780
33.32350670 -118.34215640
33.32345430 -118.34212960
33.32342420 -118.34200290
33.32340770 -118.34193550
33.32347270 -118.34189020
33.32347970 -118.34191310
33.32348630 -118.34192970
33.32350960 -118.34191340
33.32358640 -118.34208780
9 3.79999995 residential 
33.46051210 -118.52454490
33.46055370 -118.52457990
33.46059740 -118.52450610
33.46059430 -118.52450340
33.46059950 -118.52449460
33.46056370 -118.52446440
33.46055870 -118.52447290
33.46055600 -118.52447060
33.46051210 -118.52454490
9 3.79999995 residential 
33.45120430 -118.50623410
33.45119740 -118.50623380
33.45119800 -118.50621670
33.45115400 -118.50621450
33.45115340 -118.50623080
33.45114940 -118.50623060
33.45114530 -118.50634710
33.45120030 -118.50634980
33.45120430 -118.50623410
5 4.19999981 residential Ranger House
33.32949680 -118.33859890
33.32955800 -118.33863720
33.32961740 -118.33850250
33.32955610 -118.33846410
33.32949680 -118.33859890
5 4.59999990 residential 
33.46209280 -118.52311890
33.46204560 -118.52308790
33.46200830 -118.52316870
33.46205540 -118.52319970
33.46209280 -118.52311890
5 4.80000019 residential 
33.46044380 -118.52352030
33.46041480 -118.52357430
33.46047080 -118.52361720
33.46049990 -118.52356330
33.46044380 -118.52352030
5 9.00000000 residential 
33.45074980 -118.50397230
33.45069940 -118.50396800
33.45070340 -118.50390100
33.45075380 -118.50390530
33.45074980 -118.50397230
11 3.59999990 industrial 
33.46910660 -118.53240130
33.46911660 -118.53250380
33.46914870 -118.53249940
33.46915160 -118.53252970
33.46924270 -118.53251710
33.46924930 -118.53248620
33.46925380 -118.53248560
33.46924690 -118.53241460
33.46920820 -118.53241990
33.46920500 -118.53238770
33.46910660 -118.53240130
9 4.50000000 residential 
33.46059360 -118.52458130
33.46062670 -118.52460960
33.46065510 -118.52456220
33.46065190 -118.52455950
33.46065910 -118.52454760
33.46063160 -118.52452420
33.46062150 -118.52454120
33.46061890 -118.52453900
33.46059360 -118.52458130
13 4.00000000 residential 
33.46176070 -118.52340830
33.46176960 -118.52339410
33.46173110 -118.52335990
33.46172260 -118.52337350
33.46171120 -118.52336340
33.46167230 -118.52342570
33.46170910 -118.52345830
33.46169580 -118.52347970
33.46171920 -118.52350040
33.46173150 -118.52348060
33.46173970 -118.52348790
33.46177920 -118.52342470
33.46176070 -118.52340830
5 4.40000010 residential 
33.45018740 -118.50466140
33.45015490 -118.50465940
33.45015100 -118.50474040
33.45018340 -118.50474240
33.45018740 -118.50466140
5 3.50000000 residential 
33.46925840 -118.53201660
33.46918100 -118.53202570
33.46919280 -118.53216890
33.46927020 -118.53215980
33.46925840 -118.53201660
9 4.19999981 residential 
33.46153050 -118.52280650
33.46159270 -118.52286300
33.46162960 -118.52280510
33.46162410 -118.52280000
33.46162140 -118.52276990
33.46159450 -118.52274830
33.46156980 -118.52275350
33.46156640 -118.52275020
33.46153050 -118.52280650
9 11.10000038 residential Hanger
33.40219320 -118.41480450
33.40207150 -118.41481380
33.40207330 -118.41484730
33.40190700 -118.41485990
33.40192150 -118.41513100
33.40208750 -118.41511830
33.40208940 -118.41515380
33.40221140 -118.41514460
33.40219320 -118.41480450
5 4.40000010 residential 
33.46067350 -118.52311320
33.46068850 -118.52317190
33.46076320 -118.52314460
33.46074820 -118.52308590
33.46067350 -118.52311320
5 9.00000000 residential 
33.45046040 -118.50379250
33.45034130 -118.50379100
33.45034220 -118.50369550
33.45046130 -118.50369700
33.45046040 -118.50379250
6 7.09999990 residential 
33.46814470 -118.53120940
33.46805010 -118.53115190
33.46800200 -118.53123250
33.46794300 -118.53134300
33.46804300 -118.53140860
33.46814470 -118.53120940
11 3.40000010 residential 
33.45104040 -118.50639240
33.45100530 -118.50638020
33.45099350 -118.50642870
33.45091680 -118.50640220
33.45090750 -118.50644040
33.45089030 -118.50643440
33.45088030 -118.50647530
33.45097430 -118.50650790
33.45097070 -118.50652250
33.45100570 -118.50653470
33.45104040 -118.50639240
5 4.59999990 residential 
33.46088520 -118.52282910
33.46085590 -118.52288370
33.46092250 -118.52293460
33.46095190 -118.52287990
33.46088520 -118.52282910
9 4.00000000 residential 
33.44677010 -118.50260510
33.44676390 -118.50259970
33.44677290 -118.50258480
33.44675010 -118.50256510
33.44674200 -118.50257840
33.44673500 -118.50257230
33.44669210 -118.50264280
33.44672820 -118.50267400
33.44677010 -118.50260510
13 5.59999990 commercial 
33.46959420 -118.53188960
33.46954330 -118.53187830
33.46954760 -118.53185060
33.46943630 -118.53182600
33.46942310 -118.53191040
33.46944050 -118.53191430
33.46943430 -118.53195420
33.46941660 -118.53195020
33.46940320 -118.53203620
33.46951400 -118.53206070
33.46951800 -118.53203500
33.46956980 -118.53204640
33.46959420 -118.53188960
5 5.00000000 residential 
33.46032070 -118.52372930
33.46029190 -118.52378480
33.46035660 -118.52383260
33.46038540 -118.52377710
33.46032070 -118.52372930
7 4.30000019 residential 
33.40188310 -118.41471490
33.40191660 -118.41480020
33.40207440 -118.41471230
33.40205610 -118.41466550
33.40204500 -118.41467170
33.40202990 -118.41463320
33.40188310 -118.41471490
13 5.40000010 residential 
33.46078160 -118.52387880
33.46069540 -118.52401970
33.46077690 -118.52409070
33.46077350 -118.52409630
33.46080910 -118.52412740
33.46081170 -118.52412320
33.46085360 -118.52415960
33.46088840 -118.52410270
33.46087150 -118.52408810
33.46091040 -118.52402460
33.46090620 -118.52402090
33.46092040 -118.52399980
33.46078160 -118.52387880
5 3.09999990 residential 
33.45118490 -118.50389370
33.45115070 -118.50388960
33.45113410 -118.50408710
33.45116820 -118.50409130
33.45118490 -118.50389370
5 3.90000010 residential 
33.46104490 -118.52426480
33.46099120 -118.52423220
33.46096490 -118.52429400
33.46101860 -118.52432660
33.46104490 -118.52426480
5 3.00000000 residential 
33.45097030 -118.50726130
33.45094080 -118.50726230
33.45094590 -118.50747990
33.45097530 -118.50747900
33.45097030 -118.50726130
5 3.09999990 residential 
33.46234540 -118.52327850
33.46229890 -118.52325070
33.46226410 -118.52333370
33.46231050 -118.52336150
33.46234540 -118.52327850
26 6.40000010 residential 
33.43080420 -118.50536780
33.43083250 -118.50534920
33.43082990 -118.50535440
33.43082940 -118.50536080
33.43083390 -118.50536660
33.43084100 -118.50536560
33.43084370 -118.50536250
33.43086800 -118.50541360
33.43088880 -118.50539950
33.43087720 -118.50539530
33.43089510 -118.50532500
33.43094120 -118.50529230
33.43101110 -118.50531740
33.43101770 -118.50531290
33.43093510 -118.50513960
33.43092830 -118.50514420
33.43091070 -118.50522310
33.43086360 -118.50525580
33.43083990 -118.50524880
33.43082620 -118.50522220
33.43080030 -118.50524110
33.43080270 -118.50524580
33.43079310 -118.50525290
33.43079780 -118.50526200
33.43076600 -118.50528530
33.43080420 -118.50536780
5 4.90000010 residential 
33.46028000 -118.52380520
33.46025200 -118.52385690
33.46031580 -118.52390620
33.46034390 -118.52385450
33.46028000 -118.52380520
19 19.10000038 residential Catalina Island Yacht Club
33.34691780 -118.32723810
33.34689450 -118.32724210
33.34688570 -118.32716960
33.34682230 -118.32718050
33.34681370 -118.32710960
33.34674670 -118.32712120
33.34676420 -118.32726550
33.34676130 -118.32726610
33.34678530 -118.32746330
33.34681660 -118.32745790
33.34681570 -118.32745080
33.34686900 -118.32744160
33.34687100 -118.32745820
33.34690320 -118.32745270
33.34690150 -118.32743800
33.34690840 -118.32743680
33.34691010 -118.32745100
33.34694300 -118.32744540
33.34691780 -118.32723810
9 4.59999990 residential 
33.44708330 -118.50259610
33.44704620 -118.50262360
33.44705390 -118.50263840
33.44704630 -118.50264400
33.44705870 -118.50266770
33.44706760 -118.50266120
33.44707550 -118.50267640
33.44711130 -118.50264980
33.44708330 -118.50259610
11 3.09999990 residential 
33.46106090 -118.52447830
33.46102160 -118.52458030
33.46102750 -118.52458350
33.46102550 -118.52458860
33.46107510 -118.52461580
33.46108650 -118.52458620
33.46109270 -118.52458960
33.46111510 -118.52453150
33.46110860 -118.52452800
33.46111610 -118.52450860
33.46106090 -118.52447830
79 39.70000076 commercial Catalina Casino
33.34911900 -118.32586420
33.34913540 -118.32581730
33.34914370 -118.32577430
33.34914680 -118.32574380
33.34914650 -118.32570680
33.34914110 -118.32566160
33.34912870 -118.32560990
33.34910960 -118.32556530
33.34908450 -118.32552520
33.34906780 -118.32550450
33.34903540 -118.32547470
33.34900670 -118.32545290
33.34896600 -118.32543390
33.34891580 -118.32542190
33.34886520 -118.32542200
33.34882240 -118.32543250
33.34877740 -118.32545340
33.34873980 -118.32548420
33.34869310 -118.32553780
33.34866450 -118.32559320
33.34864790 -118.32564640
33.34863970 -118.32570310
33.34864170 -118.32576180
33.34865200 -118.32581980
33.34867190 -118.32587020
33.34867990 -118.32586560
33.34871060 -118.32598090
33.34867200 -118.32613160
33.34868250 -118.32613540
33.34868450 -118.32612760
33.34873370 -118.32614560
33.34873190 -118.32615260
33.34874820 -118.32615850
33.34875190 -118.32614380
33.34874640 -118.32614180
33.34875260 -118.32611760
33.34875880 -118.32611980
33.34876190 -118.32610780
33.34875610 -118.32610570
33.34876670 -118.32606430
33.34877210 -118.32606620
33.34877300 -118.32606240
33.34882770 -118.32608060
33.34886740 -118.32608800
33.34890870 -118.32608900
33.34894250 -118.32608560
33.34897740 -118.32607750
33.34899530 -118.32607080
33.34902920 -118.32605150
33.34903650 -118.32607560
33.34904400 -118.32607230
33.34906170 -118.32613040
33.34905620 -118.32613280
33.34906030 -118.32614610
33.34907550 -118.32613950
33.34907370 -118.32613370
33.34912130 -118.32611320
33.34912320 -118.32611930
33.34913920 -118.32611240
33.34913520 -118.32609940
33.34913050 -118.32610150
33.34912340 -118.32607830
33.34912870 -118.32607610
33.34912450 -118.32606220
33.34912020 -118.32606410
33.34910810 -118.32602430
33.34911250 -118.32602240
33.34910890 -118.32601040
33.34910420 -118.32601240
33.34909240 -118.32597380
33.34909730 -118.32597180
33.34909330 -118.32595890
33.34908960 -118.32596050
33.34908000 -118.32592890
33.34908430 -118.32592710
33.34908180 -118.32591900
33.34909460 -118.32591350
33.34910970 -118.32588310
33.34911900 -118.32586420
13 4.59999990 residential Mess Hall
33.45081660 -118.50604010
33.45081640 -118.50601850
33.45074380 -118.50601940
33.45074400 -118.50603720
33.45061250 -118.50603900
33.45061340 -118.50614050
33.45070980 -118.50613920
33.45071050 -118.50621830
33.45088710 -118.50621600
33.45088640 -118.50613900
33.45094970 -118.50613820
33.45094870 -118.50603830
33.45081660 -118.50604010
5 2.70000005 residential 
33.46195820 -118.52338210
33.46200470 -118.52341470
33.46204360 -118.52333570
33.46199720 -118.52330300
33.46195820 -118.52338210
5 4.80000019 residential 
33.46040710 -118.52358950
33.46037860 -118.52364100
33.46043420 -118.52368480
33.46046290 -118.52363350
33.46040710 -118.52358950
5 4.50000000 residential 
33.45036760 -118.50457140
33.45033350 -118.50457440
33.45034160 -118.50470740
33.45037570 -118.50470440
33.45036760 -118.50457140
5 9.00000000 residential 
33.45093780 -118.51014750
33.45083420 -118.51014860
33.45083330 -118.51003480
33.45093870 -118.51003590
33.45093780 -118.51014750
5 3.59999990 residential 
33.46083930 -118.52441510
33.46081150 -118.52447820
33.46085570 -118.52450590
33.46088340 -118.52444280
33.46083930 -118.52441510
5 4.80000019 residential 
33.32834370 -118.33964850
33.32831800 -118.33972140
33.32840570 -118.33976530
33.32843140 -118.33969230
33.32834370 -118.33964850
9 13.30000019 residential 
33.34414410 -118.32446840
33.34414920 -118.32447600
33.34413650 -118.32448790
33.34416290 -118.32452750
33.34417510 -118.32451600
33.34418020 -118.32452370
33.34426610 -118.32444230
33.34422950 -118.32438750
33.34414410 -118.32446840
5 4.40000010 residential 
33.45026230 -118.50490940
33.45029560 -118.50490540
33.45028940 -118.50482640
33.45025610 -118.50482940
33.45026230 -118.50490940
5 3.70000005 residential 
33.46182190 -118.52312530
33.46179130 -118.52318290
33.46185520 -118.52323110
33.46188570 -118.52317350
33.46182190 -118.52312530
5 4.80000019 residential 
33.46083090 -118.52339590
33.46081490 -118.52333390
33.46074260 -118.52336050
33.46075860 -118.52342250
33.46083090 -118.52339590
5 9.00000000 residential 
33.45046370 -118.50391070
33.45041730 -118.50390380
33.45042370 -118.50384210
33.45047000 -118.50384900
33.45046370 -118.50391070
5 5.80000019 residential 
33.46846790 -118.53143500
33.46837730 -118.53141070
33.46834910 -118.53156080
33.46843960 -118.53157990
33.46846790 -118.53143500
5 3.70000005 residential 
33.45098020 -118.51042920
33.45081790 -118.51039460
33.45079700 -118.51053450
33.45095920 -118.51056910
33.45098020 -118.51042920
5 4.69999981 residential 
33.46087690 -118.52373310
33.46080350 -118.52385570
33.46093470 -118.52396750
33.46100810 -118.52384490
33.46087690 -118.52373310
5 4.19999981 residential 
33.44706850 -118.50191870
33.44700750 -118.50185090
33.44693000 -118.50195020
33.44699100 -118.50201800
33.44706850 -118.50191870
5 3.59999990 residential 
33.46192490 -118.52325420
33.46187930 -118.52322470
33.46184860 -118.52329190
33.46189370 -118.52332270
33.46192490 -118.52325420
5 4.09999990 residential 
33.40382380 -118.41412900
33.40389190 -118.41416020
33.40394180 -118.41400550
33.40387360 -118.41397420
33.40382380 -118.41412900
5 4.90000010 residential 
33.46089580 -118.52364470
33.46087940 -118.52358160
33.46080850 -118.52360780
33.46082480 -118.52367090
33.46089580 -118.52364470
9 3.90000010 residential 
33.44712330 -118.50293510
33.44707980 -118.50294010
33.44708120 -118.50295700
33.44707230 -118.50295800
33.44707460 -118.50298630
33.44708320 -118.50298530
33.44708490 -118.50300590
33.44712870 -118.50300070
33.44712330 -118.50293510
9 2.90000010 residential 
33.45097340 -118.50774070
33.45108200 -118.50774440
33.45108260 -118.50771760
33.45097370 -118.50771390
33.45097400 -118.50769990
33.45094490 -118.50769890
33.45093850 -118.50796860
33.45096790 -118.50796960
33.45097340 -118.50774070
5 4.30000019 residential 
33.46215520 -118.52316310
33.46210970 -118.52313170
33.46207110 -118.52321140
33.46211660 -118.52324270
33.46215520 -118.52316310
22 5.90000010 residential 
33.44725450 -118.50174480
33.44727930 -118.50175940
33.44727530 -118.50176920
33.44729160 -118.50177880
33.44729500 -118.50177060
33.44731670 -118.50178340
33.44733820 -118.50173140
33.44741440 -118.50177640
33.44745420 -118.50168030
33.44744820 -118.50167670
33.44745290 -118.50166540
33.44743630 -118.50165560
33.44743140 -118.50166730
33.44737950 -118.50163680
33.44740180 -118.50158320
33.44733730 -118.50154510
33.44731200 -118.50153100
33.44727960 -118.50152280
33.44724620 -118.50153510
33.44722560 -118.50155510
33.44717160 -118.50169340
33.44725450 -118.50174480
13 4.69999981 residential 
33.46047410 -118.52440720
33.46047150 -118.52440500
33.46047800 -118.52439380
33.46044590 -118.52436700
33.46043950 -118.52437780
33.46043280 -118.52437230
33.46039380 -118.52443880
33.46040000 -118.52444390
33.46039240 -118.52445680
33.46042090 -118.52448070
33.46042790 -118.52446880
33.46043460 -118.52447450
33.46047410 -118.52440720
5 4.90000010 residential 
33.46087560 -118.52356150
33.46085910 -118.52349820
33.46078590 -118.52352540
33.46080240 -118.52358870
33.46087560 -118.52356150
9 4.69999981 residential 
33.44698140 -118.50253660
33.44697260 -118.50258310
33.44698320 -118.50258600
33.44698080 -118.50259880
33.44700960 -118.50260640
33.44701150 -118.50259590
33.44702410 -118.50259920
33.44703330 -118.50255040
33.44698140 -118.50253660
5 3.20000005 residential 
33.45975240 -118.52415790
33.45974170 -118.52424500
33.45980670 -118.52425630
33.45981730 -118.52416910
33.45975240 -118.52415790
5 4.80000019 residential 
33.45014830 -118.50473840
33.45015190 -118.50465940
33.45011890 -118.50465740
33.45011530 -118.50473640
33.45014830 -118.50473840
5 4.50000000 residential 
33.46195540 -118.52304460
33.46191110 -118.52301540
33.46187930 -118.52308410
33.46192360 -118.52311330
33.46195540 -118.52304460
7 6.00000000 residential 
33.44686520 -118.50144850
33.44681600 -118.50147550
33.44683330 -118.50152030
33.44680380 -118.50153640
33.44683800 -118.50162500
33.44691670 -118.50158180
33.44686520 -118.50144850
7 3.70000005 residential 
33.46058420 -118.52339160
33.46053910 -118.52335230
33.46050270 -118.52341180
33.46052630 -118.52343230
33.46051820 -118.52344560
33.46053980 -118.52346440
33.46058420 -118.52339160
5 4.80000019 residential 
33.45032680 -118.50482140
33.45029370 -118.50482540
33.45029940 -118.50490440
33.45033250 -118.50490140
33.45032680 -118.50482140
7 9.00000000 residential 
33.44458510 -118.48269730
33.44452900 -118.48278630
33.44442900 -118.48275180
33.44440330 -118.48263380
33.44446240 -118.48254840
33.44455480 -118.48257200
33.44458510 -118.48269730
23 5.30000019 commercial 
33.46877970 -118.53202260
33.46879620 -118.53222610
33.46881000 -118.53222450
33.46881400 -118.53227410
33.46888490 -118.53226580
33.46889910 -118.53244110
33.46890550 -118.53244030
33.46890770 -118.53246810
33.46897950 -118.53245980
33.46897720 -118.53243170
33.46902180 -118.53242650
33.46901870 -118.53238810
33.46905740 -118.53238360
33.46904880 -118.53227700
33.46905750 -118.53227600
33.46905560 -118.53225220
33.46909450 -118.53224760
33.46907390 -118.53199190
33.46896660 -118.53200430
33.46897340 -118.53208810
33.46888700 -118.53209810
33.46887990 -118.53201100
33.46877970 -118.53202260
13 11.89999962 residential Tuna Club
33.34562490 -118.32700720
33.34584150 -118.32712300
33.34589670 -118.32697680
33.34589420 -118.32697540
33.34590940 -118.32693490
33.34586900 -118.32691330
33.34585450 -118.32695190
33.34585170 -118.32695040
33.34585030 -118.32695410
33.34572670 -118.32688800
33.34572810 -118.32688430
33.34568080 -118.32685890
33.34562490 -118.32700720
5 3.50000000 residential 
33.44700130 -118.50238300
33.44699350 -118.50243390
33.44704670 -118.50244540
33.44705450 -118.50239450
33.44700130 -118.50238300
9 3.50000000 residential 
33.46053270 -118.52444690
33.46052850 -118.52444320
33.46053450 -118.52443340
33.46050340 -118.52440630
33.46048350 -118.52443890
33.46049180 -118.52444610
33.46045870 -118.52450010
33.46048580 -118.52452360
33.46053270 -118.52444690
5 4.09999990 residential 
33.45025960 -118.50466740
33.45022700 -118.50466440
33.45022230 -118.50474340
33.45025480 -118.50474640
33.45025960 -118.50466740
5 3.90000010 residential Ranger Station
33.32913130 -118.33841600
33.32917550 -118.33846890
33.32924430 -118.33838740
33.32920020 -118.33833440
33.32913130 -118.33841600
5 4.59999990 residential 
33.46201870 -118.52308610
33.46197400 -118.52305650
33.46194160 -118.52312610
33.46198630 -118.52315580
33.46201870 -118.52308610
13 9.10000038 residential Nature Center
33.32979580 -118.33721440
33.32983650 -118.33724500
33.32980080 -118.33731250
33.32986970 -118.33736440
33.32990510 -118.33729760
33.32994420 -118.33732690
33.33006430 -118.33710030
33.33000000 -118.33705200
33.32997400 -118.33710110
33.32993820 -118.33707410
33.32996380 -118.33702580
33.32991510 -118.33698930
33.32979580 -118.33721440
5 4.69999981 residential 
33.46080970 -118.52331340
33.46079460 -118.52325430
33.46072200 -118.52328070
33.46073710 -118.52333970
33.46080970 -118.52331340
5 3.09999990 residential 
33.45105450 -118.50390040
33.45105950 -118.50384810
33.45097190 -118.50383640
33.45096640 -118.50388860
33.45105450 -118.50390040
9 5.40000010 commercial 
33.46907480 -118.53288660
33.46916950 -118.53291260
33.46920790 -118.53271320
33.46919290 -118.53270910
33.46919450 -118.53267910
33.46913970 -118.53267510
33.46913870 -118.53269520
33.46911310 -118.53268770
33.46907480 -118.53288660
17 4.69999981 residential 
33.46184780 -118.52361920
33.46179460 -118.52370220
33.46180040 -118.52370750
33.46179200 -118.52372050
33.46178980 -118.52371850
33.46176790 -118.52375270
33.46180660 -118.52378800
33.46181530 -118.52377430
33.46182290 -118.52378130
33.46184990 -118.52373930
33.46186550 -118.52375360
33.46189430 -118.52370870
33.46188500 -118.52370030
33.46189700 -118.52368150
33.46189040 -118.52367540
33.46189740 -118.52366450
33.46184780 -118.52361920
5 4.50000000 residential 
33.45022370 -118.50466440
33.45019050 -118.50466140
33.45018610 -118.50474240
33.45021930 -118.50474540
33.45022370 -118.50466440
9 4.09999990 residential 
33.44693760 -118.50204080
33.44693380 -118.50206630
33.44695830 -118.50207150
33.44694400 -118.50213670
33.44696490 -118.50214330
33.44697970 -118.50207630
33.44698280 -118.50207730
33.44698850 -118.50205160
33.44693760 -118.50204080
5 3.29999995 residential 
33.46927120 -118.53218670
33.46920030 -118.53219520
33.46920790 -118.53228660
33.46927880 -118.53227810
33.46927120 -118.53218670
5 3.79999995 residential 
33.46190050 -118.52334400
33.46194760 -118.52337460
33.46198540 -118.52329170
33.46193850 -118.52326070
33.46190050 -118.52334400
5 4.50000000 residential 
33.46078660 -118.52322890
33.46077150 -118.52316960
33.46069910 -118.52319580
33.46071420 -118.52325510
33.46078660 -118.52322890
9 4.90000010 residential 
33.44708490 -118.50310460
33.44704940 -118.50307590
33.44704040 -118.50309170
33.44703490 -118.50308720
33.44701970 -118.50311400
33.44702560 -118.50311880
33.44701900 -118.50313050
33.44705410 -118.50315880
33.44708490 -118.50310460
5 5.00000000 residential 
33.45070600 -118.50639850
33.45059250 -118.50641730
33.45062230 -118.50667190
33.45073580 -118.50665300
33.45070600 -118.50639850
5 4.19999981 residential 
33.46221970 -118.52320120
33.46217180 -118.52317200
33.46213750 -118.52325210
33.46218540 -118.52328130
33.46221970 -118.52320120
8 10.30000019 residential Hotel Mac Rae
33.34335910 -118.32602960
33.34338080 -118.32606390
33.34338840 -118.32605710
33.34346710 -118.32618140
33.34377240 -118.32589990
33.34365450 -118.32575600
33.34365170 -118.32575920
33.34335910 -118.32602960
7 5.80000019 residential 
33.34190310 -118.32562250
33.34187860 -118.32564420
33.34190270 -118.32568280
33.34198400 -118.32561090
33.34189950 -118.32547540
33.34184270 -118.32552570
33.34190310 -118.32562250
17 5.59999990 residential 
33.34216430 -118.32562900
33.34217000 -118.32562370
33.34214690 -118.32558850
33.34214230 -118.32559290
33.34211670 -118.32555390
33.34209930 -118.32557010
33.34208820 -118.32555310
33.34206390 -118.32557580
33.34210410 -118.32563710
33.34210660 -118.32563480
33.34214020 -118.32568610
33.34214600 -118.32568070
33.34215550 -118.32569510
33.34218180 -118.32567060
33.34217350 -118.32565780
33.34217950 -118.32565210
33.34216430 -118.32562900
7 5.59999990 residential 
33.34214330 -118.32525520
33.34209030 -118.32530260
33.34211720 -118.32534520
33.34212310 -118.32533990
33.34218330 -118.32543530
33.34223030 -118.32539320
33.34214330 -118.32525520
10 9.30000019 residential 
33.34258220 -118.32483450
33.34248440 -118.32492620
33.34258990 -118.32508580
33.34260680 -118.32506990
33.34261320 -118.32507970
33.34266820 -118.32502810
33.34266050 -118.32501640
33.34268410 -118.32499420
33.34258620 -118.32484060
33.34258220 -118.32483450
5 8.69999981 residential Marlin Club
33.34299360 -118.32533120
33.34307820 -118.32546210
33.34313420 -118.32540960
33.34305010 -118.32527820
33.34299360 -118.32533120
31 8.39999962 commercial 
33.34255220 -118.32390970
33.34256030 -118.32393690
33.34256370 -118.32393540
33.34256690 -118.32394620
33.34256080 -118.32394880
33.34256550 -118.32396460
33.34257170 -118.32396200
33.34260350 -118.32406910
33.34257050 -118.32408300
33.34260030 -118.32418350
33.34260840 -118.32418010
33.34261590 -118.32419180
33.34249660 -118.32429980
33.34268070 -118.32458840
33.34270190 -118.32456930
33.34270590 -118.32457540
33.34283390 -118.32445950
33.34282980 -118.32445310
33.34283240 -118.32445070
33.34282060 -118.32442200
33.34282790 -118.32441780
33.34279280 -118.32435940
33.34279950 -118.32435790
33.34272090 -118.32414180
33.34272400 -118.32414020
33.34266880 -118.32393260
33.34265060 -118.32393950
33.34264100 -118.32390370
33.34265320 -118.32389910
33.34264560 -118.32387040
33.34255220 -118.32390970
11 10.50000000 commercial Catalina Island Conservancy
33.34238100 -118.32526820
33.34243210 -118.32522300
33.34242770 -118.32521600
33.34244070 -118.32520450
33.34242280 -118.32517560
33.34245550 -118.32514670
33.34244100 -118.32512330
33.34240890 -118.32515170
33.34234620 -118.32505090
33.34228140 -118.32510810
33.34238100 -118.32526820
10 8.30000019 commercial 
33.34277710 -118.32491420
33.34281400 -118.32487960
33.34283300 -118.32486230
33.34276220 -118.32475120
33.34273250 -118.32470670
33.34272800 -118.32471090
33.34272340 -118.32470380
33.34267570 -118.32474850
33.34267910 -118.32475350
33.34277710 -118.32491420
9 5.80000019 residential 
33.34292250 -118.32490050
33.34293800 -118.32492550
33.34302040 -118.32485330
33.34296270 -118.32473980
33.34295720 -118.32473860
33.34289200 -118.32459540
33.34279410 -118.32468730
33.34283870 -118.32475480
33.34292250 -118.32490050
8 9.10000038 commercial 
33.34243430 -118.32451220
33.34241160 -118.32457460
33.34241790 -118.32457640
33.34240700 -118.32460740
33.34249630 -118.32474980
33.34255590 -118.32469670
33.34243950 -118.32450760
33.34243430 -118.32451220
12 9.80000019 residential 
33.34201170 -118.32562280
33.34200220 -118.32563150
33.34199440 -118.32561940
33.34196150 -118.32564960
33.34204410 -118.32577710
33.34205830 -118.32577870
33.34207440 -118.32576500
33.34207330 -118.32575780
33.34208460 -118.32575000
33.34207490 -118.32573010
33.34207930 -118.32572710
33.34201170 -118.32562280
7 6.00000000 residential 
33.34196880 -118.32566950
33.34192130 -118.32571270
33.34197310 -118.32579360
33.34197850 -118.32578870
33.34200550 -118.32583100
33.34204770 -118.32579270
33.34196880 -118.32566950
5 10.39999962 residential 
33.34221280 -118.32519330
33.34215000 -118.32524690
33.34223370 -118.32538590
33.34229640 -118.32533230
33.34221280 -118.32519330
9 7.90000010 residential 
33.34250840 -118.32578860
33.34250220 -118.32579430
33.34251810 -118.32581910
33.34252480 -118.32581300
33.34258700 -118.32591000
33.34264320 -118.32585880
33.34256120 -118.32573090
33.34250450 -118.32578250
33.34250840 -118.32578860
7 7.80000019 residential 
33.34211430 -118.32549900
33.34216900 -118.32544820
33.34213560 -118.32539710
33.34214030 -118.32539280
33.34208010 -118.32530070
33.34202070 -118.32535570
33.34211430 -118.32549900
13 7.19999981 residential 
33.34211130 -118.32551460
33.34208370 -118.32547260
33.34207190 -118.32548350
33.34204060 -118.32543600
33.34202440 -118.32545110
33.34201110 -118.32543070
33.34198970 -118.32545070
33.34197810 -118.32543300
33.34191540 -118.32549150
33.34194620 -118.32553830
33.34194980 -118.32553500
33.34200290 -118.32561580
33.34211130 -118.32551460
13 5.19999981 residential 
33.34192540 -118.32572930
33.34188560 -118.32576480
33.34191540 -118.32581230
33.34191140 -118.32581580
33.34192430 -118.32583630
33.34192840 -118.32583270
33.34194670 -118.32586180
33.34195430 -118.32585500
33.34196320 -118.32586920
33.34198860 -118.32584660
33.34198070 -118.32583390
33.34198730 -118.32582800
33.34192540 -118.32572930
9 5.19999981 residential 
33.34224640 -118.32538520
33.34219720 -118.32542890
33.34222190 -118.32546830
33.34222640 -118.32546440
33.34223230 -118.32547380
33.34223040 -118.32547550
33.34228870 -118.32556850
33.34233530 -118.32552710
33.34224640 -118.32538520
5 7.30000019 commercial 
33.34254180 -118.32511980
33.34258110 -118.32508340
33.34248710 -118.32493890
33.34244740 -118.32497560
33.34254180 -118.32511980
11 5.50000000 residential 
33.34209970 -118.32574480
33.34214530 -118.32570380
33.34213290 -118.32568420
33.34212670 -118.32568970
33.34211620 -118.32567300
33.34212090 -118.32566880
33.34209870 -118.32563390
33.34209430 -118.32563780
33.34206000 -118.32558370
33.34202030 -118.32561940
33.34209970 -118.32574480
9 6.19999981 industrial 
33.34255590 -118.32469670
33.34261550 -118.32464370
33.34249720 -118.32445510
33.34248760 -118.32446360
33.34247500 -118.32444340
33.34244170 -118.32447300
33.34245480 -118.32449400
33.34243950 -118.32450760
33.34255590 -118.32469670
5 7.00000000 residential 
33.34230570 -118.32533100
33.34225180 -118.32537990
33.34234020 -118.32551820
33.34239410 -118.32546930
33.34230570 -118.32533100
5 5.50000000 apartments 
33.34241280 -118.32462750
33.34235470 -118.32467970
33.34243550 -118.32480730
33.34249360 -118.32475510
33.34241280 -118.32462750
7 5.69999981 apartments 
33.34235990 -118.32471800
33.34236680 -118.32471150
33.34234120 -118.32467190
33.34227490 -118.32473290
33.34236730 -118.32487520
33.34242650 -118.32482060
33.34235990 -118.32471800
7 8.19999981 commercial 
33.34258620 -118.32484060
33.34268410 -118.32499420
33.34268830 -118.32500050
33.34277840 -118.32491610
33.34277710 -118.32491420
33.34267910 -118.32475350
33.34258620 -118.32484060
11 4.90000010 residential 
33.34224450 -118.32550410
33.34223910 -118.32550880
33.34221280 -118.32546550
33.34220990 -118.32546790
33.34219330 -118.32544040
33.34215100 -118.32547680
33.34217260 -118.32551230
33.34217840 -118.32550730
33.34224190 -118.32561200
33.34228660 -118.32557350
33.34224450 -118.32550410
9 5.30000019 residential 
33.34211620 -118.32588170
33.34207080 -118.32592220
33.34213400 -118.32602280
33.34214050 -118.32601700
33.34215670 -118.32604270
33.34218970 -118.32601330
33.34218640 -118.32600800
33.34219230 -118.32600280
33.34211620 -118.32588170
17 4.59999990 residential 
33.34222070 -118.32593700
33.34222330 -118.32593460
33.34220300 -118.32590290
33.34220600 -118.32590010
33.34219180 -118.32587790
33.34218650 -118.32588280
33.34216000 -118.32584140
33.34211760 -118.32588000
33.34213180 -118.32590220
33.34213900 -118.32589560
33.34214620 -118.32590690
33.34213810 -118.32591430
33.34216080 -118.32594960
33.34216570 -118.32594510
33.34219140 -118.32598510
33.34222930 -118.32595050
33.34222070 -118.32593700
13 7.80000019 residential 
33.34174630 -118.32570480
33.34173900 -118.32571220
33.34174920 -118.32572640
33.34175570 -118.32571990
33.34179990 -118.32578190
33.34184940 -118.32573180
33.34182440 -118.32569670
33.34181610 -118.32570500
33.34179900 -118.32568100
33.34180550 -118.32567440
33.34175030 -118.32559700
33.34170330 -118.32564460
33.34174630 -118.32570480
11 9.30000019 residential 
33.34192120 -118.32626820
33.34200370 -118.32619200
33.34192310 -118.32606800
33.34191560 -118.32607500
33.34190590 -118.32607300
33.34188870 -118.32608950
33.34188840 -118.32609900
33.34187950 -118.32610640
33.34187540 -118.32609820
33.34183560 -118.32613660
33.34192120 -118.32626820
17 4.90000010 residential 
33.34230580 -118.32583270
33.34231120 -118.32582780
33.34228690 -118.32579020
33.34228130 -118.32579530
33.34225360 -118.32575240
33.34221690 -118.32578610
33.34223980 -118.32582150
33.34223480 -118.32582620
33.34225480 -118.32585720
33.34226030 -118.32585210
33.34227620 -118.32587670
33.34227090 -118.32588170
33.34227890 -118.32589410
33.34228030 -118.32589280
33.34230010 -118.32592340
33.34234050 -118.32588640
33.34230580 -118.32583270
14 5.59999990 residential Cabrillo Mole Terminal
33.34455410 -118.32174470
33.34459930 -118.32164640
33.34420120 -118.32138690
33.34415580 -118.32148560
33.34418260 -118.32150310
33.34416750 -118.32150650
33.34417410 -118.32154750
33.34419220 -118.32154330
33.34419970 -118.32159020
33.34414540 -118.32170990
33.34424880 -118.32177660
33.34430420 -118.32165470
33.34437290 -118.32162650
33.34455410 -118.32174470
13 5.59999990 residential 
33.34180510 -118.32588480
33.34180890 -118.32588130
33.34185930 -118.32596140
33.34189800 -118.32592690
33.34187560 -118.32589130
33.34187840 -118.32588880
33.34182290 -118.32580070
33.34180920 -118.32581300
33.34180420 -118.32580520
33.34178760 -118.32582010
33.34179160 -118.32582650
33.34177680 -118.32583980
33.34180510 -118.32588480
9 7.59999990 residential 
33.34235060 -118.32566600
33.34231320 -118.32570130
33.34233470 -118.32573380
33.34233080 -118.32573750
33.34235530 -118.32577440
33.34235870 -118.32577120
33.34239570 -118.32582690
33.34243370 -118.32579110
33.34235060 -118.32566600
9 5.00000000 residential 
33.34153750 -118.32579360
33.34150100 -118.32582690
33.34152930 -118.32587100
33.34152540 -118.32587450
33.34155510 -118.32592070
33.34155800 -118.32591810
33.34157740 -118.32594830
33.34161500 -118.32591390
33.34153750 -118.32579360
17 4.80000019 residential 
33.34197220 -118.32613140
33.34197580 -118.32612800
33.34200650 -118.32617390
33.34202520 -118.32615620
33.34203130 -118.32616520
33.34205110 -118.32614640
33.34204600 -118.32613880
33.34205280 -118.32613240
33.34203640 -118.32610810
33.34203080 -118.32611340
33.34201000 -118.32608230
33.34201580 -118.32607670
33.34199810 -118.32605020
33.34199210 -118.32605590
33.34196540 -118.32601600
33.34192240 -118.32605680
33.34197220 -118.32613140
11 8.80000019 residential 
33.34244310 -118.32578940
33.34248820 -118.32574840
33.34240890 -118.32562470
33.34240020 -118.32563260
33.34239150 -118.32562830
33.34237540 -118.32564360
33.34237600 -118.32565490
33.34236660 -118.32566020
33.34237940 -118.32567600
33.34237460 -118.32568260
33.34244310 -118.32578940
13 6.80000019 residential 
33.34162230 -118.32607950
33.34161610 -118.32608520
33.34159110 -118.32604590
33.34158390 -118.32605240
33.34156270 -118.32601930
33.34153570 -118.32604380
33.34157790 -118.32610980
33.34157330 -118.32611400
33.34159230 -118.32614380
33.34159680 -118.32613980
33.34162270 -118.32618030
33.34166320 -118.32614350
33.34162230 -118.32607950
7 5.69999981 apartments 
33.34181300 -118.32555670
33.34176640 -118.32560050
33.34182830 -118.32569390
33.34184470 -118.32567840
33.34187190 -118.32571950
33.34190210 -118.32569110
33.34181300 -118.32555670
9 8.69999981 residential 
33.34181820 -118.32636250
33.34191130 -118.32627660
33.34184370 -118.32617270
33.34183930 -118.32617670
33.34182810 -118.32615960
33.34181520 -118.32617150
33.34180320 -118.32616660
33.34173310 -118.32623180
33.34181820 -118.32636250
13 4.90000010 residential 
33.34233390 -118.32574540
33.34233060 -118.32574850
33.34230360 -118.32570770
33.34226350 -118.32574520
33.34227370 -118.32576060
33.34227080 -118.32576330
33.34232570 -118.32584640
33.34233040 -118.32584210
33.34234810 -118.32586890
33.34237530 -118.32584340
33.34237830 -118.32584780
33.34239270 -118.32583430
33.34233390 -118.32574540
9 5.19999981 residential 
33.34224990 -118.32596460
33.34229420 -118.32592260
33.34222060 -118.32581270
33.34222340 -118.32580990
33.34221210 -118.32579310
33.34216500 -118.32583780
33.34219180 -118.32587790
33.34220600 -118.32590010
33.34224990 -118.32596460
15 7.40000010 residential 
33.34163380 -118.32643070
33.34163660 -118.32642830
33.34167630 -118.32649240
33.34176940 -118.32641040
33.34174340 -118.32636850
33.34175040 -118.32636240
33.34176870 -118.32639200
33.34179780 -118.32636640
33.34180310 -118.32637490
33.34181510 -118.32636430
33.34175530 -118.32626770
33.34174980 -118.32627260
33.34172860 -118.32623850
33.34159020 -118.32636030
33.34163380 -118.32643070
21 7.59999990 residential 
33.34142620 -118.32635750
33.34152080 -118.32627100
33.34150520 -118.32624680
33.34149780 -118.32625360
33.34149270 -118.32624580
33.34149840 -118.32624060
33.34147640 -118.32620650
33.34147440 -118.32620840
33.34146790 -118.32619830
33.34146200 -118.32620360
33.34145480 -118.32619240
33.34146090 -118.32618690
33.34144370 -118.32616020
33.34143890 -118.32616470
33.34142180 -118.32613820
33.34138210 -118.32617460
33.34142280 -118.32623780
33.34141660 -118.32624350
33.34139610 -118.32621170
33.34135590 -118.32624840
33.34142620 -118.32635750
9 5.09999990 residential 
33.34153370 -118.32616960
33.34153510 -118.32616830
33.34157170 -118.32622530
33.34161080 -118.32618960
33.34158860 -118.32615510
33.34159270 -118.32615120
33.34154620 -118.32607900
33.34150170 -118.32611970
33.34153370 -118.32616960
7 7.19999981 residential 
33.34186480 -118.32575770
33.34183070 -118.32578920
33.34186590 -118.32584320
33.34186230 -118.32584650
33.34190890 -118.32591790
33.34194650 -118.32588310
33.34186480 -118.32575770
5 5.59999990 residential 
33.34168970 -118.32594450
33.34164960 -118.32598070
33.34171950 -118.32609080
33.34175960 -118.32605460
33.34168970 -118.32594450
19 6.59999990 residential 
33.34163130 -118.32572500
33.34164520 -118.32574620
33.34164160 -118.32574960
33.34168450 -118.32581480
33.34169370 -118.32580620
33.34171720 -118.32584200
33.34172520 -118.32583450
33.34173370 -118.32584750
33.34176290 -118.32582020
33.34175380 -118.32580640
33.34176120 -118.32579960
33.34174270 -118.32577150
33.34174640 -118.32576800
33.34174180 -118.32576100
33.34174700 -118.32575600
33.34170440 -118.32569120
33.34170180 -118.32569350
33.34168780 -118.32567220
33.34163130 -118.32572500
9 8.50000000 residential 
33.34159560 -118.32574890
33.34155770 -118.32578480
33.34157300 -118.32580770
33.34156560 -118.32581460
33.34159900 -118.32586460
33.34160380 -118.32586010
33.34163340 -118.32590440
33.34167380 -118.32586600
33.34159560 -118.32574890
5 9.10000038 residential 
33.34162300 -118.32596190
33.34158250 -118.32599820
33.34166750 -118.32613290
33.34170810 -118.32609650
33.34162300 -118.32596190
13 10.00000000 residential 
33.34146970 -118.32608470
33.34141280 -118.32599520
33.34140890 -118.32599880
33.34137360 -118.32594330
33.34130500 -118.32600520
33.34131760 -118.32602490
33.34131340 -118.32602880
33.34130220 -118.32601120
33.34123490 -118.32607190
33.34127010 -118.32612720
33.34126720 -118.32612990
33.34132270 -118.32621720
33.34146970 -118.32608470
9 7.00000000 residential 
33.34152260 -118.32615780
33.34151750 -118.32616240
33.34147370 -118.32609270
33.34143040 -118.32613130
33.34145490 -118.32617040
33.34145920 -118.32616660
33.34152400 -118.32626960
33.34156810 -118.32623010
33.34152260 -118.32615780
21 8.00000000 residential 
33.34176710 -118.32605240
33.34180430 -118.32601730
33.34179690 -118.32600630
33.34180280 -118.32600080
33.34179170 -118.32598420
33.34178420 -118.32599120
33.34177800 -118.32598190
33.34178460 -118.32597570
33.34178220 -118.32597210
33.34178790 -118.32596670
33.34181430 -118.32600640
33.34185620 -118.32596700
33.34183980 -118.32594250
33.34183430 -118.32594770
33.34182670 -118.32593640
33.34183350 -118.32593000
33.34177220 -118.32583750
33.34172200 -118.32588470
33.34171550 -118.32587480
33.34167470 -118.32591320
33.34176710 -118.32605240
5 5.80000019 residential 
33.34245630 -118.32557260
33.34240950 -118.32561590
33.34249500 -118.32574690
33.34254180 -118.32570360
33.34245630 -118.32557260
5 7.90000010 residential 
33.34142880 -118.32589470
33.34138120 -118.32593830
33.34147300 -118.32608070
33.34152060 -118.32603720
33.34142880 -118.32589470
5 9.39999962 residential 
33.34205870 -118.32613290
33.34210110 -118.32609410
33.34202250 -118.32597200
33.34198000 -118.32601080
33.34205870 -118.32613290
5 6.59999990 residential 
33.34156410 -118.32658650
33.34161350 -118.32654040
33.34153620 -118.32642280
33.34148680 -118.32646900
33.34156410 -118.32658650
9 9.10000038 residential 
33.34207070 -118.32593090
33.34206310 -118.32593770
33.34205640 -118.32593730
33.34203820 -118.32595270
33.34203790 -118.32596340
33.34203000 -118.32596900
33.34210760 -118.32609130
33.34214850 -118.32605450
33.34207070 -118.32593090
15 4.19999981 residential 
33.34161390 -118.32640480
33.34161020 -118.32640790
33.34159910 -118.32638890
33.34160300 -118.32638570
33.34159010 -118.32636350
33.34154250 -118.32640280
33.34158850 -118.32648190
33.34159750 -118.32647450
33.34162380 -118.32651960
33.34163650 -118.32650910
33.34164130 -118.32651710
33.34166170 -118.32650030
33.34165100 -118.32648190
33.34165620 -118.32647760
33.34161390 -118.32640480
9 5.09999990 residential 
33.34155160 -118.32593730
33.34155850 -118.32593110
33.34152880 -118.32588440
33.34152200 -118.32589050
33.34149030 -118.32584080
33.34143840 -118.32588780
33.34152340 -118.32602100
33.34157510 -118.32597410
33.34155160 -118.32593730
16 6.90000010 residential 
33.34430510 -118.32726080
33.34427830 -118.32723360
33.34427590 -118.32723690
33.34421970 -118.32718010
33.34420070 -118.32720680
33.34417930 -118.32718520
33.34418240 -118.32718080
33.34404020 -118.32703690
33.34403250 -118.32704770
33.34402170 -118.32703680
33.34394510 -118.32714420
33.34395760 -118.32715680
33.34395580 -118.32715920
33.34421250 -118.32741900
33.34426400 -118.32733080
33.34430510 -118.32726080
7 4.19999981 residential Wrigley Memorial Garden
33.32635890 -118.34006230
33.32628150 -118.34011040
33.32630510 -118.34016430
33.32632230 -118.34020360
33.32635530 -118.34018310
33.32639970 -118.34015540
33.32635890 -118.34006230
6 8.39999962 residential 
33.34413420 -118.32631780
33.34394760 -118.32610900
33.34367180 -118.32636310
33.34382340 -118.32659650
33.34383660 -118.32658430
33.34413420 -118.32631780
13 5.90000010 residential 
33.34295990 -118.32208450
33.34301350 -118.32211810
33.34300750 -118.32213150
33.34318280 -118.32224170
33.34326540 -118.32223760
33.34338410 -118.32215050
33.34333200 -118.32204970
33.34323890 -118.32211820
33.34313870 -118.32208350
33.34304690 -118.32202680
33.34304880 -118.32202240
33.34299120 -118.32201390
33.34295990 -118.32208450
88 8.00000000 residential 
33.34430780 -118.32734590
33.34430940 -118.32734380
33.34431700 -118.32735170
33.34432040 -118.32734710
33.34439460 -118.32739580
33.34442700 -118.32735040
33.34452530 -118.32744990
33.34454880 -118.32743160
33.34458620 -118.32738190
33.34459440 -118.32735700
33.34459880 -118.32735910
33.34461460 -118.32731130
33.34461810 -118.32731290
33.34464760 -118.32722350
33.34474750 -118.32706420
33.34475140 -118.32706770
33.34481660 -118.32696370
33.34473750 -118.32689330
33.34473180 -118.32690240
33.34473010 -118.32690080
33.34468080 -118.32696640
33.34458570 -118.32687870
33.34463700 -118.32679990
33.34444550 -118.32662030
33.34444320 -118.32662390
33.34443240 -118.32661380
33.34440150 -118.32666050
33.34440270 -118.32670020
33.34444520 -118.32674660
33.34442450 -118.32677350
33.34446140 -118.32681380
33.34436320 -118.32694160
33.34437540 -118.32695490
33.34430700 -118.32704390
33.34430810 -118.32706220
33.34441530 -118.32717040
33.34445090 -118.32712040
33.34447000 -118.32713970
33.34450030 -118.32709700
33.34452340 -118.32712040
33.34450690 -118.32714370
33.34450790 -118.32715940
33.34450670 -118.32718660
33.34452510 -118.32720040
33.34451430 -118.32725890
33.34451050 -118.32728140
33.34449870 -118.32729690
33.34449140 -118.32730660
33.34447720 -118.32728920
33.34448330 -118.32728100
33.34446700 -118.32726390
33.34446130 -118.32727150
33.34444090 -118.32725010
33.34444640 -118.32724270
33.34443160 -118.32722720
33.34442470 -118.32723650
33.34437630 -118.32718560
33.34437410 -118.32718860
33.34436620 -118.32718030
33.34437360 -118.32717030
33.34435740 -118.32715330
33.34435210 -118.32716050
33.34433160 -118.32713900
33.34433660 -118.32713230
33.34432080 -118.32711570
33.34431540 -118.32712290
33.34429510 -118.32710160
33.34430050 -118.32709430
33.34428410 -118.32707710
33.34427910 -118.32708380
33.34425970 -118.32706340
33.34426430 -118.32705720
33.34424820 -118.32704040
33.34424270 -118.32704780
33.34422170 -118.32702580
33.34422640 -118.32701940
33.34421060 -118.32700280
33.34420440 -118.32701110
33.34417310 -118.32697820
33.34417840 -118.32697100
33.34414030 -118.32693110
33.34413230 -118.32694190
33.34410500 -118.32694370
33.34406380 -118.32700150
33.34431140 -118.32725200
33.34430510 -118.32726080
33.34426400 -118.32733080
33.34430780 -118.32734590
17 11.60000038 commercial 
33.34302990 -118.32621010
33.34301930 -118.32621980
33.34304820 -118.32626480
33.34305270 -118.32626070
33.34316810 -118.32644090
33.34317640 -118.32643340
33.34323270 -118.32652130
33.34330860 -118.32645220
33.34310550 -118.32613530
33.34309760 -118.32614250
33.34304860 -118.32606620
33.34304420 -118.32607020
33.34304040 -118.32606440
33.34297770 -118.32612140
33.34298210 -118.32612830
33.34297920 -118.32613100
33.34302990 -118.32621010
16 4.69999981 commercial 
33.34395680 -118.32685440
33.34365200 -118.32638290
33.34339850 -118.32661550
33.34339070 -118.32660350
33.34328060 -118.32670460
33.34332330 -118.32677070
33.34333080 -118.32676390
33.34357180 -118.32713680
33.34356460 -118.32714330
33.34357150 -118.32715400
33.34357830 -118.32714780
33.34362550 -118.32722070
33.34361750 -118.32722800
33.34365720 -118.32728930
33.34388830 -118.32695380
33.34395680 -118.32685440
13 6.69999981 commercial Overlook Hall
33.34420160 -118.32812800
33.34417280 -118.32811650
33.34416830 -118.32813240
33.34411850 -118.32811240
33.34410890 -118.32814630
33.34412060 -118.32815100
33.34407640 -118.32830760
33.34409070 -118.32833600
33.34408290 -118.32836360
33.34410810 -118.32837360
33.34410490 -118.32838510
33.34412650 -118.32839360
33.34420160 -118.32812800
7 7.69999981 residential 
33.34077580 -118.32612480
33.34073180 -118.32616510
33.34081560 -118.32629500
33.34083740 -118.32627500
33.34083360 -118.32626900
33.34085580 -118.32624870
33.34077580 -118.32612480
13 6.90000010 residential 
33.33982710 -118.32699270
33.33975650 -118.32705750
33.33977930 -118.32709280
33.33978540 -118.32708720
33.33983620 -118.32716580
33.33984470 -118.32715790
33.33985050 -118.32716680
33.33987330 -118.32714580
33.33987660 -118.32715090
33.33990520 -118.32712460
33.33990080 -118.32711770
33.33990520 -118.32711360
33.33982710 -118.32699270
13 5.09999990 residential 
33.34010370 -118.32694480
33.34014680 -118.32690520
33.34012200 -118.32686690
33.34011860 -118.32687010
33.34011390 -118.32686280
33.34011960 -118.32685750
33.34007010 -118.32678100
33.34006100 -118.32678930
33.34005130 -118.32677430
33.34001890 -118.32680410
33.34002390 -118.32681180
33.34001990 -118.32681540
33.34010370 -118.32694480
11 4.30000019 residential 
33.34093140 -118.32611190
33.34093810 -118.32610560
33.34090420 -118.32605410
33.34089860 -118.32605930
33.34087780 -118.32602760
33.34083110 -118.32607120
33.34085590 -118.32610910
33.34086180 -118.32610360
33.34092440 -118.32619880
33.34096410 -118.32616170
33.34093140 -118.32611190
17 4.80000019 residential 
33.34018250 -118.32668170
33.34017610 -118.32668740
33.34017080 -118.32667890
33.34014160 -118.32670490
33.34013400 -118.32669270
33.34011520 -118.32670940
33.34014210 -118.32675250
33.34015100 -118.32674460
33.34016120 -118.32676090
33.34015470 -118.32676660
33.34017940 -118.32680600
33.34018470 -118.32680130
33.34021240 -118.32684570
33.34025330 -118.32680950
33.34022280 -118.32676050
33.34022850 -118.32675550
33.34018250 -118.32668170
5 8.19999981 residential 
33.34044800 -118.32642140
33.34040020 -118.32646530
33.34047360 -118.32657920
33.34052150 -118.32653540
33.34044800 -118.32642140
5 7.09999990 residential 
33.34065310 -118.32644700
33.34069640 -118.32640450
33.34060540 -118.32627300
33.34056210 -118.32631550
33.34065310 -118.32644700
9 9.10000038 residential 
33.33992410 -118.32710250
33.33997970 -118.32705370
33.33997270 -118.32704230
33.33998030 -118.32703570
33.33993220 -118.32695810
33.33993760 -118.32695340
33.33991400 -118.32691520
33.33984540 -118.32697550
33.33992410 -118.32710250
11 8.10000038 residential 
33.34043180 -118.32664300
33.34047050 -118.32660880
33.34046510 -118.32660030
33.34047340 -118.32659290
33.34042000 -118.32650740
33.34041580 -118.32651110
33.34039360 -118.32647560
33.34037210 -118.32649470
33.34036580 -118.32648450
33.34034460 -118.32650340
33.34043180 -118.32664300
7 7.19999981 residential 
33.34094080 -118.32597470
33.34088780 -118.32602130
33.34095660 -118.32613230
33.34096350 -118.32612620
33.34097490 -118.32614460
33.34102100 -118.32610410
33.34094080 -118.32597470
11 4.19999981 residential 
33.34055010 -118.32645870
33.34055480 -118.32645440
33.34053010 -118.32641610
33.34052830 -118.32641770
33.34051270 -118.32639370
33.34050740 -118.32639860
33.34049730 -118.32638300
33.34045640 -118.32642050
33.34053730 -118.32654560
33.34058060 -118.32650570
33.34055010 -118.32645870
9 6.00000000 residential 
33.34022730 -118.32674590
33.34023210 -118.32674190
33.34026600 -118.32679770
33.34030890 -118.32676070
33.34027970 -118.32671270
33.34028330 -118.32670960
33.34022970 -118.32662120
33.34017840 -118.32666530
33.34022730 -118.32674590
5 7.00000000 residential 
33.34070510 -118.32639730
33.34074930 -118.32635430
33.34066430 -118.32623030
33.34062010 -118.32627330
33.34070510 -118.32639730
5 8.30000019 residential 
33.34031910 -118.32674400
33.34036810 -118.32669990
33.34028230 -118.32656470
33.34023340 -118.32660870
33.34031910 -118.32674400
9 6.50000000 residential 
33.34085150 -118.32622940
33.34085670 -118.32622470
33.34086780 -118.32624190
33.34091180 -118.32620170
33.34085380 -118.32611170
33.34085030 -118.32611490
33.34082900 -118.32608190
33.34078330 -118.32612370
33.34085150 -118.32622940
9 6.40000010 residential 
33.34000620 -118.32682780
33.33994070 -118.32688630
33.34001390 -118.32700250
33.34002450 -118.32699300
33.34003060 -118.32700270
33.34005250 -118.32698310
33.34005360 -118.32698490
33.34008660 -118.32695540
33.34000620 -118.32682780
13 5.09999990 residential 
33.34012120 -118.32685100
33.34012610 -118.32684680
33.34015450 -118.32689300
33.34015960 -118.32688850
33.34016240 -118.32689300
33.34019540 -118.32686410
33.34019140 -118.32685760
33.34020110 -118.32684900
33.34014650 -118.32676040
33.34013830 -118.32676760
33.34011460 -118.32672910
33.34007010 -118.32676800
33.34012120 -118.32685100
7 4.59999990 residential 
33.34103550 -118.32600430
33.34104250 -118.32599800
33.34099480 -118.32592320
33.34094520 -118.32596810
33.34102790 -118.32609790
33.34107060 -118.32605930
33.34103550 -118.32600430
5 8.10000038 residential 
33.34059440 -118.32650100
33.34064120 -118.32645780
33.34055910 -118.32633110
33.34051220 -118.32637430
33.34059440 -118.32650100
9 4.00000000 residential 
33.34076910 -118.32626550
33.34077630 -118.32625890
33.34074780 -118.32621480
33.34074080 -118.32622120
33.34071460 -118.32618060
33.34067180 -118.32621980
33.34075490 -118.32634840
33.34079750 -118.32630940
33.34076910 -118.32626550
5 7.19999981 residential 
33.34037710 -118.32669090
33.34041540 -118.32665670
33.34033870 -118.32653500
33.34030050 -118.32656920
33.34037710 -118.32669090
5 6.59999990 commercial Catalina Divers Supply & Snorkeling
33.34415850 -118.32460700
33.34413950 -118.32457850
33.34407020 -118.32464420
33.34408920 -118.32467260
33.34415850 -118.32460700
7 8.69999981 residential 
33.34189010 -118.32511620
33.34184750 -118.32515440
33.34183800 -118.32513940
33.34179920 -118.32517420
33.34188130 -118.32528870
33.34195660 -118.32521940
33.34189010 -118.32511620
5 7.90000010 residential 
33.34241820 -118.32606250
33.34246580 -118.32601830
33.34238760 -118.32589890
33.34234000 -118.32594320
33.34241820 -118.32606250
45 8.39999962 residential 
33.33958620 -118.32628030
33.33955620 -118.32631140
33.33957730 -118.32634030
33.33956840 -118.32635380
33.33950940 -118.32629810
33.33951810 -118.32628500
33.33944740 -118.32621830
33.33939730 -118.32629360
33.33938380 -118.32627860
33.33927220 -118.32637660
33.33928590 -118.32638940
33.33926910 -118.32641500
33.33926280 -118.32640920
33.33923620 -118.32644950
33.33928660 -118.32649670
33.33927950 -118.32650750
33.33933530 -118.32655980
33.33934270 -118.32654850
33.33944070 -118.32664010
33.33960780 -118.32638670
33.33958210 -118.32636240
33.33961920 -118.32632830
33.33963140 -118.32634710
33.33965240 -118.32632770
33.33966450 -118.32634640
33.33969180 -118.32632130
33.33968010 -118.32630320
33.33970730 -118.32627820
33.33971970 -118.32629740
33.33974620 -118.32627310
33.33973450 -118.32625490
33.33976160 -118.32623000
33.33977220 -118.32624640
33.33980360 -118.32621750
33.33979230 -118.32619990
33.33981450 -118.32617940
33.33982640 -118.32619770
33.33985780 -118.32616890
33.33983470 -118.32613320
33.33984250 -118.32612610
33.33982010 -118.32609150
33.33981170 -118.32609930
33.33972300 -118.32596230
33.33950930 -118.32615870
33.33958620 -118.32628030
7 9.00000000 residential 
33.34247380 -118.32601180
33.34252340 -118.32596650
33.34250410 -118.32593660
33.34250060 -118.32593990
33.34243630 -118.32584010
33.34239030 -118.32588220
33.34247380 -118.32601180
13 4.50000000 residential 
33.34056540 -118.32623730
33.34056960 -118.32623350
33.34053260 -118.32617630
33.34053020 -118.32617850
33.34050670 -118.32614220
33.34046630 -118.32617920
33.34049510 -118.32622390
33.34049070 -118.32622790
33.34050610 -118.32625180
33.34050930 -118.32624890
33.34054050 -118.32629720
33.34058040 -118.32626060
33.34056540 -118.32623730
7 5.30000019 residential 
33.34228450 -118.32603470
33.34229490 -118.32602500
33.34227190 -118.32598980
33.34221830 -118.32603950
33.34230510 -118.32617240
33.34234830 -118.32613240
33.34228450 -118.32603470
7 3.70000005 residential 
33.34125700 -118.32567720
33.34120380 -118.32572680
33.34125860 -118.32581030
33.34126710 -118.32580230
33.34128590 -118.32582690
33.34133150 -118.32579010
33.34125700 -118.32567720
5 4.90000010 residential 
33.34115710 -118.32594560
33.34120620 -118.32590800
33.34114150 -118.32580390
33.34109460 -118.32584650
33.34115710 -118.32594560
11 9.39999962 residential 
33.34210670 -118.32490270
33.34206270 -118.32494240
33.34209290 -118.32498990
33.34208900 -118.32499350
33.34206460 -118.32495520
33.34202250 -118.32499320
33.34202530 -118.32499750
33.34198330 -118.32503540
33.34205880 -118.32514530
33.34218680 -118.32502680
33.34210670 -118.32490270
12 7.59999990 residential 
33.34028150 -118.32653230
33.34033200 -118.32648790
33.34031430 -118.32645930
33.34031170 -118.32646160
33.34025790 -118.32637470
33.34025380 -118.32637830
33.34025130 -118.32637420
33.34021260 -118.32640820
33.34022160 -118.32642270
33.34021640 -118.32642730
33.34026370 -118.32650520
33.34028150 -118.32653230
5 6.59999990 residential 
33.34203740 -118.32620270
33.34199710 -118.32623880
33.34207940 -118.32636930
33.34211970 -118.32633320
33.34203740 -118.32620270
9 4.50000000 residential 
33.34059730 -118.32616490
33.34059440 -118.32616760
33.34055120 -118.32609990
33.34050970 -118.32613750
33.34055680 -118.32621130
33.34056020 -118.32620820
33.34058850 -118.32625240
33.34062950 -118.32621530
33.34059730 -118.32616490
17 7.19999981 apartments 
33.34014510 -118.32619850
33.34013830 -118.32620490
33.34016160 -118.32623940
33.34016610 -118.32623510
33.34019050 -118.32627120
33.34021540 -118.32624730
33.34022690 -118.32626440
33.34025280 -118.32623970
33.34024500 -118.32622810
33.34025240 -118.32622100
33.34023920 -118.32620150
33.34023570 -118.32620480
33.34018400 -118.32612820
33.34019030 -118.32612220
33.34017800 -118.32610410
33.34011930 -118.32616030
33.34014510 -118.32619850
9 10.19999981 residential 
33.34183260 -118.32523450
33.34180800 -118.32525620
33.34180070 -118.32524440
33.34178070 -118.32526210
33.34175560 -118.32522170
33.34171810 -118.32525490
33.34179630 -118.32536690
33.34186190 -118.32529500
33.34183260 -118.32523450
11 4.80000019 residential 
33.34033620 -118.32637790
33.34033000 -118.32638310
33.34029970 -118.32633150
33.34026030 -118.32636440
33.34028280 -118.32640270
33.34028010 -118.32640490
33.34030270 -118.32644340
33.34030870 -118.32643840
33.34033540 -118.32648390
33.34037780 -118.32644850
33.34033620 -118.32637790
9 6.80000019 residential 
33.34075940 -118.32609570
33.34082440 -118.32603750
33.34080940 -118.32601370
33.34080150 -118.32602080
33.34074330 -118.32592850
33.34069300 -118.32597360
33.34070210 -118.32598810
33.34069530 -118.32599410
33.34075940 -118.32609570
15 4.09999990 residential 
33.34078110 -118.32595540
33.34077440 -118.32596200
33.34079530 -118.32599230
33.34079860 -118.32598920
33.34082990 -118.32603480
33.34087710 -118.32598870
33.34085680 -118.32595920
33.34085290 -118.32596300
33.34084510 -118.32595170
33.34084980 -118.32594710
33.34083380 -118.32592380
33.34083030 -118.32592720
33.34079420 -118.32587470
33.34075320 -118.32591480
33.34078110 -118.32595540
9 7.59999990 residential 
33.34060950 -118.32605930
33.34060750 -118.32606110
33.34060370 -118.32605500
33.34055830 -118.32609490
33.34060380 -118.32616850
33.34061080 -118.32616240
33.34063850 -118.32620730
33.34067900 -118.32617180
33.34060950 -118.32605930
17 8.50000000 apartments 
33.34016490 -118.32647710
33.34016280 -118.32647900
33.34015070 -118.32646010
33.34010830 -118.32649870
33.34014620 -118.32655780
33.34013050 -118.32657210
33.34009440 -118.32651580
33.34005260 -118.32655390
33.34006190 -118.32656830
33.34005680 -118.32657300
33.34010830 -118.32665330
33.34011230 -118.32664970
33.34012890 -118.32667540
33.34019030 -118.32661940
33.34019530 -118.32662710
33.34023680 -118.32658930
33.34016490 -118.32647710
11 6.30000019 residential 
33.34176400 -118.32535430
33.34176650 -118.32535210
33.34174360 -118.32531510
33.34174540 -118.32531360
33.34171520 -118.32526490
33.34167350 -118.32530150
33.34167950 -118.32531120
33.34163530 -118.32535000
33.34170580 -118.32544940
33.34177960 -118.32538570
33.34176400 -118.32535430
11 8.39999962 residential 
33.34210310 -118.32614240
33.34212160 -118.32617240
33.34212830 -118.32616650
33.34219190 -118.32627020
33.34223360 -118.32623390
33.34222340 -118.32621730
33.34222680 -118.32621430
33.34218210 -118.32614170
33.34218690 -118.32613750
33.34215960 -118.32609310
33.34210310 -118.32614240
16 4.40000010 residential 
33.34019420 -118.32650170
33.34018890 -118.32650660
33.34021890 -118.32655230
33.34022390 -118.32654770
33.34023590 -118.32656610
33.34022990 -118.32657160
33.34024340 -118.32659220
33.34027180 -118.32656580
33.34026410 -118.32655400
33.34028370 -118.32653580
33.34028150 -118.32653230
33.34026370 -118.32650520
33.34025970 -118.32650900
33.34020160 -118.32642020
33.34016380 -118.32645520
33.34019420 -118.32650170
64 11.19999981 residential 
33.33951780 -118.32690880
33.33954380 -118.32688450
33.33953930 -118.32687780
33.33958990 -118.32683060
33.33959430 -118.32683730
33.33962310 -118.32681030
33.33961670 -118.32680060
33.33963790 -118.32678080
33.33963410 -118.32677500
33.33968460 -118.32672780
33.33968870 -118.32673400
33.33971410 -118.32671030
33.33972110 -118.32672080
33.33975090 -118.32669290
33.33974580 -118.32668510
33.33975470 -118.32667680
33.33975800 -118.32668190
33.33978490 -118.32665670
33.33978300 -118.32665390
33.33979160 -118.32664580
33.33979550 -118.32665180
33.33982480 -118.32662450
33.33981930 -118.32661620
33.33984680 -118.32659050
33.33984220 -118.32658340
33.33985280 -118.32657340
33.33985590 -118.32657810
33.33987970 -118.32655590
33.33987710 -118.32655190
33.33988670 -118.32654290
33.33989130 -118.32654980
33.33992070 -118.32652230
33.33992790 -118.32653320
33.33995560 -118.32650730
33.33995290 -118.32650310
33.33999650 -118.32646230
33.34000080 -118.32646870
33.34003290 -118.32643870
33.33995930 -118.32632690
33.33997680 -118.32631050
33.33994780 -118.32626650
33.33994440 -118.32626970
33.33989080 -118.32618830
33.33977170 -118.32629980
33.33982600 -118.32638240
33.33972550 -118.32647630
33.33971920 -118.32648640
33.33971870 -118.32649380
33.33969790 -118.32651310
33.33966440 -118.32646170
33.33965140 -118.32647390
33.33963700 -118.32645180
33.33959480 -118.32649080
33.33963650 -118.32655470
33.33951400 -118.32666810
33.33951340 -118.32668120
33.33949770 -118.32669640
33.33948810 -118.32669320
33.33950150 -118.32665700
33.33947580 -118.32664350
33.33945730 -118.32669380
33.33948330 -118.32670740
33.33942210 -118.32676360
33.33951780 -118.32690880
7 5.50000000 residential 
33.34198790 -118.32624880
33.34193390 -118.32629780
33.34198500 -118.32637760
33.34198940 -118.32637360
33.34202230 -118.32642490
33.34207180 -118.32637990
33.34198790 -118.32624880
9 8.39999962 apartments 
33.34235560 -118.32600600
33.34236350 -118.32599870
33.34235140 -118.32598050
33.34234410 -118.32598730
33.34232310 -118.32595540
33.34228130 -118.32599450
33.34235910 -118.32611230
33.34240030 -118.32607370
33.34235560 -118.32600600
13 8.30000019 residential 
33.34133870 -118.32555700
33.34129360 -118.32559770
33.34128470 -118.32558360
33.34124900 -118.32561570
33.34131740 -118.32572370
33.34131200 -118.32572850
33.34134750 -118.32578300
33.34138540 -118.32574910
33.34133060 -118.32565640
33.34133960 -118.32564830
33.34139960 -118.32573790
33.34143280 -118.32570450
33.34133870 -118.32555700
5 5.19999981 residential 
33.34119670 -118.32573640
33.34114250 -118.32578760
33.34122010 -118.32589930
33.34127110 -118.32584540
33.34119670 -118.32573640
11 7.40000010 residential 
33.34045880 -118.32618590
33.34040790 -118.32623020
33.34041100 -118.32623530
33.34036700 -118.32627360
33.34039190 -118.32631410
33.34038370 -118.32632130
33.34039960 -118.32634720
33.34040800 -118.32633990
33.34043780 -118.32638830
33.34053250 -118.32630580
33.34045880 -118.32618590
9 7.90000010 apartments 
33.34004400 -118.32656690
33.33999170 -118.32661350
33.33999540 -118.32661950
33.33996340 -118.32664800
33.33998910 -118.32668880
33.33999320 -118.32668510
33.34003920 -118.32675820
33.34011930 -118.32668670
33.34004400 -118.32656690
9 8.10000038 residential 
33.34147430 -118.32564540
33.34147790 -118.32564210
33.34149000 -118.32565360
33.34151580 -118.32563050
33.34150620 -118.32561960
33.34151190 -118.32561430
33.34140040 -118.32544090
33.34136420 -118.32547390
33.34147430 -118.32564540
9 7.59999990 residential 
33.34197930 -118.32503460
33.34195900 -118.32505310
33.34195030 -118.32503950
33.34191300 -118.32507340
33.34192080 -118.32508550
33.34189910 -118.32510510
33.34197530 -118.32522080
33.34205160 -118.32514830
33.34197930 -118.32503460
15 6.80000019 residential 
33.34136590 -118.32549710
33.34132800 -118.32553220
33.34128410 -118.32546900
33.34121560 -118.32548230
33.34123410 -118.32550790
33.34124090 -118.32550200
33.34128700 -118.32557900
33.34132010 -118.32555090
33.34132580 -118.32556050
33.34134040 -118.32554810
33.34142280 -118.32568590
33.34143100 -118.32567900
33.34144580 -118.32568950
33.34147820 -118.32566230
33.34136590 -118.32549710
9 8.00000000 residential 
33.34156740 -118.32558050
33.34160330 -118.32554300
33.34154810 -118.32546340
33.34155170 -118.32546010
33.34151780 -118.32540800
33.34150230 -118.32542240
33.34149090 -118.32540500
33.34146110 -118.32541700
33.34156740 -118.32558050
5 4.69999981 residential 
33.34067320 -118.32598550
33.34060860 -118.32604510
33.34068620 -118.32616450
33.34075080 -118.32610500
33.34067320 -118.32598550
27 8.39999962 apartments 
33.34004550 -118.32609990
33.34004000 -118.32610490
33.34003760 -118.32610110
33.34000120 -118.32613360
33.33998700 -118.32611120
33.33994330 -118.32615020
33.33995920 -118.32617550
33.33994050 -118.32619220
33.33997900 -118.32625330
33.33996990 -118.32626140
33.33998160 -118.32628000
33.33999020 -118.32627230
33.34003300 -118.32634010
33.34002520 -118.32634710
33.34003950 -118.32636990
33.34004770 -118.32636260
33.34005940 -118.32638110
33.34006450 -118.32637660
33.34007380 -118.32639130
33.34009440 -118.32637290
33.34009650 -118.32637630
33.34015250 -118.32632620
33.34015000 -118.32632220
33.34016820 -118.32630590
33.34015980 -118.32629250
33.34016430 -118.32628840
33.34004550 -118.32609990
8 8.60000038 residential 
33.34156000 -118.32546210
33.34156270 -118.32545980
33.34161430 -118.32553380
33.34164640 -118.32550020
33.34157970 -118.32538270
33.34155610 -118.32540320
33.34152950 -118.32541250
33.34156000 -118.32546210
7 4.90000010 residential 
33.34035260 -118.32628320
33.34030880 -118.32632140
33.34033180 -118.32635890
33.34033000 -118.32636060
33.34038060 -118.32644310
33.34042630 -118.32640330
33.34035260 -118.32628320
9 8.00000000 residential 
33.34227870 -118.32494560
33.34231160 -118.32491840
33.34230670 -118.32490980
33.34231400 -118.32490310
33.34227540 -118.32484310
33.34226950 -118.32484840
33.34223060 -118.32478790
33.34219700 -118.32481860
33.34227870 -118.32494560
15 4.69999981 residential 
33.34192700 -118.32630920
33.34189110 -118.32634250
33.34188910 -118.32633950
33.34186360 -118.32636310
33.34190210 -118.32642200
33.34191340 -118.32641150
33.34193120 -118.32643880
33.34194410 -118.32642690
33.34195070 -118.32643700
33.34194530 -118.32644200
33.34195600 -118.32645830
33.34195870 -118.32645590
33.34197030 -118.32647360
33.34201020 -118.32643660
33.34192700 -118.32630920
17 6.40000010 residential 
33.34175210 -118.32656480
33.34171090 -118.32660270
33.34174720 -118.32665880
33.34178200 -118.32662680
33.34178710 -118.32663470
33.34182670 -118.32659830
33.34181870 -118.32658600
33.34182200 -118.32658300
33.34179300 -118.32653820
33.34180130 -118.32653050
33.34179380 -118.32651890
33.34181590 -118.32649860
33.34177780 -118.32643990
33.34174570 -118.32646940
33.34174750 -118.32647210
33.34171280 -118.32650410
33.34175210 -118.32656480
18 9.50000000 residential 
33.33978880 -118.32681800
33.33978540 -118.32682110
33.33978010 -118.32681270
33.33976520 -118.32682630
33.33977010 -118.32683400
33.33972280 -118.32687690
33.33971590 -118.32686620
33.33970130 -118.32687940
33.33970840 -118.32689040
33.33969530 -118.32690230
33.33971530 -118.32698400
33.33971990 -118.32699310
33.33971910 -118.32700830
33.33973610 -118.32703570
33.33977920 -118.32699840
33.33977290 -118.32698800
33.33985310 -118.32691870
33.33978880 -118.32681800
5 5.50000000 residential 
33.34224370 -118.32497740
33.34227390 -118.32494870
33.34219340 -118.32482100
33.34216070 -118.32485150
33.34224370 -118.32497740
7 8.39999962 residential 
33.34185490 -118.32638570
33.34184870 -118.32639130
33.34184180 -118.32638060
33.34178370 -118.32643380
33.34186830 -118.32656480
33.34193260 -118.32650590
33.34185490 -118.32638570
5 6.40000010 residential 
33.34213260 -118.32631860
33.34217940 -118.32627580
33.34209590 -118.32614620
33.34204910 -118.32618900
33.34213260 -118.32631860
11 8.19999981 apartments 
33.33987070 -118.32672650
33.33983530 -118.32675860
33.33983150 -118.32675270
33.33978370 -118.32679610
33.33985080 -118.32690120
33.33985800 -118.32689470
33.33986230 -118.32690140
33.33991280 -118.32685560
33.33991580 -118.32686020
33.33994130 -118.32683710
33.33987070 -118.32672650
7 8.69999981 apartments 
33.33995800 -118.32664680
33.33988060 -118.32671290
33.33994650 -118.32682240
33.33998720 -118.32678770
33.33999060 -118.32679350
33.34002730 -118.32676210
33.33995800 -118.32664680
5 10.50000000 apartments 
33.34443960 -118.32823960
33.34442020 -118.32830010
33.34453570 -118.32835260
33.34455510 -118.32829210
33.34443960 -118.32823960
21 14.30000019 residential 
33.34468030 -118.32799790
33.34468890 -118.32796940
33.34473920 -118.32799080
33.34475500 -118.32793850
33.34477780 -118.32794830
33.34479780 -118.32788190
33.34478680 -118.32787720
33.34481360 -118.32778790
33.34477980 -118.32777340
33.34477300 -118.32779590
33.34476300 -118.32779170
33.34474340 -118.32785680
33.34468750 -118.32783300
33.34467870 -118.32786250
33.34466970 -118.32785870
33.34467880 -118.32782810
33.34458530 -118.32778820
33.34457660 -118.32781720
33.34456180 -118.32781090
33.34452490 -118.32792960
33.34468030 -118.32799790
5 9.80000019 apartments 
33.34446360 -118.32815950
33.34444370 -118.32822210
33.34456150 -118.32827520
33.34458140 -118.32821260
33.34446360 -118.32815950
8 4.69999981 commercial 
33.34286690 -118.32544370
33.34280850 -118.32549850
33.34289270 -118.32563590
33.34289650 -118.32564150
33.34294510 -118.32559590
33.34294280 -118.32559230
33.34295350 -118.32558230
33.34286690 -118.32544370
5 9.69999981 residential 
33.34474360 -118.32810860
33.34469390 -118.32808710
33.34465250 -118.32822320
33.34470220 -118.32824470
33.34474360 -118.32810860
6 8.80000019 commercial 
33.34464790 -118.32753720
33.34482920 -118.32761580
33.34486290 -118.32750530
33.34485970 -118.32750390
33.34468180 -118.32743880
33.34464790 -118.32753720
21 4.59999990 residential 
33.34464730 -118.32805480
33.34465180 -118.32804080
33.34466060 -118.32804490
33.34465710 -118.32805590
33.34472220 -118.32808570
33.34473620 -118.32804230
33.34472200 -118.32803590
33.34472560 -118.32802470
33.34469010 -118.32800850
33.34468560 -118.32802260
33.34467090 -118.32801590
33.34466620 -118.32803070
33.34465510 -118.32802570
33.34465990 -118.32801100
33.34464420 -118.32800380
33.34464830 -118.32799090
33.34461180 -118.32797420
33.34460740 -118.32798770
33.34459400 -118.32798160
33.34458040 -118.32802410
33.34464730 -118.32805480
9 6.90000010 residential 
33.34465470 -118.32757520
33.34464460 -118.32760610
33.34463270 -118.32760060
33.34462070 -118.32763720
33.34463470 -118.32764370
33.34462480 -118.32767440
33.34474330 -118.32772910
33.34477520 -118.32763090
33.34465470 -118.32757520
9 5.00000000 residential 
33.34461080 -118.32828070
33.34462470 -118.32828710
33.34461630 -118.32831310
33.34467440 -118.32833980
33.34468420 -118.32830970
33.34470060 -118.32831730
33.34471650 -118.32826850
33.34462800 -118.32822780
33.34461080 -118.32828070
11 4.80000019 commercial 
33.34292220 -118.32538670
33.34289740 -118.32540990
33.34289950 -118.32541310
33.34286690 -118.32544370
33.34295350 -118.32558230
33.34296420 -118.32557230
33.34296790 -118.32557790
33.34301460 -118.32553400
33.34300960 -118.32552650
33.34292690 -118.32539380
33.34292220 -118.32538670
7 7.30000019 residential 
33.34462970 -118.32819050
33.34465940 -118.32809530
33.34457810 -118.32805900
33.34458650 -118.32803190
33.34450510 -118.32799930
33.34446900 -118.32812280
33.34462970 -118.32819050
5 5.00000000 residential 
33.34263680 -118.32565950
33.34272240 -118.32578910
33.34283790 -118.32568080
33.34275400 -118.32554960
33.34263680 -118.32565950
19 7.80000019 residential 
33.34435300 -118.32666590
33.34432850 -118.32664080
33.34420300 -118.32681460
33.34425980 -118.32687280
33.34425280 -118.32688250
33.34426430 -118.32689430
33.34427220 -118.32688350
33.34431100 -118.32692320
33.34431830 -118.32691300
33.34432340 -118.32691830
33.34439210 -118.32682320
33.34438710 -118.32681810
33.34439350 -118.32680920
33.34437530 -118.32679050
33.34438260 -118.32678030
33.34436330 -118.32676050
33.34436750 -118.32675460
33.34436340 -118.32672960
33.34435300 -118.32666590
6 4.69999981 commercial Catalina Scuba Luv
33.34284050 -118.32568480
33.34289270 -118.32563590
33.34280850 -118.32549850
33.34275400 -118.32554960
33.34283790 -118.32568080
33.34284050 -118.32568480
5 4.80000019 commercial 
33.34307820 -118.32546210
33.34299360 -118.32533120
33.34292690 -118.32539380
33.34300960 -118.32552650
33.34307820 -118.32546210
9 13.80000019 residential 
33.34471640 -118.32732110
33.34468180 -118.32743880
33.34485970 -118.32750390
33.34487660 -118.32744860
33.34490060 -118.32745900
33.34491190 -118.32742200
33.34488970 -118.32741240
33.34489480 -118.32739570
33.34471640 -118.32732110
15 4.59999990 apartments 
33.34466110 -118.32846990
33.34466320 -118.32845760
33.34466890 -118.32845910
33.34467300 -118.32843570
33.34466720 -118.32843430
33.34466820 -118.32842890
33.34467510 -118.32843060
33.34467940 -118.32840640
33.34465040 -118.32839910
33.34465390 -118.32837890
33.34462080 -118.32837060
33.34461160 -118.32842230
33.34458690 -118.32841620
33.34458090 -118.32844980
33.34466110 -118.32846990
23 6.40000010 commercial Chet's
33.34302890 -118.32589850
33.34301250 -118.32591340
33.34305530 -118.32598000
33.34307140 -118.32596520
33.34308940 -118.32599320
33.34307940 -118.32600240
33.34309880 -118.32603260
33.34310910 -118.32602330
33.34313270 -118.32605990
33.34313640 -118.32605660
33.34315190 -118.32608070
33.34322300 -118.32601580
33.34320830 -118.32599290
33.34322350 -118.32597900
33.34320860 -118.32595570
33.34321260 -118.32595210
33.34304120 -118.32568530
33.34303850 -118.32568780
33.34303420 -118.32568110
33.34294670 -118.32576090
33.34295070 -118.32576720
33.34294680 -118.32577070
33.34302890 -118.32589850
7 6.09999990 residential 
33.34506380 -118.32755560
33.34505620 -118.32743250
33.34498850 -118.32743830
33.34499060 -118.32747190
33.34487450 -118.32748200
33.34485690 -118.32757350
33.34506380 -118.32755560
5 2.90000010 residential Eagle Sanctuary
33.35263530 -118.43429880
33.35269370 -118.43433820
33.35272020 -118.43428220
33.35266180 -118.43424290
33.35263530 -118.43429880
24 10.50000000 residential 
33.33931500 -118.32891830
33.33932930 -118.32894280
33.33929730 -118.32896930
33.33939980 -118.32914490
33.33938220 -118.32915950
33.33943350 -118.32924720
33.33949010 -118.32920030
33.33949890 -118.32921540
33.33958850 -118.32914110
33.33957780 -118.32912280
33.33959030 -118.32911000
33.33961300 -118.32913740
33.33966810 -118.32907270
33.33960110 -118.32899170
33.33955390 -118.32904700
33.33954820 -118.32904010
33.33955380 -118.32903340
33.33950530 -118.32894510
33.33949640 -118.32890150
33.33949770 -118.32888230
33.33947230 -118.32883800
33.33949260 -118.32882140
33.33947310 -118.32878740
33.33931500 -118.32891830
13 6.69999981 residential 
33.44073980 -118.50116890
33.44072130 -118.50118070
33.44070360 -118.50114130
33.44064610 -118.50117800
33.44064930 -118.50118510
33.44059840 -118.50121750
33.44061600 -118.50125680
33.44059960 -118.50126720
33.44061810 -118.50130850
33.44068450 -118.50126620
33.44068140 -118.50125940
33.44075830 -118.50121030
33.44073980 -118.50116890
13 6.00000000 residential 
33.44054330 -118.50095960
33.44054090 -118.50095420
33.44047490 -118.50099570
33.44049270 -118.50103620
33.44051010 -118.50102520
33.44052770 -118.50106510
33.44057750 -118.50103380
33.44058040 -118.50104030
33.44062780 -118.50101050
33.44060990 -118.50096980
33.44062800 -118.50095840
33.44061000 -118.50091760
33.44054330 -118.50095960
15 6.19999981 residential 
33.44063780 -118.50077340
33.44063660 -118.50077060
33.44056940 -118.50081130
33.44058640 -118.50085140
33.44060560 -118.50083980
33.44062320 -118.50088120
33.44069040 -118.50084060
33.44069270 -118.50084610
33.44070480 -118.50083880
33.44070280 -118.50083400
33.44073250 -118.50081610
33.44071650 -118.50077840
33.44073190 -118.50076910
33.44071410 -118.50072720
33.44063780 -118.50077340
15 6.69999981 residential 
33.44088960 -118.50102860
33.44087270 -118.50103900
33.44085570 -118.50100000
33.44083270 -118.50101420
33.44083520 -118.50101980
33.44074610 -118.50107490
33.44076330 -118.50111460
33.44074730 -118.50112450
33.44077750 -118.50119380
33.44082100 -118.50116690
33.44080850 -118.50113820
33.44083410 -118.50112240
33.44083230 -118.50111810
33.44090810 -118.50107120
33.44088960 -118.50102860
17 7.09999990 residential 
33.44080760 -118.50149410
33.44081140 -118.50150200
33.44089000 -118.50144740
33.44087160 -118.50140970
33.44085860 -118.50141880
33.44083800 -118.50137670
33.44077220 -118.50142230
33.44076930 -118.50141640
33.44070720 -118.50145940
33.44069760 -118.50143990
33.44067010 -118.50145910
33.44068400 -118.50148770
33.44070780 -118.50147120
33.44072200 -118.50150020
33.44071050 -118.50150830
33.44072990 -118.50154810
33.44080760 -118.50149410
13 6.80000019 residential 
33.44097600 -118.50162660
33.44095740 -118.50158520
33.44093970 -118.50159650
33.44092230 -118.50155780
33.44086380 -118.50159520
33.44086290 -118.50159320
33.44080360 -118.50163110
33.44082150 -118.50167100
33.44080400 -118.50168220
33.44082180 -118.50172180
33.44089830 -118.50167300
33.44089940 -118.50167550
33.44097600 -118.50162660
15 7.19999981 residential 
33.44093380 -118.50179070
33.44094160 -118.50178430
33.44091900 -118.50174570
33.44091140 -118.50175200
33.44089330 -118.50172110
33.44086140 -118.50174780
33.44087070 -118.50176360
33.44084040 -118.50178890
33.44088320 -118.50186190
33.44085640 -118.50188430
33.44089990 -118.50195860
33.44093160 -118.50193220
33.44093760 -118.50194240
33.44099480 -118.50189470
33.44093380 -118.50179070
17 7.09999990 residential 
33.44098480 -118.50151720
33.44095880 -118.50153450
33.44098560 -118.50159200
33.44099700 -118.50158440
33.44100400 -118.50159930
33.44101220 -118.50159380
33.44102140 -118.50161340
33.44105700 -118.50158980
33.44104810 -118.50157080
33.44108130 -118.50154880
33.44106360 -118.50151080
33.44106730 -118.50150830
33.44101900 -118.50140490
33.44098820 -118.50142540
33.44097860 -118.50140490
33.44094330 -118.50142830
33.44098480 -118.50151720
13 4.30000019 residential 
33.44058430 -118.50062500
33.44059530 -118.50064750
33.44064090 -118.50061580
33.44063010 -118.50059360
33.44063970 -118.50058690
33.44062070 -118.50054800
33.44060600 -118.50055820
33.44058630 -118.50051770
33.44049060 -118.50058420
33.44050970 -118.50062340
33.44049220 -118.50063560
33.44051170 -118.50067550
33.44058430 -118.50062500
11 4.30000019 residential 
33.44081590 -118.50054870
33.44079660 -118.50051130
33.44078370 -118.50052090
33.44076210 -118.50047900
33.44071380 -118.50051450
33.44071550 -118.50051780
33.44066960 -118.50055150
33.44068820 -118.50058750
33.44066960 -118.50060110
33.44069020 -118.50064110
33.44081590 -118.50054870
13 4.59999990 residential 
33.44083370 -118.50048610
33.44085240 -118.50052760
33.44083710 -118.50053740
33.44085430 -118.50057550
33.44091990 -118.50053330
33.44091770 -118.50052840
33.44098180 -118.50048710
33.44096300 -118.50044540
33.44094630 -118.50045620
33.44092890 -118.50041770
33.44087930 -118.50044970
33.44088180 -118.50045510
33.44083370 -118.50048610
11 3.79999995 residential 
33.44093690 -118.49992290
33.44092200 -118.49988060
33.44091550 -118.49988380
33.44090080 -118.49984210
33.44084500 -118.49987020
33.44083770 -118.49984950
33.44078910 -118.49987390
33.44079610 -118.49989390
33.44075580 -118.49991420
33.44078570 -118.49999890
33.44093690 -118.49992290
7 3.79999995 residential 
33.44072120 -118.50005910
33.44070660 -118.50001880
33.44069890 -118.50002280
33.44068350 -118.49998030
33.44054080 -118.50005380
33.44057070 -118.50013660
33.44072120 -118.50005910
7 3.59999990 residential 
33.44036370 -118.50033120
33.44037710 -118.50037180
33.44038360 -118.50036870
33.44039780 -118.50041150
33.44054260 -118.50034320
33.44051500 -118.50025990
33.44036370 -118.50033120
13 3.90000010 residential 
33.44092700 -118.50008570
33.44092110 -118.50006310
33.44089080 -118.50007440
33.44089640 -118.50009570
33.44080840 -118.50012850
33.44083090 -118.50021450
33.44090670 -118.50018630
33.44091280 -118.50020940
33.44096240 -118.50019090
33.44095660 -118.50016870
33.44099700 -118.50015360
33.44097460 -118.50006790
33.44092700 -118.50008570
9 5.40000010 residential 
33.44149100 -118.50133020
33.44144830 -118.50126580
33.44139600 -118.50131520
33.44138970 -118.50130580
33.44135620 -118.50133750
33.44136180 -118.50134600
33.44134010 -118.50136650
33.44138340 -118.50143180
33.44149100 -118.50133020
9 5.09999990 residential 
33.44163540 -118.50124360
33.44160370 -118.50117120
33.44154380 -118.50120860
33.44153800 -118.50119530
33.44150180 -118.50121780
33.44150750 -118.50123090
33.44148100 -118.50124740
33.44151280 -118.50132000
33.44163540 -118.50124360
13 4.40000010 residential 
33.44180060 -118.50120370
33.44178670 -118.50112480
33.44172110 -118.50114130
33.44171780 -118.50112280
33.44167700 -118.50113310
33.44168040 -118.50115200
33.44165280 -118.50115890
33.44165970 -118.50119760
33.44163600 -118.50120360
33.44164210 -118.50123830
33.44166480 -118.50123260
33.44166570 -118.50123750
33.44180060 -118.50120370
17 5.59999990 residential 
33.44219470 -118.49992440
33.44218960 -118.49992900
33.44221330 -118.49996700
33.44221760 -118.49996310
33.44223850 -118.49999670
33.44230890 -118.49993420
33.44229940 -118.49991900
33.44229750 -118.49992070
33.44228600 -118.49990220
33.44229350 -118.49989550
33.44227010 -118.49985800
33.44226450 -118.49986290
33.44223150 -118.49980990
33.44218890 -118.49984770
33.44217660 -118.49982790
33.44214950 -118.49985190
33.44219470 -118.49992440
13 3.40000010 residential 
33.44240310 -118.49976940
33.44238110 -118.49974260
33.44239030 -118.49973190
33.44236340 -118.49969890
33.44233240 -118.49973490
33.44233060 -118.49973270
33.44229180 -118.49977780
33.44227510 -118.49975730
33.44226530 -118.49976860
33.44228180 -118.49978880
33.44226550 -118.49980770
33.44231640 -118.49987010
33.44240310 -118.49976940
13 4.69999981 residential 
33.44226460 -118.49951350
33.44227020 -118.49952240
33.44225810 -118.49953320
33.44228160 -118.49957070
33.44229440 -118.49955930
33.44233100 -118.49961770
33.44238770 -118.49956710
33.44236270 -118.49952730
33.44237150 -118.49951940
33.44235700 -118.49949630
33.44236100 -118.49949270
33.44233480 -118.49945090
33.44226460 -118.49951350
7 4.80000019 residential 
33.44216030 -118.49933280
33.44216230 -118.49933050
33.44211550 -118.49927560
33.44207940 -118.49931930
33.44219400 -118.49945370
33.44222810 -118.49941230
33.44216030 -118.49933280
41 5.80000019 residential 
33.44150140 -118.49869190
33.44142500 -118.49853840
33.44137940 -118.49857080
33.44137000 -118.49855190
33.44130280 -118.49859960
33.44124830 -118.49849010
33.44132320 -118.49843710
33.44131000 -118.49841040
33.44132860 -118.49839720
33.44131760 -118.49837530
33.44127410 -118.49840620
33.44128170 -118.49842130
33.44117640 -118.49849590
33.44125670 -118.49865730
33.44115800 -118.49872720
33.44114780 -118.49870670
33.44105930 -118.49876940
33.44111310 -118.49887750
33.44117850 -118.49883120
33.44120960 -118.49889370
33.44122210 -118.49888490
33.44123790 -118.49891670
33.44124910 -118.49890880
33.44125410 -118.49891890
33.44129980 -118.49888650
33.44129530 -118.49887750
33.44130020 -118.49887410
33.44128400 -118.49884150
33.44129020 -118.49883710
33.44126470 -118.49878600
33.44127380 -118.49877950
33.44128290 -118.49879770
33.44130530 -118.49878180
33.44129620 -118.49876360
33.44130490 -118.49875740
33.44132530 -118.49879840
33.44131460 -118.49880590
33.44133790 -118.49885270
33.44141810 -118.49879590
33.44140160 -118.49876270
33.44150140 -118.49869190
11 4.90000010 residential 
33.44140380 -118.49886370
33.44140860 -118.49888480
33.44131410 -118.49891530
33.44135590 -118.49909940
33.44143750 -118.49907300
33.44143310 -118.49905390
33.44148530 -118.49903700
33.44147960 -118.49901180
33.44157960 -118.49897950
33.44154310 -118.49881860
33.44140380 -118.49886370
9 4.69999981 residential 
33.44107140 -118.49808550
33.44103950 -118.49799920
33.44099680 -118.49802160
33.44098620 -118.49799280
33.44094790 -118.49801290
33.44095130 -118.49802200
33.44088330 -118.49805780
33.44092250 -118.49816380
33.44107140 -118.49808550
9 4.90000010 residential 
33.44012670 -118.49771530
33.44013380 -118.49763710
33.44014630 -118.49763870
33.44015510 -118.49754160
33.44007870 -118.49753180
33.44007270 -118.49759880
33.43999000 -118.49758810
33.43998020 -118.49769650
33.44012670 -118.49771530
40 7.50000000 residential 
33.43835630 -118.49800710
33.43835130 -118.49801400
33.43841090 -118.49807600
33.43851260 -118.49793710
33.43849460 -118.49791830
33.43850410 -118.49790520
33.43848630 -118.49788670
33.43847690 -118.49789950
33.43845320 -118.49787490
33.43842200 -118.49791760
33.43842720 -118.49792310
33.43841930 -118.49793380
33.43841350 -118.49792770
33.43840860 -118.49793440
33.43838830 -118.49791330
33.43837980 -118.49792500
33.43835630 -118.49790060
33.43836410 -118.49789000
33.43831820 -118.49784220
33.43831090 -118.49785220
33.43828820 -118.49782860
33.43829510 -118.49781910
33.43828760 -118.49781130
33.43832460 -118.49776070
33.43827120 -118.49770500
33.43825880 -118.49772200
33.43825150 -118.49771440
33.43826990 -118.49768920
33.43817760 -118.49759310
33.43813880 -118.49764620
33.43815530 -118.49766340
33.43813230 -118.49769480
33.43818680 -118.49775160
33.43819300 -118.49774310
33.43820730 -118.49775810
33.43818790 -118.49778460
33.43811880 -118.49779150
33.43812550 -118.49788630
33.43823020 -118.49787590
33.43835630 -118.49800710
9 5.50000000 residential 
33.43827390 -118.49831460
33.43828500 -118.49827230
33.43826150 -118.49826340
33.43827440 -118.49821470
33.43820610 -118.49818910
33.43819330 -118.49823760
33.43816640 -118.49822760
33.43815520 -118.49827010
33.43827390 -118.49831460
7 5.50000000 residential 
33.43786370 -118.49767830
33.43779850 -118.49765920
33.43778460 -118.49772710
33.43775800 -118.49771930
33.43774030 -118.49780520
33.43783200 -118.49783200
33.43786370 -118.49767830
5 5.50000000 residential 
33.43783340 -118.49754000
33.43782070 -118.49760020
33.43797630 -118.49764670
33.43798890 -118.49758650
33.43783340 -118.49754000
18 8.10000038 residential 
33.43911880 -118.49862750
33.43912950 -118.49862570
33.43913910 -118.49858360
33.43912040 -118.49854620
33.43910940 -118.49854800
33.43910090 -118.49847360
33.43902680 -118.49848570
33.43903290 -118.49853830
33.43901130 -118.49854180
33.43902550 -118.49866610
33.43904720 -118.49866250
33.43905220 -118.49870630
33.43906680 -118.49870390
33.43906820 -118.49871560
33.43911490 -118.49870800
33.43911360 -118.49869630
33.43912640 -118.49869420
33.43911880 -118.49862750
5 3.40000010 residential 
33.43905480 -118.49919860
33.43902630 -118.49914060
33.43891150 -118.49922100
33.43894010 -118.49927900
33.43905480 -118.49919860
17 4.90000010 residential 
33.44099930 -118.50067370
33.44098150 -118.50063410
33.44097690 -118.50063700
33.44097620 -118.50063530
33.44093060 -118.50066440
33.44093260 -118.50066880
33.44091010 -118.50068310
33.44089370 -118.50064650
33.44088760 -118.50065030
33.44088660 -118.50064790
33.44084100 -118.50067700
33.44084280 -118.50068090
33.44080880 -118.50070260
33.44082550 -118.50073980
33.44089810 -118.50069350
33.44091370 -118.50072830
33.44099930 -118.50067370
13 5.59999990 residential 
33.44054170 -118.50075830
33.44052240 -118.50071610
33.44050690 -118.50072620
33.44048910 -118.50068750
33.44043920 -118.50072000
33.44043760 -118.50071660
33.44038990 -118.50074770
33.44040760 -118.50078650
33.44039150 -118.50079700
33.44041000 -118.50083750
33.44047340 -118.50079620
33.44047570 -118.50080130
33.44054170 -118.50075830
15 4.80000019 residential 
33.44081710 -118.50090790
33.44084110 -118.50089300
33.44085650 -118.50092820
33.44086230 -118.50092460
33.44086410 -118.50092880
33.44090920 -118.50090070
33.44090640 -118.50089460
33.44094040 -118.50087350
33.44092510 -118.50083840
33.44085140 -118.50088420
33.44080800 -118.50078480
33.44077560 -118.50080490
33.44077890 -118.50081240
33.44077610 -118.50081410
33.44081710 -118.50090790
5 9.00000000 residential 
33.44042310 -118.50023480
33.44048700 -118.50020230
33.44045750 -118.50011920
33.44039370 -118.50015160
33.44042310 -118.50023480
5 3.20000005 residential 
33.44058440 -118.49962640
33.44061820 -118.49970040
33.44068000 -118.49966020
33.44064620 -118.49958620
33.44058440 -118.49962640
5 3.59999990 residential 
33.44060240 -118.49957030
33.44068110 -118.49952060
33.44063400 -118.49941450
33.44055530 -118.49946410
33.44060240 -118.49957030
5 3.59999990 residential 
33.44105430 -118.49949350
33.44100380 -118.49938890
33.44077230 -118.49954760
33.44082280 -118.49965220
33.44105430 -118.49949350
21 4.50000000 residential 
33.44182430 -118.49954190
33.44187600 -118.49948780
33.44188210 -118.49949610
33.44189250 -118.49948520
33.44190780 -118.49950610
33.44189770 -118.49951670
33.44191070 -118.49953440
33.44195100 -118.49949220
33.44193770 -118.49947410
33.44194500 -118.49946640
33.44193050 -118.49944660
33.44194270 -118.49943380
33.44192350 -118.49940760
33.44194020 -118.49939020
33.44190210 -118.49933830
33.44188470 -118.49935650
33.44187220 -118.49933950
33.44181260 -118.49940190
33.44182250 -118.49941540
33.44177090 -118.49946940
33.44182430 -118.49954190
5 3.59999990 residential 
33.44185640 -118.49968090
33.44190410 -118.49963020
33.44186430 -118.49957670
33.44181650 -118.49962750
33.44185640 -118.49968090
7 4.59999990 residential 
33.44152550 -118.49916420
33.44158580 -118.49923880
33.44161530 -118.49920490
33.44160430 -118.49919120
33.44164140 -118.49914840
33.44159220 -118.49908750
33.44152550 -118.49916420
5 4.59999990 residential 
33.44166680 -118.49900080
33.44163410 -118.49903680
33.44168200 -118.49909900
33.44171480 -118.49906310
33.44166680 -118.49900080
9 4.09999990 residential 
33.44154600 -118.49903190
33.44150870 -118.49907670
33.44148200 -118.49904500
33.44144600 -118.49908830
33.44148350 -118.49913260
33.44149100 -118.49912360
33.44151490 -118.49915180
33.44158060 -118.49907290
33.44154600 -118.49903190
10 5.80000019 residential 
33.44124110 -118.49784530
33.44123770 -118.49783580
33.44121310 -118.49784820
33.44122670 -118.49788690
33.44124980 -118.49787540
33.44127960 -118.49795990
33.44135500 -118.49790840
33.44132170 -118.49782460
33.44130130 -118.49781510
33.44124110 -118.49784530
17 5.09999990 residential 
33.44116860 -118.49804080
33.44115960 -118.49801750
33.44113540 -118.49803080
33.44114390 -118.49805290
33.44108850 -118.49808330
33.44111160 -118.49814320
33.44118710 -118.49810180
33.44117980 -118.49808280
33.44123850 -118.49805060
33.44124150 -118.49805820
33.44128600 -118.49804110
33.44132460 -118.49801320
33.44130510 -118.49795890
33.44126070 -118.49797440
33.44122060 -118.49800120
33.44122410 -118.49801040
33.44116860 -118.49804080
13 3.20000005 residential 
33.44058910 -118.49682560
33.44057410 -118.49679520
33.44055450 -118.49680900
33.44056960 -118.49683940
33.44053180 -118.49686600
33.44053580 -118.49687410
33.44051780 -118.49688680
33.44055130 -118.49695430
33.44055390 -118.49695240
33.44055880 -118.49696230
33.44064210 -118.49690360
33.44059980 -118.49681810
33.44058910 -118.49682560
17 3.90000010 residential 
33.44074040 -118.49697870
33.44069920 -118.49691620
33.44066190 -118.49695120
33.44063720 -118.49691380
33.44057490 -118.49696560
33.44059820 -118.49700550
33.44061280 -118.49699330
33.44061550 -118.49699780
33.44062580 -118.49698920
33.44061870 -118.49697710
33.44063700 -118.49696190
33.44064990 -118.49698410
33.44064490 -118.49698820
33.44065870 -118.49701170
33.44066510 -118.49700640
33.44068140 -118.49703420
33.44074040 -118.49697870
11 2.70000005 residential 
33.44015050 -118.49699410
33.44012850 -118.49695480
33.44012650 -118.49695640
33.44011650 -118.49693860
33.44013360 -118.49692500
33.44010450 -118.49687290
33.44002920 -118.49693280
33.44005230 -118.49697400
33.44003970 -118.49698410
33.44007780 -118.49705200
33.44015050 -118.49699410
17 2.59999990 residential 
33.43973880 -118.49661670
33.43973920 -118.49663800
33.43971220 -118.49663870
33.43971270 -118.49666870
33.43974270 -118.49666800
33.43974340 -118.49670550
33.43978060 -118.49670460
33.43978060 -118.49670180
33.43978980 -118.49670160
33.43978970 -118.49669490
33.43980460 -118.49669450
33.43980440 -118.49668500
33.43982840 -118.49668440
33.43982720 -118.49661980
33.43978840 -118.49662080
33.43978830 -118.49661540
33.43973880 -118.49661670
9 7.09999990 residential 
33.44112850 -118.49733080
33.44123770 -118.49727700
33.44121510 -118.49721170
33.44116330 -118.49723720
33.44114730 -118.49719090
33.44111350 -118.49720750
33.44112460 -118.49723950
33.44110090 -118.49725110
33.44112850 -118.49733080
31 4.00000000 residential 
33.44115980 -118.49745890
33.44115840 -118.49745460
33.44118470 -118.49744230
33.44115860 -118.49736300
33.44113990 -118.49737180
33.44113170 -118.49734700
33.44109640 -118.49736360
33.44109970 -118.49737400
33.44106730 -118.49738910
33.44108100 -118.49743080
33.44110180 -118.49742110
33.44110820 -118.49744070
33.44111960 -118.49743540
33.44112190 -118.49744260
33.44111190 -118.49744730
33.44111660 -118.49746160
33.44104940 -118.49749300
33.44105860 -118.49752080
33.44110610 -118.49749860
33.44111390 -118.49752230
33.44114060 -118.49750990
33.44112630 -118.49746640
33.44113720 -118.49746130
33.44115660 -118.49752020
33.44116600 -118.49751590
33.44117890 -118.49755510
33.44122470 -118.49753380
33.44121620 -118.49750810
33.44123760 -118.49749810
33.44121610 -118.49743260
33.44115980 -118.49745890
33 3.00000000 residential 
33.44132480 -118.50020430
33.44135840 -118.50027260
33.44133910 -118.50028610
33.44135180 -118.50031180
33.44136950 -118.50029950
33.44139500 -118.50035140
33.44142020 -118.50033380
33.44140800 -118.50030890
33.44142630 -118.50029610
33.44143900 -118.50032200
33.44145890 -118.50030810
33.44145410 -118.50029840
33.44150570 -118.50026220
33.44149550 -118.50024160
33.44144180 -118.50027930
33.44143080 -118.50025700
33.44149540 -118.50021170
33.44148340 -118.50018730
33.44147980 -118.50018980
33.44147450 -118.50017900
33.44149270 -118.50016620
33.44149440 -118.50016950
33.44152460 -118.50014830
33.44152310 -118.50014520
33.44154050 -118.50013300
33.44154240 -118.50013680
33.44160850 -118.50009050
33.44161290 -118.50009950
33.44163230 -118.50008600
33.44160380 -118.50002820
33.44158460 -118.50004160
33.44157750 -118.50002730
33.44132480 -118.50020430
19 2.90000010 residential 
33.44114560 -118.49988340
33.44112860 -118.49984830
33.44110270 -118.49986620
33.44109150 -118.49984320
33.44103620 -118.49988140
33.44104750 -118.49990460
33.44099130 -118.49994350
33.44097860 -118.49991740
33.44095090 -118.49993650
33.44096870 -118.49997290
33.44099790 -118.49995270
33.44101070 -118.49997900
33.44101450 -118.49997630
33.44101790 -118.49998330
33.44102540 -118.49997810
33.44102950 -118.49998660
33.44105860 -118.49996650
33.44105030 -118.49994940
33.44114560 -118.49988340
5 6.19999981 residential 
33.43983500 -118.49892190
33.43978070 -118.49880680
33.43967440 -118.49887810
33.43972880 -118.49899320
33.43983500 -118.49892190
11 5.00000000 residential 
33.44124440 -118.50149000
33.44123970 -118.50147320
33.44119960 -118.50148910
33.44120390 -118.50150460
33.44117660 -118.50151540
33.44119730 -118.50158930
33.44126100 -118.50156400
33.44126240 -118.50156900
33.44133100 -118.50154170
33.44130930 -118.50146420
33.44124440 -118.50149000
11 3.20000005 residential 
33.34121220 -118.32691820
33.34125240 -118.32688030
33.34122550 -118.32683980
33.34122320 -118.32684190
33.34118760 -118.32678840
33.34119190 -118.32678440
33.34118070 -118.32676750
33.34117720 -118.32677090
33.34116450 -118.32675180
33.34112580 -118.32678830
33.34121220 -118.32691820
11 3.90000010 residential 
33.34147770 -118.32783810
33.34147400 -118.32784150
33.34149280 -118.32787010
33.34152800 -118.32783730
33.34151280 -118.32781410
33.34151700 -118.32781030
33.34148600 -118.32776300
33.34148180 -118.32776690
33.34144770 -118.32771500
33.34141620 -118.32774440
33.34147770 -118.32783810
11 4.59999990 residential 
33.33960330 -118.32869460
33.33965150 -118.32867130
33.33961700 -118.32857020
33.33968700 -118.32853630
33.33967880 -118.32851220
33.33972040 -118.32849210
33.33967640 -118.32836320
33.33963430 -118.32838370
33.33964370 -118.32841140
33.33952610 -118.32846830
33.33960330 -118.32869460
11 7.80000019 residential 
33.34103920 -118.32729360
33.34108950 -118.32725230
33.34107050 -118.32721960
33.34107390 -118.32721680
33.34105220 -118.32717940
33.34105490 -118.32717710
33.34102500 -118.32712560
33.34097770 -118.32716440
33.34099580 -118.32719570
33.34098680 -118.32720310
33.34103920 -118.32729360
11 4.30000019 residential 
33.34057140 -118.32673980
33.34057600 -118.32673560
33.34058490 -118.32674920
33.34058030 -118.32675350
33.34063610 -118.32683950
33.34068170 -118.32679750
33.34067890 -118.32679330
33.34068360 -118.32678900
33.34060110 -118.32666170
33.34055080 -118.32670800
33.34057140 -118.32673980
11 5.50000000 residential 
33.34033430 -118.32769750
33.34034010 -118.32769210
33.34034980 -118.32770680
33.34037910 -118.32767950
33.34036990 -118.32766540
33.34037850 -118.32765750
33.34031950 -118.32756770
33.34031230 -118.32757450
33.34029570 -118.32754910
33.34025920 -118.32758300
33.34033430 -118.32769750
11 4.09999990 residential 
33.34061290 -118.32709980
33.34066290 -118.32705360
33.34065150 -118.32703610
33.34065970 -118.32702840
33.34062620 -118.32697700
33.34061900 -118.32698370
33.34060000 -118.32695440
33.34060850 -118.32694650
33.34058920 -118.32691700
33.34052970 -118.32697210
33.34061290 -118.32709980
11 4.69999981 apartments 
33.33962110 -118.32748290
33.33961270 -118.32749270
33.33964760 -118.32753490
33.33969510 -118.32747930
33.33970640 -118.32749300
33.33973260 -118.32746230
33.33967850 -118.32739680
33.33966030 -118.32741810
33.33960930 -118.32735630
33.33956210 -118.32741150
33.33962110 -118.32748290
11 7.40000010 residential 
33.34131940 -118.32706100
33.34137780 -118.32700820
33.34137170 -118.32699870
33.34138860 -118.32698340
33.34134020 -118.32690730
33.34133820 -118.32690910
33.34132970 -118.32689580
33.34131540 -118.32690860
33.34132250 -118.32691970
33.34126340 -118.32697310
33.34131940 -118.32706100
11 7.59999990 residential 
33.34034340 -118.32705400
33.34034710 -118.32705080
33.34036390 -118.32707860
33.34041170 -118.32703770
33.34037800 -118.32698180
33.34035420 -118.32700220
33.34033950 -118.32697790
33.34035490 -118.32696480
33.34032380 -118.32691330
33.34028080 -118.32695010
33.34034340 -118.32705400
11 6.40000010 residential 
33.34062210 -118.32790670
33.34061280 -118.32791510
33.34062620 -118.32793640
33.34063600 -118.32792750
33.34069040 -118.32801320
33.34072970 -118.32797770
33.34067130 -118.32788570
33.34066990 -118.32788690
33.34064880 -118.32785380
33.34061050 -118.32788830
33.34062210 -118.32790670
11 4.69999981 residential 
33.34040860 -118.32689760
33.34040190 -118.32690360
33.34039130 -118.32688690
33.34039720 -118.32688170
33.34038250 -118.32685840
33.34033450 -118.32690120
33.34041750 -118.32703320
33.34046230 -118.32699320
33.34045790 -118.32698620
33.34046210 -118.32698250
33.34040860 -118.32689760
11 5.09999990 apartments 
33.33993560 -118.32799660
33.33992400 -118.32804980
33.33989950 -118.32804220
33.33988830 -118.32809350
33.33993240 -118.32810720
33.33993050 -118.32811560
33.33996450 -118.32812610
33.33997880 -118.32806090
33.34002320 -118.32807470
33.34003360 -118.32802710
33.33993560 -118.32799660
11 5.30000019 residential 
33.34134400 -118.32822720
33.34135380 -118.32821780
33.34136850 -118.32823970
33.34141760 -118.32819290
33.34133640 -118.32807180
33.34130160 -118.32810490
33.34131300 -118.32812190
33.34129930 -118.32813490
33.34131040 -118.32815160
33.34130000 -118.32816150
33.34134400 -118.32822720
11 9.69999981 residential 
33.34062650 -118.32803950
33.34064150 -118.32806260
33.34067690 -118.32803010
33.34059830 -118.32790880
33.34056940 -118.32793550
33.34057660 -118.32794650
33.34053210 -118.32798740
33.34055950 -118.32802990
33.34053240 -118.32805480
33.34056130 -118.32809950
33.34062650 -118.32803950
11 7.19999981 residential 
33.34076970 -118.32757560
33.34084070 -118.32751140
33.34078710 -118.32742730
33.34080170 -118.32741410
33.34080430 -118.32739290
33.34079470 -118.32737710
33.34077620 -118.32737470
33.34076730 -118.32738430
33.34075600 -118.32737770
33.34068520 -118.32744300
33.34076970 -118.32757560
11 4.09999990 residential 
33.34072000 -118.32874370
33.34071550 -118.32874760
33.34072900 -118.32876950
33.34074370 -118.32875670
33.34075930 -118.32877480
33.34079820 -118.32873430
33.34074560 -118.32865370
33.34074810 -118.32865150
33.34072420 -118.32861260
33.34066900 -118.32866060
33.34072000 -118.32874370
11 6.69999981 residential 
33.34131730 -118.32761370
33.34131290 -118.32761790
33.34130190 -118.32760160
33.34129940 -118.32760400
33.34126290 -118.32754980
33.34123330 -118.32757820
33.34127990 -118.32764740
33.34127400 -118.32765300
33.34131480 -118.32771370
33.34135730 -118.32767310
33.34131730 -118.32761370
11 7.40000010 residential 
33.34037960 -118.32818150
33.34036850 -118.32819230
33.34038950 -118.32822320
33.34039920 -118.32821390
33.34042940 -118.32825810
33.34044640 -118.32824170
33.34044990 -118.32824680
33.34049080 -118.32820720
33.34041250 -118.32809220
33.34035600 -118.32814680
33.34037960 -118.32818150
11 6.50000000 residential 
33.34041050 -118.32769790
33.34046140 -118.32777930
33.34045380 -118.32778600
33.34048380 -118.32783380
33.34054950 -118.32777540
33.34053770 -118.32775650
33.34053970 -118.32775470
33.34051050 -118.32770820
33.34051930 -118.32770040
33.34047940 -118.32763670
33.34041050 -118.32769790
11 3.90000010 residential 
33.34086360 -118.32850200
33.34086600 -118.32849990
33.34085990 -118.32849000
33.34082090 -118.32852410
33.34082400 -118.32852910
33.34081950 -118.32853310
33.34087940 -118.32863000
33.34088230 -118.32862750
33.34089560 -118.32864910
33.34093390 -118.32861560
33.34086360 -118.32850200
11 3.70000005 residential 
33.34111260 -118.32809480
33.34110760 -118.32809950
33.34110380 -118.32809380
33.34110710 -118.32809060
33.34109450 -118.32807160
33.34109180 -118.32807410
33.34107670 -118.32805120
33.34104230 -118.32808340
33.34112350 -118.32820630
33.34116230 -118.32816990
33.34111260 -118.32809480
11 7.00000000 residential 
33.34046260 -118.32833220
33.34045990 -118.32833480
33.34051840 -118.32842460
33.34056200 -118.32838430
33.34051570 -118.32831440
33.34052410 -118.32830670
33.34050040 -118.32827030
33.34049200 -118.32827810
33.34047690 -118.32825500
33.34043660 -118.32829230
33.34046260 -118.32833220
11 4.40000010 residential 
33.34167810 -118.32751520
33.34167320 -118.32751970
33.34166850 -118.32751260
33.34163140 -118.32754660
33.34163590 -118.32755360
33.34162780 -118.32756110
33.34165350 -118.32760080
33.34165760 -118.32759710
33.34170730 -118.32767400
33.34175340 -118.32763170
33.34167810 -118.32751520
11 3.29999995 residential 
33.34073450 -118.32724870
33.34074190 -118.32724180
33.34076060 -118.32727020
33.34075270 -118.32727750
33.34077690 -118.32731420
33.34082320 -118.32727090
33.34080770 -118.32724740
33.34080490 -118.32725010
33.34073550 -118.32714470
33.34069250 -118.32718490
33.34073450 -118.32724870
11 7.30000019 residential 
33.34114400 -118.32786660
33.34117380 -118.32783770
33.34114800 -118.32779990
33.34115580 -118.32779240
33.34112400 -118.32774570
33.34111640 -118.32775310
33.34111140 -118.32774580
33.34111840 -118.32773900
33.34108830 -118.32769480
33.34105130 -118.32773060
33.34114400 -118.32786660
11 5.09999990 residential 
33.34103010 -118.32290890
33.34111880 -118.32289700
33.34111660 -118.32287390
33.34120550 -118.32286190
33.34120190 -118.32282420
33.34122120 -118.32282160
33.34121630 -118.32277000
33.34119670 -118.32277270
33.34119310 -118.32273520
33.34101590 -118.32275910
33.34103010 -118.32290890
12 4.40000010 residential 
33.34103070 -118.32662960
33.34103670 -118.32662420
33.34107380 -118.32668220
33.34111420 -118.32664550
33.34107340 -118.32658180
33.34106810 -118.32658660
33.34105360 -118.32656400
33.34105970 -118.32655840
33.34103140 -118.32651440
33.34098430 -118.32655720
33.34100840 -118.32659650
33.34103070 -118.32662960
13 3.90000010 apartments 
33.33987260 -118.32827520
33.33987750 -118.32827300
33.33986480 -118.32823270
33.33981510 -118.32825490
33.33979930 -118.32820440
33.33975770 -118.32822290
33.33977380 -118.32827440
33.33976720 -118.32827740
33.33977890 -118.32831470
33.33982900 -118.32829240
33.33984450 -118.32834180
33.33988750 -118.32832270
33.33987260 -118.32827520
13 4.69999981 residential 
33.34024240 -118.32775060
33.34026160 -118.32773300
33.34027300 -118.32775080
33.34030720 -118.32771960
33.34028430 -118.32768420
33.34029340 -118.32767590
33.34024950 -118.32760780
33.34023020 -118.32762540
33.34022180 -118.32761230
33.34020600 -118.32762680
33.34021410 -118.32763930
33.34018680 -118.32766430
33.34024240 -118.32775060
13 4.30000019 residential 
33.34161490 -118.32774910
33.34158030 -118.32769430
33.34158360 -118.32769140
33.34154740 -118.32763400
33.34150740 -118.32766980
33.34152210 -118.32769310
33.34152830 -118.32768760
33.34153150 -118.32769270
33.34149760 -118.32772300
33.34150490 -118.32773460
33.34148880 -118.32774900
33.34153440 -118.32782120
33.34161490 -118.32774910
13 4.19999981 apartments 
33.34004500 -118.32816820
33.34004040 -118.32816880
33.34004390 -118.32820900
33.34009710 -118.32820240
33.34010180 -118.32825560
33.34014600 -118.32825010
33.34014130 -118.32819620
33.34014660 -118.32819550
33.34014320 -118.32815680
33.34009040 -118.32816330
33.34008590 -118.32811150
33.34004050 -118.32811710
33.34004500 -118.32816820
13 6.80000019 residential 
33.34135500 -118.32765460
33.34135770 -118.32765230
33.34136600 -118.32766550
33.34143450 -118.32760480
33.34138910 -118.32753230
33.34139590 -118.32752620
33.34138860 -118.32751460
33.34138220 -118.32752020
33.34137160 -118.32750330
33.34133780 -118.32753330
33.34131520 -118.32749720
33.34127750 -118.32753060
33.34135500 -118.32765460
13 8.10000038 residential 
33.34065300 -118.32863610
33.34073130 -118.32856820
33.34070690 -118.32852830
33.34071070 -118.32852490
33.34068720 -118.32848640
33.34068560 -118.32848780
33.34067470 -118.32847010
33.34066240 -118.32848070
33.34065080 -118.32846180
33.34062920 -118.32848060
33.34062340 -118.32847110
33.34057680 -118.32851150
33.34065300 -118.32863610
13 4.30000019 residential 
33.34116440 -118.32660010
33.34122260 -118.32654700
33.34121900 -118.32654130
33.34122470 -118.32653610
33.34118490 -118.32647430
33.34117900 -118.32647980
33.34115880 -118.32644850
33.34116360 -118.32644410
33.34115380 -118.32642890
33.34114830 -118.32643390
33.34113690 -118.32641620
33.34107980 -118.32646840
33.34116440 -118.32660010
13 5.59999990 residential 
33.34189600 -118.32732780
33.34189130 -118.32733200
33.34189540 -118.32733830
33.34186850 -118.32736280
33.34185950 -118.32734870
33.34182950 -118.32737590
33.34183710 -118.32738780
33.34181830 -118.32740490
33.34188600 -118.32751070
33.34191350 -118.32748580
33.34190410 -118.32747110
33.34195690 -118.32742300
33.34189600 -118.32732780
13 7.69999981 residential 
33.34093350 -118.32837080
33.34097410 -118.32833440
33.34097740 -118.32833950
33.34102310 -118.32829860
33.34094560 -118.32817590
33.34089920 -118.32821760
33.34090280 -118.32822340
33.34089260 -118.32823260
33.34088580 -118.32823160
33.34087190 -118.32824400
33.34087170 -118.32825220
33.34086300 -118.32825900
33.34093350 -118.32837080
13 5.09999990 residential 
33.34038390 -118.32764240
33.34042590 -118.32760320
33.34044040 -118.32762520
33.34045390 -118.32761260
33.34044010 -118.32759170
33.34043700 -118.32759470
33.34040300 -118.32754300
33.34040160 -118.32754440
33.34036240 -118.32748490
33.34034230 -118.32750370
33.34034580 -118.32750920
33.34031510 -118.32753780
33.34038390 -118.32764240
13 3.09999990 residential 
33.34073940 -118.32854690
33.34077950 -118.32851260
33.34077640 -118.32850740
33.34078280 -118.32850190
33.34075990 -118.32846380
33.34075280 -118.32846980
33.34074430 -118.32845550
33.34074980 -118.32845080
33.34072470 -118.32840900
33.34070250 -118.32842800
33.34072790 -118.32847010
33.34070500 -118.32848970
33.34073940 -118.32854690
13 3.50000000 residential 
33.34057960 -118.32821680
33.34055300 -118.32824110
33.34056810 -118.32826460
33.34056360 -118.32826870
33.34057160 -118.32828110
33.34057730 -118.32827590
33.34058630 -118.32828990
33.34058000 -118.32829570
33.34060150 -118.32832910
33.34060610 -118.32832480
33.34061990 -118.32834630
33.34064700 -118.32832150
33.34057960 -118.32821680
13 5.90000010 residential 
33.34092910 -118.32726130
33.34092420 -118.32725320
33.34090530 -118.32726940
33.34089330 -118.32724940
33.34085580 -118.32728150
33.34087430 -118.32731210
33.34088240 -118.32730510
33.34094400 -118.32740720
33.34096840 -118.32738630
33.34095190 -118.32735880
33.34100680 -118.32731180
33.34096020 -118.32723460
33.34092910 -118.32726130
13 8.60000038 residential 
33.34025480 -118.32497520
33.34026670 -118.32501720
33.34021240 -118.32503900
33.34025660 -118.32519530
33.34032550 -118.32516770
33.34030940 -118.32511040
33.34040350 -118.32507270
33.34041890 -118.32512750
33.34048550 -118.32510080
33.34044090 -118.32494270
33.34038610 -118.32496470
33.34037540 -118.32492690
33.34025480 -118.32497520
14 8.19999981 residential 
33.34022880 -118.32581060
33.34028950 -118.32576740
33.34027330 -118.32573510
33.34035800 -118.32567490
33.34037340 -118.32570570
33.34043360 -118.32566290
33.34036850 -118.32553310
33.34031750 -118.32556940
33.34029600 -118.32552630
33.34018660 -118.32560410
33.34021000 -118.32565080
33.34016480 -118.32568300
33.34019680 -118.32574680
33.34022880 -118.32581060
13 7.59999990 residential 
33.34140560 -118.32694210
33.34140330 -118.32694430
33.34142320 -118.32697420
33.34148400 -118.32691690
33.34144550 -118.32685940
33.34145390 -118.32685150
33.34144010 -118.32683080
33.34143380 -118.32683680
33.34142220 -118.32681930
33.34142960 -118.32681240
33.34140650 -118.32677760
33.34133880 -118.32684140
33.34140560 -118.32694210
13 5.80000019 apartments 
33.33951130 -118.32799890
33.33954310 -118.32803920
33.33957070 -118.32800840
33.33959590 -118.32804050
33.33957800 -118.32806060
33.33959810 -118.32808610
33.33964980 -118.32802830
33.33963790 -118.32801320
33.33964520 -118.32800500
33.33963020 -118.32798590
33.33962780 -118.32798850
33.33957770 -118.32792480
33.33951130 -118.32799890
14 8.80000019 residential 
33.34145150 -118.32409310
33.34147960 -118.32403740
33.34142330 -118.32399710
33.34141520 -118.32401330
33.34140710 -118.32400740
33.34139320 -118.32403490
33.34134230 -118.32408690
33.34126620 -118.32409740
33.34127330 -118.32417070
33.34131850 -118.32416450
33.34131890 -118.32416880
33.34136600 -118.32416230
33.34137190 -118.32417400
33.34145150 -118.32409310
14 7.50000000 residential 
33.34109320 -118.32706510
33.34106080 -118.32709460
33.34106580 -118.32711460
33.34107980 -118.32712440
33.34109250 -118.32711290
33.34110040 -118.32712530
33.34106580 -118.32715660
33.34106950 -118.32716230
33.34106140 -118.32716970
33.34110450 -118.32723730
33.34113500 -118.32720970
33.34114160 -118.32721990
33.34117420 -118.32719040
33.34109320 -118.32706510
14 9.10000038 residential 
33.34146410 -118.32749120
33.34146150 -118.32749360
33.34141050 -118.32741380
33.34140120 -118.32741440
33.34138690 -118.32742820
33.34138680 -118.32743460
33.34136040 -118.32745930
33.34138540 -118.32749830
33.34138960 -118.32749450
33.34141260 -118.32753030
33.34140940 -118.32753320
33.34144650 -118.32759130
33.34149810 -118.32754440
33.34146410 -118.32749120
15 3.90000010 residential 
33.34100840 -118.32659650
33.34100380 -118.32660060
33.34099210 -118.32658170
33.34097460 -118.32659710
33.34096320 -118.32657870
33.34093790 -118.32660090
33.34097960 -118.32666820
33.34098380 -118.32666440
33.34102280 -118.32672730
33.34106790 -118.32668760
33.34105660 -118.32666940
33.34105010 -118.32667510
33.34104130 -118.32666080
33.34104580 -118.32665680
33.34100840 -118.32659650
15 8.39999962 residential 
33.34082270 -118.32790070
33.34085300 -118.32787110
33.34083800 -118.32784920
33.34084960 -118.32783790
33.34086660 -118.32786260
33.34094470 -118.32778630
33.34088420 -118.32769840
33.34088830 -118.32769450
33.34085940 -118.32765250
33.34081880 -118.32769230
33.34081600 -118.32768820
33.34077310 -118.32773000
33.34077650 -118.32773490
33.34073590 -118.32777450
33.34082270 -118.32790070
15 3.79999995 residential 
33.34065120 -118.32831740
33.34066450 -118.32830540
33.34066800 -118.32831090
33.34068820 -118.32829250
33.34068500 -118.32828740
33.34069690 -118.32827660
33.34063770 -118.32818380
33.34062700 -118.32816690
33.34061300 -118.32814570
33.34056780 -118.32818680
33.34059350 -118.32822690
33.34060210 -118.32821910
33.34060700 -118.32822660
33.34059820 -118.32823470
33.34065120 -118.32831740
15 4.90000010 apartments 
33.33979250 -118.32784580
33.33981610 -118.32787970
33.33982050 -118.32787540
33.33984700 -118.32791350
33.33983550 -118.32792490
33.33986030 -118.32796070
33.33994690 -118.32787530
33.33991980 -118.32783640
33.33991050 -118.32784560
33.33990240 -118.32783400
33.33989930 -118.32783710
33.33988340 -118.32781430
33.33988450 -118.32781320
33.33986050 -118.32777860
33.33979250 -118.32784580
15 7.80000019 residential 
33.34026990 -118.32798180
33.34028370 -118.32796930
33.34029120 -118.32798100
33.34031540 -118.32795900
33.34032590 -118.32797540
33.34035580 -118.32794820
33.34034580 -118.32793280
33.34037070 -118.32791010
33.34031970 -118.32783050
33.34032540 -118.32782530
33.34030750 -118.32779730
33.34026060 -118.32784000
33.34025610 -118.32783300
33.34020460 -118.32787990
33.34026990 -118.32798180
15 7.19999981 residential 
33.34031570 -118.32777730
33.34036930 -118.32786230
33.34038080 -118.32785210
33.34040320 -118.32788770
33.34040920 -118.32788230
33.34041880 -118.32789750
33.34046320 -118.32785760
33.34045370 -118.32784240
33.34046030 -118.32783650
33.34043950 -118.32780350
33.34044910 -118.32779490
33.34042340 -118.32775400
33.34042170 -118.32775550
33.34039230 -118.32770880
33.34031570 -118.32777730
15 4.50000000 residential 
33.34046560 -118.32712660
33.34046120 -118.32713070
33.34043560 -118.32709190
33.34041200 -118.32711390
33.34040980 -118.32711060
33.34042350 -118.32709780
33.34041060 -118.32707810
33.34038050 -118.32710620
33.34041750 -118.32716240
33.34042390 -118.32715650
33.34044490 -118.32718830
33.34044220 -118.32719070
33.34046920 -118.32723170
33.34050980 -118.32719380
33.34046560 -118.32712660
16 4.69999981 apartments 
33.33916500 -118.32757190
33.33917420 -118.32763050
33.33924500 -118.32761470
33.33923500 -118.32755060
33.33920570 -118.32755710
33.33920130 -118.32752910
33.33925500 -118.32747340
33.33920450 -118.32740430
33.33917370 -118.32743620
33.33919200 -118.32746130
33.33917210 -118.32748200
33.33909570 -118.32745920
33.33908560 -118.32750710
33.33908890 -118.32750810
33.33908130 -118.32754410
33.33916500 -118.32757190
17 4.69999981 apartments 
33.33947090 -118.32518660
33.33934250 -118.32510390
33.33927830 -118.32524550
33.33933360 -118.32528120
33.33936320 -118.32521610
33.33937510 -118.32522380
33.33939660 -118.32517640
33.33942120 -118.32519220
33.33940010 -118.32523870
33.33938050 -118.32522610
33.33935500 -118.32528240
33.33936220 -118.32528710
33.33935660 -118.32529940
33.33938860 -118.32532000
33.33939090 -118.32531500
33.33940770 -118.32532590
33.33947090 -118.32518660
17 3.59999990 residential 
33.34102350 -118.32829500
33.34106370 -118.32826290
33.34106040 -118.32825700
33.34106620 -118.32825230
33.34104020 -118.32820600
33.34103180 -118.32821260
33.34102450 -118.32819950
33.34102680 -118.32819760
33.34101840 -118.32818280
33.34101340 -118.32818680
33.34100780 -118.32817680
33.34100930 -118.32817570
33.34099040 -118.32814210
33.34098680 -118.32814490
33.34098460 -118.32814090
33.34095160 -118.32816720
33.34102350 -118.32829500
17 6.59999990 residential 
33.34142890 -118.32713790
33.34138740 -118.32717560
33.34139880 -118.32719330
33.34139470 -118.32719710
33.34138380 -118.32718000
33.34134210 -118.32721780
33.34133830 -118.32721180
33.34129510 -118.32725110
33.34131620 -118.32728420
33.34130980 -118.32729000
33.34129240 -118.32726270
33.34121320 -118.32733470
33.34128980 -118.32745440
33.34130220 -118.32744310
33.34131020 -118.32745560
33.34151380 -118.32727070
33.34142890 -118.32713790
17 3.70000005 residential 
33.34101550 -118.32673980
33.34100360 -118.32672060
33.34099780 -118.32672560
33.34098930 -118.32671180
33.34099750 -118.32670460
33.34097250 -118.32666390
33.34096430 -118.32667100
33.34094550 -118.32664050
33.34095000 -118.32663660
33.34093290 -118.32660880
33.34089280 -118.32664380
33.34092080 -118.32668930
33.34091510 -118.32669430
33.34094300 -118.32673980
33.34094980 -118.32673380
33.34097510 -118.32677500
33.34101550 -118.32673980
17 6.30000019 residential 
33.34176070 -118.32710720
33.34172480 -118.32713950
33.34171900 -118.32713040
33.34167670 -118.32716860
33.34167210 -118.32716140
33.34162500 -118.32720400
33.34163070 -118.32721300
33.34158400 -118.32725520
33.34165940 -118.32737380
33.34170330 -118.32733420
33.34170890 -118.32734300
33.34174040 -118.32731460
33.34170000 -118.32725090
33.34170370 -118.32724760
33.34169570 -118.32723500
33.34178860 -118.32715110
33.34176070 -118.32710720
17 7.40000010 residential 
33.34093430 -118.32787770
33.34093130 -118.32788030
33.34091590 -118.32785550
33.34083190 -118.32792970
33.34083450 -118.32793390
33.34079370 -118.32796990
33.34087940 -118.32810780
33.34095990 -118.32803680
33.34090950 -118.32795580
33.34092740 -118.32794000
33.34094080 -118.32796160
33.34093290 -118.32796860
33.34095920 -118.32801080
33.34095670 -118.32801300
33.34096960 -118.32803370
33.34100950 -118.32799850
33.34093430 -118.32787770
17 8.60000038 residential 
33.34062570 -118.32552260
33.34060790 -118.32548740
33.34065380 -118.32545440
33.34060100 -118.32535010
33.34059890 -118.32535170
33.34058060 -118.32531570
33.34050720 -118.32536840
33.34052390 -118.32540130
33.34053720 -118.32539170
33.34054490 -118.32540700
33.34045880 -118.32546890
33.34043390 -118.32541960
33.34037560 -118.32546150
33.34044790 -118.32560410
33.34049630 -118.32556930
33.34051340 -118.32560330
33.34062570 -118.32552260
16 4.80000019 residential 
33.34198350 -118.32765300
33.34202990 -118.32761300
33.34201220 -118.32758390
33.34201620 -118.32758040
33.34201380 -118.32757640
33.34203670 -118.32755210
33.34198510 -118.32746700
33.34197360 -118.32747180
33.34196630 -118.32747900
33.34199180 -118.32752140
33.34198530 -118.32753870
33.34196240 -118.32750060
33.34194170 -118.32751830
33.34193500 -118.32750730
33.34190850 -118.32752980
33.34198350 -118.32765300
19 4.90000010 residential 
33.34093630 -118.32635780
33.34092970 -118.32636400
33.34094960 -118.32639410
33.34095550 -118.32638860
33.34096860 -118.32640860
33.34096220 -118.32641460
33.34100730 -118.32648260
33.34101370 -118.32647650
33.34102040 -118.32648670
33.34107970 -118.32643080
33.34106800 -118.32641320
33.34107750 -118.32640420
33.34105160 -118.32636520
33.34104500 -118.32637150
33.34100910 -118.32631750
33.34101680 -118.32631040
33.34100280 -118.32628940
33.34093400 -118.32635430
33.34093630 -118.32635780
19 4.90000010 residential 
33.34122600 -118.32695030
33.34119080 -118.32698170
33.34119320 -118.32698540
33.34117260 -118.32700380
33.34119380 -118.32703750
33.34119970 -118.32703230
33.34122500 -118.32707250
33.34123280 -118.32706560
33.34126910 -118.32712330
33.34130870 -118.32708790
33.34130230 -118.32707780
33.34130990 -118.32707110
33.34130000 -118.32705540
33.34128670 -118.32706730
33.34126530 -118.32703320
33.34127070 -118.32702840
33.34126330 -118.32701680
33.34126620 -118.32701420
33.34122600 -118.32695030
19 5.19999981 apartments 
33.33964540 -118.32810860
33.33966150 -118.32815540
33.33967870 -118.32814700
33.33968370 -118.32816140
33.33968680 -118.32815990
33.33970000 -118.32819830
33.33969140 -118.32820250
33.33969760 -118.32822050
33.33974320 -118.32819820
33.33974640 -118.32820760
33.33978190 -118.32819030
33.33977750 -118.32817770
33.33979310 -118.32817010
33.33978220 -118.32813840
33.33977270 -118.32814300
33.33975790 -118.32810010
33.33977130 -118.32809350
33.33975760 -118.32805370
33.33964540 -118.32810860
19 7.19999981 residential 
33.34070860 -118.32732360
33.34069810 -118.32733290
33.34063660 -118.32723500
33.34058660 -118.32727970
33.34062380 -118.32733890
33.34061730 -118.32734480
33.34058120 -118.32728730
33.34051980 -118.32734200
33.34056090 -118.32740740
33.34056930 -118.32739990
33.34060870 -118.32746260
33.34066650 -118.32741100
33.34066860 -118.32741430
33.34072950 -118.32736000
33.34072790 -118.32735740
33.34077180 -118.32731820
33.34068900 -118.32718630
33.34064630 -118.32722440
33.34070860 -118.32732360
19 7.30000019 residential 
33.34109560 -118.32702110
33.34106470 -118.32697140
33.34106240 -118.32697350
33.34105170 -118.32695630
33.34104690 -118.32696050
33.34103200 -118.32693660
33.34102570 -118.32694220
33.34101430 -118.32692380
33.34101880 -118.32691980
33.34100420 -118.32689630
33.34095620 -118.32693860
33.34099260 -118.32699730
33.34100350 -118.32698770
33.34100780 -118.32699450
33.34100190 -118.32699970
33.34101280 -118.32701720
33.34100850 -118.32702100
33.34103940 -118.32707070
33.34109560 -118.32702110
20 5.19999981 apartments 
33.33939570 -118.32768540
33.33942760 -118.32767070
33.33940300 -118.32759480
33.33932160 -118.32763230
33.33929250 -118.32761010
33.33928140 -118.32763080
33.33926500 -118.32761830
33.33925430 -118.32763820
33.33926860 -118.32764920
33.33925110 -118.32768170
33.33928420 -118.32770690
33.33929590 -118.32768510
33.33932460 -118.32770700
33.33931770 -118.32778340
33.33933850 -118.32778600
33.33933670 -118.32780560
33.33935520 -118.32780800
33.33935710 -118.32778750
33.33939040 -118.32779180
33.33939570 -118.32768540
20 7.90000010 residential 
33.34113960 -118.32114490
33.34112110 -118.32115620
33.34115740 -118.32124080
33.34117990 -118.32122710
33.34119250 -118.32125650
33.34120870 -118.32122690
33.34122700 -118.32124110
33.34123430 -118.32124290
33.34124220 -118.32124040
33.34124510 -118.32123770
33.34126630 -118.32119780
33.34125700 -118.32119070
33.34120130 -118.32106720
33.34120330 -118.32105630
33.34119530 -118.32103840
33.34118150 -118.32103470
33.34116800 -118.32104100
33.34116490 -118.32105590
33.34111440 -118.32108610
33.34113960 -118.32114490
21 7.80000019 residential 
33.34019130 -118.32728350
33.34021720 -118.32732490
33.34021060 -118.32733080
33.34022750 -118.32735780
33.34022220 -118.32736260
33.34023140 -118.32737720
33.34023590 -118.32737320
33.34025580 -118.32740500
33.34027980 -118.32738370
33.34028710 -118.32739530
33.34031910 -118.32736680
33.34031120 -118.32735410
33.34033820 -118.32733010
33.34031890 -118.32729930
33.34032270 -118.32729590
33.34031290 -118.32728020
33.34030910 -118.32728360
33.34029150 -118.32725560
33.34028360 -118.32726250
33.34025900 -118.32722320
33.34019130 -118.32728350
21 8.39999962 residential 
33.34057090 -118.32742530
33.34056800 -118.32742800
33.34051500 -118.32734650
33.34047610 -118.32738250
33.34049830 -118.32741660
33.34049000 -118.32742430
33.34047560 -118.32740210
33.34047140 -118.32740600
33.34046200 -118.32739160
33.34042350 -118.32742710
33.34047570 -118.32750720
33.34047330 -118.32750940
33.34045030 -118.32747410
33.34044690 -118.32747730
33.34041890 -118.32743430
33.34037870 -118.32747140
33.34039660 -118.32749890
33.34038970 -118.32750530
33.34045430 -118.32760460
33.34060000 -118.32747000
33.34057090 -118.32742530
23 7.80000019 residential Mount Ada Water Tank
33.33898230 -118.32050660
33.33897510 -118.32051900
33.33897190 -118.32053360
33.33897200 -118.32054120
33.33897530 -118.32055570
33.33897860 -118.32056220
33.33898760 -118.32057280
33.33899910 -118.32057910
33.33900530 -118.32058030
33.33901170 -118.32058030
33.33902390 -118.32057620
33.33903420 -118.32056750
33.33904140 -118.32055510
33.33904450 -118.32054050
33.33904330 -118.32052550
33.33904110 -118.32051840
33.33903790 -118.32051190
33.33902890 -118.32050130
33.33901740 -118.32049510
33.33901110 -118.32049380
33.33900480 -118.32049390
33.33899260 -118.32049790
33.33898230 -118.32050660
25 4.80000019 apartments 
33.33925590 -118.32551790
33.33930950 -118.32555110
33.33929640 -118.32558120
33.33934770 -118.32561300
33.33933990 -118.32563090
33.33937090 -118.32565010
33.33938580 -118.32561620
33.33939260 -118.32562040
33.33942010 -118.32555730
33.33941610 -118.32555480
33.33946130 -118.32545130
33.33939400 -118.32540960
33.33937290 -118.32545800
33.33939710 -118.32547300
33.33936830 -118.32553890
33.33930810 -118.32550170
33.33932550 -118.32546180
33.33933940 -118.32547040
33.33935090 -118.32544410
33.33933650 -118.32543510
33.33935450 -118.32539390
33.33937200 -118.32540470
33.33937550 -118.32539650
33.33932300 -118.32536400
33.33925590 -118.32551790
27 7.80000019 residential 
33.34136540 -118.32147550
33.34134130 -118.32149140
33.34133350 -118.32147470
33.34132790 -118.32147840
33.34131960 -118.32146060
33.34128310 -118.32148460
33.34129010 -118.32149960
33.34126420 -118.32151670
33.34125530 -118.32149750
33.34121590 -118.32152350
33.34126480 -118.32162860
33.34126990 -118.32162530
33.34128200 -118.32165140
33.34134210 -118.32161170
33.34133690 -118.32160060
33.34137770 -118.32157370
33.34138250 -118.32158400
33.34148450 -118.32151670
33.34142750 -118.32139410
33.34143190 -118.32139110
33.34140820 -118.32134000
33.34140540 -118.32134190
33.34139260 -118.32131440
33.34137390 -118.32132680
33.34133820 -118.32124990
33.34127870 -118.32128910
33.34136540 -118.32147550
39 8.69999981 residential 
33.34080780 -118.32569600
33.34076250 -118.32562400
33.34061280 -118.32575800
33.34062930 -118.32578410
33.34052100 -118.32588100
33.34048210 -118.32581940
33.34046370 -118.32583590
33.34047940 -118.32586070
33.34042290 -118.32591120
33.34041610 -118.32590050
33.34037040 -118.32594130
33.34038770 -118.32596870
33.34034970 -118.32600270
33.34031590 -118.32594920
33.34025650 -118.32600230
33.34028950 -118.32605470
33.34029780 -118.32604720
33.34031510 -118.32607470
33.34035840 -118.32603600
33.34038470 -118.32607780
33.34046550 -118.32600560
33.34047050 -118.32601350
33.34049760 -118.32598920
33.34049090 -118.32597870
33.34051440 -118.32595760
33.34051570 -118.32595960
33.34055570 -118.32592380
33.34055260 -118.32591890
33.34057480 -118.32589890
33.34057830 -118.32590450
33.34061790 -118.32586910
33.34061490 -118.32586430
33.34063710 -118.32584450
33.34064020 -118.32584950
33.34072420 -118.32577440
33.34071960 -118.32576710
33.34074560 -118.32574380
33.34074880 -118.32574890
33.34080780 -118.32569600
5 6.50000000 residential 
33.34146830 -118.32710200
33.34143310 -118.32713460
33.34151700 -118.32726310
33.34155220 -118.32723050
33.34146830 -118.32710200
5 4.00000000 apartments 
33.34039470 -118.32713080
33.34035440 -118.32716840
33.34042420 -118.32727460
33.34046450 -118.32723700
33.34039470 -118.32713080
5 3.59999990 residential 
33.33783170 -118.32990740
33.33780120 -118.32992350
33.33781570 -118.32996260
33.33784620 -118.32994660
33.33783170 -118.32990740
5 6.50000000 residential 
33.34127170 -118.32775560
33.34131370 -118.32771620
33.34122170 -118.32757700
33.34117970 -118.32761640
33.34127170 -118.32775560
5 8.39999962 residential 
33.34165250 -118.32694840
33.34157420 -118.32702050
33.34164740 -118.32713330
33.34172570 -118.32706130
33.34165250 -118.32694840
5 4.40000010 residential 
33.34058440 -118.32688590
33.34063280 -118.32684160
33.34054790 -118.32670990
33.34049950 -118.32675410
33.34058440 -118.32688590
5 6.00000000 apartments 
33.33941630 -118.32788210
33.33947800 -118.32794960
33.33952090 -118.32789410
33.33945920 -118.32782650
33.33941630 -118.32788210
5 4.00000000 residential 
33.34139400 -118.32783390
33.34136750 -118.32785880
33.34141880 -118.32793630
33.34144520 -118.32791140
33.34139400 -118.32783390
5 6.69999981 residential 
33.34114930 -118.32841240
33.34118920 -118.32837670
33.34111590 -118.32826070
33.34107610 -118.32829640
33.34114930 -118.32841240
5 8.50000000 residential 
33.33996530 -118.32743930
33.34001130 -118.32739700
33.33993490 -118.32727920
33.33988900 -118.32732140
33.33996530 -118.32743930
5 7.59999990 residential 
33.34117970 -118.32796270
33.34114100 -118.32799710
33.34121990 -118.32812340
33.34125860 -118.32808900
33.34117970 -118.32796270
5 7.40000010 residential 
33.34079740 -118.32708880
33.34074270 -118.32713830
33.34082550 -118.32726810
33.34088020 -118.32721870
33.34079740 -118.32708880
5 5.00000000 residential 
33.34079750 -118.32830890
33.34076970 -118.32833390
33.34084250 -118.32844880
33.34087030 -118.32842380
33.34079750 -118.32830890
5 3.70000005 residential 
33.34089800 -118.32667120
33.34085370 -118.32670970
33.34092100 -118.32681970
33.34096530 -118.32678110
33.34089800 -118.32667120
5 4.80000019 residential 
33.34091160 -118.32761550
33.34086850 -118.32765570
33.34095100 -118.32778150
33.34099420 -118.32774140
33.34091160 -118.32761550
5 3.79999995 residential 
33.34187160 -118.32760370
33.34183340 -118.32763840
33.34190230 -118.32774590
33.34194050 -118.32771120
33.34187160 -118.32760370
5 7.90000010 residential 
33.34121170 -118.32670940
33.34116980 -118.32674780
33.34125550 -118.32688110
33.34129750 -118.32684270
33.34121170 -118.32670940
5 8.30000019 residential 
33.34181910 -118.32756060
33.34187230 -118.32751260
33.34179870 -118.32739690
33.34174560 -118.32744480
33.34181910 -118.32756060
5 3.50000000 residential 
33.34052410 -118.32829000
33.34054710 -118.32827050
33.34051690 -118.32822000
33.34049390 -118.32823950
33.34052410 -118.32829000
5 8.00000000 residential 
33.34156140 -118.32748190
33.34159960 -118.32744740
33.34151380 -118.32731270
33.34147570 -118.32734720
33.34156140 -118.32748190
5 3.40000010 residential 
33.34084970 -118.32826200
33.34080480 -118.32830290
33.34088300 -118.32842490
33.34092800 -118.32838400
33.34084970 -118.32826200
5 5.80000019 residential 
33.34095200 -118.32694420
33.34091090 -118.32698240
33.34099520 -118.32711120
33.34103630 -118.32707300
33.34095200 -118.32694420
5 3.40000010 residential 
33.33618270 -118.33104130
33.33619970 -118.33109080
33.33625470 -118.33106410
33.33623770 -118.33101450
33.33618270 -118.33104130
5 2.79999995 residential 
33.34123470 -118.32693740
33.34125490 -118.32696860
33.34129450 -118.32693220
33.34127430 -118.32690100
33.34123470 -118.32693740
7 6.50000000 apartments 
33.34107440 -118.32814940
33.34107010 -118.32815330
33.34103390 -118.32809450
33.34099740 -118.32812630
33.34107360 -118.32825040
33.34111460 -118.32821470
33.34107440 -118.32814940
7 4.30000019 residential 
33.34138470 -118.32813850
33.34138610 -118.32813730
33.34141890 -118.32818890
33.34146070 -118.32815130
33.34137980 -118.32802390
33.34133660 -118.32806290
33.34138470 -118.32813850
7 6.59999990 residential 
33.34112070 -118.32741480
33.34108190 -118.32744930
33.34108640 -118.32745650
33.34104550 -118.32749290
33.34112530 -118.32762040
33.34120510 -118.32754950
33.34112070 -118.32741480
7 4.50000000 residential 
33.34155980 -118.32722210
33.34159300 -118.32719210
33.34157500 -118.32716380
33.34157820 -118.32716090
33.34151380 -118.32705970
33.34147740 -118.32709260
33.34155980 -118.32722210
7 7.69999981 residential 
33.34105210 -118.32795130
33.34108570 -118.32791970
33.34107040 -118.32789660
33.34107270 -118.32789440
33.34099870 -118.32778270
33.34096280 -118.32781640
33.34105210 -118.32795130
7 8.19999981 residential 
33.34048630 -118.32675660
33.34044840 -118.32678990
33.34045490 -118.32680030
33.34044450 -118.32680940
33.34052280 -118.32693570
33.34057100 -118.32689320
33.34048630 -118.32675660
7 5.40000010 apartments 
33.33973970 -118.32788580
33.33971600 -118.32791650
33.33967030 -118.32786650
33.33963070 -118.32791780
33.33971000 -118.32800470
33.33977330 -118.32792270
33.33973970 -118.32788580
7 6.09999990 apartments 
33.33947650 -118.32752130
33.33949310 -118.32754480
33.33943690 -118.32760080
33.33948950 -118.32767560
33.33960360 -118.32756180
33.33953450 -118.32746340
33.33947650 -118.32752130
7 6.59999990 residential 
33.34076090 -118.32665100
33.34076510 -118.32664730
33.34071170 -118.32656210
33.34066260 -118.32660580
33.34074520 -118.32673760
33.34079010 -118.32669760
33.34076090 -118.32665100
7 4.69999981 apartments 
33.34033390 -118.32715160
33.34027720 -118.32720320
33.34035270 -118.32732090
33.34035950 -118.32731470
33.34036820 -118.32732840
33.34041810 -118.32728300
33.34033390 -118.32715160
7 7.09999990 residential 
33.34071790 -118.32794230
33.34073660 -118.32792310
33.34074600 -118.32793600
33.34076210 -118.32791940
33.34068890 -118.32781830
33.34065410 -118.32785420
33.34071790 -118.32794230
7 7.80000019 residential 
33.34106900 -118.32684080
33.34103170 -118.32687450
33.34104370 -118.32689340
33.34103470 -118.32690150
33.34110280 -118.32700840
33.34114900 -118.32696660
33.34106900 -118.32684080
7 4.09999990 residential 
33.34099360 -118.32773520
33.34103170 -118.32769970
33.34100590 -118.32766030
33.34100820 -118.32765820
33.34095600 -118.32757850
33.34091560 -118.32761610
33.34099360 -118.32773520
7 4.30000019 residential 
33.34125920 -118.32666440
33.34121400 -118.32670610
33.34128010 -118.32680790
33.34128830 -118.32680030
33.34130970 -118.32683330
33.34134680 -118.32679910
33.34125920 -118.32666440
7 6.90000010 residential 
33.34163140 -118.32774410
33.34169140 -118.32769030
33.34164130 -118.32761090
33.34163390 -118.32761750
33.34160520 -118.32757200
33.34155260 -118.32761900
33.34163140 -118.32774410
7 7.59999990 residential 
33.34095140 -118.32715240
33.34098760 -118.32711950
33.34093270 -118.32703410
33.34093750 -118.32702980
33.34090940 -118.32698610
33.34086850 -118.32702340
33.34095140 -118.32715240
7 4.69999981 residential 
33.33911220 -118.32095530
33.33913820 -118.32094800
33.33913040 -118.32090840
33.33914180 -118.32090520
33.33913150 -118.32085360
33.33909410 -118.32086410
33.33911220 -118.32095530
7 3.50000000 residential 
33.34146780 -118.32736590
33.34142160 -118.32740670
33.34144720 -118.32744770
33.34145330 -118.32744240
33.34151010 -118.32753360
33.34155020 -118.32749820
33.34146780 -118.32736590
7 3.90000010 residential 
33.34131160 -118.32661550
33.34126270 -118.32666210
33.34132130 -118.32674940
33.34132600 -118.32674500
33.34134130 -118.32676770
33.34138550 -118.32672550
33.34131160 -118.32661550
7 6.80000019 residential 
33.34065430 -118.32661680
33.34061000 -118.32665740
33.34066540 -118.32674310
33.34066110 -118.32674700
33.34068480 -118.32678370
33.34073340 -118.32673910
33.34065430 -118.32661680
7 9.19999981 residential 
33.34018870 -118.32746640
33.34020820 -118.32744870
33.34021440 -118.32745840
33.34024300 -118.32743250
33.34016390 -118.32730880
33.34011580 -118.32735250
33.34018870 -118.32746640
7 4.40000010 residential 
33.34144260 -118.32780120
33.34143710 -118.32780630
33.34140370 -118.32775540
33.34137270 -118.32778420
33.34145250 -118.32790570
33.34148890 -118.32787180
33.34144260 -118.32780120
7 7.90000010 residential 
33.34025200 -118.32718830
33.34035650 -118.32708870
33.34030410 -118.32701070
33.34030160 -118.32701310
33.34026660 -118.32696090
33.34016460 -118.32705800
33.34025200 -118.32718830
7 6.19999981 residential 
33.34077620 -118.32694580
33.34081260 -118.32691190
33.34079880 -118.32689110
33.34080070 -118.32688930
33.34073500 -118.32678910
33.34069670 -118.32682480
33.34077620 -118.32694580
7 4.50000000 residential 
33.34121150 -118.32734020
33.34117190 -118.32737710
33.34125680 -118.32750660
33.34128220 -118.32748300
33.34127820 -118.32747700
33.34129240 -118.32746370
33.34121150 -118.32734020
7 5.50000000 residential 
33.34158320 -118.32715950
33.34161680 -118.32712780
33.34158830 -118.32708490
33.34159500 -118.32707860
33.34155880 -118.32702410
33.34151850 -118.32706210
33.34158320 -118.32715950
7 6.90000010 residential 
33.34083510 -118.32669540
33.34078790 -118.32673800
33.34082350 -118.32679410
33.34082890 -118.32678920
33.34087510 -118.32686210
33.34091690 -118.32682440
33.34083510 -118.32669540
7 6.50000000 residential 
33.34088850 -118.32721320
33.34094040 -118.32716740
33.34089840 -118.32709970
33.34090300 -118.32709570
33.34086310 -118.32703140
33.34080660 -118.32708120
33.34088850 -118.32721320
7 5.69999981 residential 
33.34115290 -118.32089270
33.34112360 -118.32082720
33.34101690 -118.32089500
33.34104180 -118.32095070
33.34105640 -118.32094140
33.34106080 -118.32095120
33.34115290 -118.32089270
7 6.40000010 residential 
33.34107820 -118.32647310
33.34103330 -118.32651360
33.34106590 -118.32656480
33.34107050 -118.32656060
33.34112050 -118.32663920
33.34116070 -118.32660290
33.34107820 -118.32647310
7 4.59999990 residential 
33.34183640 -118.32722920
33.34178910 -118.32715730
33.34170450 -118.32723650
33.34174250 -118.32729410
33.34175400 -118.32728330
33.34176330 -118.32729750
33.34183640 -118.32722920
7 4.19999981 residential 
33.34090650 -118.32646140
33.34089950 -118.32646780
33.34086680 -118.32641660
33.34082080 -118.32645830
33.34090480 -118.32659000
33.34095790 -118.32654190
33.34090650 -118.32646140
7 7.80000019 residential 
33.34118730 -118.32782460
33.34121280 -118.32779950
33.34119910 -118.32777980
33.34121160 -118.32776750
33.34113150 -118.32765210
33.34109360 -118.32768950
33.34118730 -118.32782460
8 4.19999981 apartments 
33.34010230 -118.32613870
33.34015830 -118.32608890
33.34013820 -118.32605660
33.34011330 -118.32607880
33.34010200 -118.32607430
33.34008390 -118.32604760
33.34005980 -118.32607080
33.34010230 -118.32613870
9 4.09999990 residential 
33.34131490 -118.32803100
33.34135030 -118.32799940
33.34132180 -118.32795410
33.34131630 -118.32795900
33.34128320 -118.32790630
33.34128950 -118.32790070
33.34127270 -118.32787400
33.34123640 -118.32790640
33.34131490 -118.32803100
9 3.40000010 residential 
33.34078790 -118.32819280
33.34082000 -118.32816340
33.34078140 -118.32810350
33.34078820 -118.32809730
33.34077540 -118.32807750
33.34076740 -118.32808480
33.34075340 -118.32806310
33.34072250 -118.32809140
33.34078790 -118.32819280
9 6.69999981 apartments 
33.34150120 -118.32670610
33.34146040 -118.32674410
33.34145480 -118.32673540
33.34143030 -118.32675810
33.34151100 -118.32688140
33.34154580 -118.32684910
33.34155280 -118.32685980
33.34158330 -118.32683150
33.34150120 -118.32670610
9 8.69999981 residential 
33.34123130 -118.32628210
33.34114880 -118.32615730
33.34109000 -118.32621250
33.34113830 -118.32628540
33.34110000 -118.32632130
33.34111030 -118.32633700
33.34106420 -118.32638030
33.34108820 -118.32641650
33.34123130 -118.32628210
9 6.30000019 residential 
33.34065740 -118.32810490
33.34061990 -118.32813860
33.34063390 -118.32816070
33.34062700 -118.32816690
33.34063770 -118.32818380
33.34064460 -118.32817750
33.34070410 -118.32827140
33.34074150 -118.32823780
33.34065740 -118.32810490
9 7.19999981 residential 
33.34019730 -118.32723530
33.34023820 -118.32719760
33.34021570 -118.32716300
33.34021720 -118.32716170
33.34017130 -118.32709110
33.34017030 -118.32709200
33.34015500 -118.32706840
33.34011360 -118.32710660
33.34019730 -118.32723530
9 7.69999981 residential 
33.34175280 -118.32746910
33.34174080 -118.32748000
33.34172980 -118.32746280
33.34168110 -118.32750710
33.34169280 -118.32752540
33.34168920 -118.32752870
33.34175500 -118.32763160
33.34181940 -118.32757310
33.34175280 -118.32746910
9 4.69999981 residential 
33.34056250 -118.32714330
33.34060500 -118.32710510
33.34053260 -118.32699060
33.34052630 -118.32699630
33.34051870 -118.32698420
33.34050240 -118.32699880
33.34050850 -118.32700840
33.34048850 -118.32702630
33.34056250 -118.32714330
9 8.30000019 residential 
33.34056310 -118.32813740
33.34051770 -118.32806410
33.34051550 -118.32806610
33.34047870 -118.32800670
33.34042310 -118.32805560
33.34046100 -118.32811670
33.34045460 -118.32812230
33.34049880 -118.32819380
33.34056310 -118.32813740
9 3.00000000 residential 
33.34104560 -118.32019920
33.34102420 -118.32013910
33.34096690 -118.32016800
33.34095810 -118.32014350
33.34095600 -118.32014450
33.34095220 -118.32013390
33.34093450 -118.32014290
33.34096840 -118.32023820
33.34104560 -118.32019920
9 5.69999981 residential 
33.34079280 -118.32850570
33.34083050 -118.32846990
33.34081460 -118.32844610
33.34082020 -118.32844080
33.34081150 -118.32842780
33.34080820 -118.32843080
33.34075230 -118.32834720
33.34071220 -118.32838520
33.34079280 -118.32850570
9 3.50000000 residential 
33.34101240 -118.32798900
33.34104450 -118.32795970
33.34101470 -118.32791330
33.34101920 -118.32790910
33.34099330 -118.32786890
33.34098970 -118.32787220
33.34095520 -118.32781870
33.34092220 -118.32784880
33.34101240 -118.32798900
9 3.79999995 residential 
33.34077660 -118.32654310
33.34078410 -118.32653630
33.34077000 -118.32651430
33.34076110 -118.32652240
33.34075700 -118.32651590
33.34071520 -118.32655380
33.34079970 -118.32668590
33.34084290 -118.32664660
33.34077660 -118.32654310
9 4.40000010 residential 
33.34119800 -118.32635860
33.34123700 -118.32642110
33.34123570 -118.32642240
33.34127920 -118.32649210
33.34133870 -118.32643940
33.34129870 -118.32637530
33.34129430 -118.32637920
33.34125170 -118.32631100
33.34119800 -118.32635860
9 4.50000000 apartments 
33.33950700 -118.32728890
33.33954800 -118.32725040
33.33949640 -118.32717250
33.33952980 -118.32714110
33.33948060 -118.32706690
33.33942930 -118.32711520
33.33943450 -118.32712320
33.33941150 -118.32714480
33.33950700 -118.32728890
9 4.80000019 residential 
33.34012400 -118.32754080
33.34018010 -118.32749520
33.34015370 -118.32744910
33.34015950 -118.32744430
33.34013290 -118.32739780
33.34012310 -118.32740580
33.34010390 -118.32737240
33.34005170 -118.32741490
33.34012400 -118.32754080
9 5.90000010 residential 
33.34078320 -118.32797140
33.34073830 -118.32801240
33.34074130 -118.32801700
33.34073180 -118.32802570
33.34075950 -118.32806880
33.34078230 -118.32804800
33.34084380 -118.32814350
33.34087530 -118.32811470
33.34078320 -118.32797140
9 6.09999990 residential 
33.34116500 -118.32701010
33.34110940 -118.32706030
33.34116790 -118.32715210
33.34117540 -118.32714530
33.34119390 -118.32717430
33.34121940 -118.32715130
33.34122290 -118.32715690
33.34124550 -118.32713650
33.34116500 -118.32701010
9 7.50000000 residential 
33.34113810 -118.32682380
33.34113490 -118.32682680
33.34111590 -118.32679700
33.34107480 -118.32683420
33.34112000 -118.32690520
33.34112330 -118.32690220
33.34116030 -118.32696030
33.34120140 -118.32692300
33.34113810 -118.32682380
9 3.90000010 residential 
33.34123110 -118.32778910
33.34126230 -118.32776040
33.34123090 -118.32771160
33.34123540 -118.32770750
33.34121310 -118.32767290
33.34120980 -118.32767590
33.34117490 -118.32762180
33.34114240 -118.32765150
33.34123110 -118.32778910
9 5.30000019 apartments 
33.33935400 -118.32741950
33.33932940 -118.32744230
33.33928160 -118.32736920
33.33922570 -118.32742100
33.33930850 -118.32754780
33.33935990 -118.32750020
33.33936850 -118.32751330
33.33939770 -118.32748630
33.33935400 -118.32741950
9 7.09999990 residential 
33.34126490 -118.32797510
33.34126730 -118.32797320
33.34125340 -118.32795040
33.34124520 -118.32795750
33.34122310 -118.32792120
33.34118390 -118.32795490
33.34126080 -118.32808150
33.34130590 -118.32804250
33.34126490 -118.32797510
9 7.00000000 residential 
33.34098660 -118.32837160
33.34102730 -118.32843470
33.34102830 -118.32843380
33.34105590 -118.32847660
33.34105930 -118.32847350
33.34107480 -118.32849740
33.34110570 -118.32846910
33.34102200 -118.32833920
33.34098660 -118.32837160
9 5.90000010 residential 
33.34068900 -118.32682620
33.34059700 -118.32691000
33.34068020 -118.32703950
33.34072110 -118.32700220
33.34068730 -118.32694950
33.34069600 -118.32694160
33.34072670 -118.32698930
33.34076900 -118.32695080
33.34068900 -118.32682620
9 4.19999981 residential 
33.34119220 -118.32636590
33.34114480 -118.32640900
33.34119210 -118.32648280
33.34119700 -118.32647830
33.34121940 -118.32651330
33.34121560 -118.32651680
33.34123080 -118.32654060
33.34127710 -118.32649850
33.34119220 -118.32636590
9 8.19999981 residential 
33.34000030 -118.32752330
33.33999120 -118.32753130
33.34001450 -118.32756870
33.34002680 -118.32755780
33.34004820 -118.32759200
33.34010940 -118.32753790
33.34003830 -118.32742400
33.33997390 -118.32748100
33.34000030 -118.32752330
9 4.50000000 residential 
33.34049000 -118.32715530
33.34049300 -118.32715260
33.34051670 -118.32718960
33.34056030 -118.32714990
33.34051590 -118.32708060
33.34050920 -118.32708670
33.34048430 -118.32704790
33.34044430 -118.32708420
33.34049000 -118.32715530
9 7.19999981 residential 
33.34119690 -118.32817920
33.34115760 -118.32821560
33.34120840 -118.32829360
33.34121100 -118.32829130
33.34124110 -118.32833760
33.34127280 -118.32830830
33.34124280 -118.32826220
33.34124790 -118.32825750
33.34119690 -118.32817920
9 5.80000019 apartments 
33.34077840 -118.32794020
33.34081590 -118.32790820
33.34077560 -118.32784140
33.34076610 -118.32784950
33.34073040 -118.32779020
33.34072660 -118.32779350
33.34072450 -118.32778990
33.34070030 -118.32781060
33.34077840 -118.32794020
9 4.30000019 residential 
33.34047320 -118.32698140
33.34051610 -118.32694400
33.34050950 -118.32693340
33.34051240 -118.32693100
33.34046290 -118.32685040
33.34045890 -118.32685400
33.34043320 -118.32681210
33.34039150 -118.32684840
33.34047320 -118.32698140
9 4.59999990 residential 
33.34150880 -118.32789490
33.34147200 -118.32792810
33.34151800 -118.32800030
33.34152460 -118.32799430
33.34155750 -118.32804580
33.34155550 -118.32804760
33.34156320 -118.32805980
33.34159530 -118.32803080
33.34150880 -118.32789490
10 8.60000038 church Singing Waters Christian Center
33.34057600 -118.32774610
33.34063320 -118.32769440
33.34066810 -118.32766290
33.34061810 -118.32758440
33.34066830 -118.32753900
33.34066540 -118.32753450
33.34068640 -118.32751540
33.34065820 -118.32747120
33.34049490 -118.32761880
33.34057600 -118.32774610
9 4.40000010 residential 
33.34126400 -118.32812230
33.34120360 -118.32817580
33.34128610 -118.32830780
33.34132980 -118.32826900
33.34131310 -118.32824240
33.34130460 -118.32824990
33.34129220 -118.32823000
33.34131730 -118.32820760
33.34126400 -118.32812230
9 6.80000019 residential 
33.34120670 -118.32753220
33.34120980 -118.32752950
33.34121730 -118.32754150
33.34124270 -118.32751890
33.34123550 -118.32750730
33.34124230 -118.32750130
33.34116900 -118.32738410
33.34113370 -118.32741540
33.34120670 -118.32753220
9 8.89999962 residential 
33.34009670 -118.32731950
33.34005480 -118.32725310
33.34005000 -118.32725740
33.34001440 -118.32720110
33.33994750 -118.32726110
33.33998670 -118.32732300
33.33998180 -118.32732740
33.34002020 -118.32738820
33.34009670 -118.32731950
9 3.90000010 residential 
33.34099580 -118.32839270
33.34099230 -118.32839590
33.34097940 -118.32837620
33.34093730 -118.32841510
33.34095080 -118.32843580
33.34094920 -118.32843720
33.34102100 -118.32854730
33.34106820 -118.32850360
33.34099580 -118.32839270
9 4.30000019 residential 
33.34096790 -118.32653430
33.34100590 -118.32649840
33.34096750 -118.32644060
33.34097360 -118.32643490
33.34095120 -118.32640130
33.34094830 -118.32640410
33.34092080 -118.32636290
33.34087970 -118.32640170
33.34096790 -118.32653430
9 4.19999981 residential 
33.34101490 -118.32855190
33.34094820 -118.32844850
33.34094430 -118.32845210
33.34092870 -118.32842800
33.34086760 -118.32848390
33.34090060 -118.32853510
33.34089620 -118.32853910
33.34094540 -118.32861550
33.34101490 -118.32855190
9 6.09999990 residential 
33.34080640 -118.32688020
33.34080980 -118.32687710
33.34082400 -118.32689940
33.34085470 -118.32687170
33.34083970 -118.32684820
33.34084550 -118.32684300
33.34078250 -118.32674430
33.34074270 -118.32678040
33.34080640 -118.32688020
9 8.30000019 residential 
33.34019370 -118.32783820
33.34023790 -118.32779800
33.34021290 -118.32775900
33.34022250 -118.32775030
33.34019960 -118.32771460
33.34020360 -118.32771100
33.34017390 -118.32766450
33.34011610 -118.32771710
33.34019370 -118.32783820
9 6.40000010 residential 
33.34121070 -118.32812510
33.34115350 -118.32803920
33.34114620 -118.32804610
33.34113460 -118.32802860
33.34113700 -118.32802640
33.34112440 -118.32800740
33.34108880 -118.32804100
33.34117010 -118.32816340
33.34121070 -118.32812510
9 3.29999995 residential 
33.34057350 -118.32835550
33.34056240 -118.32836600
33.34057570 -118.32838600
33.34060950 -118.32835420
33.34059630 -118.32833430
33.34060050 -118.32833040
33.34055730 -118.32826530
33.34053040 -118.32829060
33.34057350 -118.32835550
9 8.39999962 apartments 
33.34138840 -118.32655060
33.34133670 -118.32659810
33.34136580 -118.32664300
33.34135650 -118.32665150
33.34137790 -118.32668450
33.34138490 -118.32667810
33.34141450 -118.32672380
33.34146840 -118.32667420
33.34138840 -118.32655060
9 4.80000019 residential 
33.34014030 -118.32728310
33.34018150 -118.32724560
33.34017110 -118.32722940
33.34017590 -118.32722500
33.34012850 -118.32715090
33.34012290 -118.32715600
33.34009720 -118.32711590
33.34005680 -118.32715260
33.34014030 -118.32728310
9 4.09999990 residential 
33.34160950 -118.32743720
33.34165150 -118.32740020
33.34162660 -118.32736000
33.34163560 -118.32735210
33.34160310 -118.32729970
33.34159380 -118.32730790
33.34157060 -118.32727050
33.34152890 -118.32730720
33.34160950 -118.32743720
9 4.00000000 residential 
33.34108460 -118.32295130
33.34108480 -118.32295590
33.34104520 -118.32295890
33.34104790 -118.32300890
33.34109380 -118.32300540
33.34109300 -118.32299070
33.34112900 -118.32298800
33.34112690 -118.32294810
33.34108460 -118.32295130
9 5.59999990 residential 
33.34075240 -118.32816110
33.34075850 -118.32815540
33.34073150 -118.32811350
33.34072520 -118.32811920
33.34069100 -118.32806610
33.34065920 -118.32809520
33.34074640 -118.32823060
33.34077840 -118.32820140
33.34075240 -118.32816110
9 6.80000019 residential 
33.34104200 -118.32749800
33.34095690 -118.32757430
33.34103960 -118.32770530
33.34107910 -118.32766980
33.34107170 -118.32765800
33.34108280 -118.32764800
33.34108780 -118.32765590
33.34112230 -118.32762500
33.34104200 -118.32749800
9 6.50000000 residential 
33.34135730 -118.32799360
33.34140880 -118.32794510
33.34139790 -118.32792880
33.34140430 -118.32792280
33.34136790 -118.32786790
33.34135520 -118.32787980
33.34132170 -118.32782910
33.34127650 -118.32787170
33.34135730 -118.32799360
9 8.39999962 residential 
33.34085030 -118.32663950
33.34088270 -118.32661270
33.34087880 -118.32660620
33.34089410 -118.32659350
33.34081900 -118.32646440
33.34077610 -118.32649990
33.34080260 -118.32654530
33.34079770 -118.32654920
33.34085030 -118.32663950
10 4.50000000 apartments 
33.33935690 -118.32722840
33.33936910 -118.32727940
33.33930250 -118.32734210
33.33935990 -118.32740350
33.33940530 -118.32734330
33.33947250 -118.32735200
33.33947640 -118.32730940
33.33944640 -118.32730550
33.33942380 -118.32720580
33.33935690 -118.32722840
10 7.69999981 residential 
33.34108080 -118.32788940
33.34108690 -118.32788390
33.34109250 -118.32789280
33.34110030 -118.32788580
33.34111330 -118.32789020
33.34112730 -118.32787690
33.34112810 -118.32786120
33.34104790 -118.32773600
33.34100730 -118.32777280
33.34108080 -118.32788940
11 3.29999995 commercial 
33.34299460 -118.32352100
33.34300560 -118.32348290
33.34301480 -118.32348670
33.34301590 -118.32348250
33.34303490 -118.32349030
33.34304430 -118.32345760
33.34297940 -118.32343090
33.34296950 -118.32346490
33.34293830 -118.32345210
33.34292640 -118.32349300
33.34299460 -118.32352100
11 8.69999981 residential 
33.34206860 -118.32381640
33.34205930 -118.32388470
33.34206950 -118.32388660
33.34205980 -118.32395770
33.34214500 -118.32397410
33.34214830 -118.32394940
33.34216220 -118.32395200
33.34217410 -118.32386360
33.34215950 -118.32386070
33.34216300 -118.32383460
33.34206860 -118.32381640
11 8.19999981 residential 
33.34210150 -118.32263950
33.34205020 -118.32264480
33.34204940 -118.32263310
33.34193110 -118.32264530
33.34193480 -118.32269540
33.34196810 -118.32269190
33.34196930 -118.32270910
33.34202050 -118.32276020
33.34208410 -118.32276290
33.34210820 -118.32273150
33.34210150 -118.32263950
11 8.39999962 residential 
33.34190420 -118.32307870
33.34185570 -118.32308170
33.34185380 -118.32303930
33.34179450 -118.32304300
33.34179970 -118.32316110
33.34180520 -118.32316080
33.34180600 -118.32317910
33.34182020 -118.32317820
33.34182220 -118.32322310
33.34191020 -118.32321760
33.34190420 -118.32307870
11 7.59999990 residential 
33.34218310 -118.32400870
33.34216140 -118.32400360
33.34216220 -118.32399890
33.34207770 -118.32397880
33.34207040 -118.32402210
33.34206640 -118.32402110
33.34206270 -118.32404330
33.34205550 -118.32404160
33.34204660 -118.32409460
33.34216400 -118.32412250
33.34218310 -118.32400870
11 8.80000019 residential 
33.34192300 -118.32386890
33.34194210 -118.32387160
33.34194090 -118.32388390
33.34199350 -118.32389140
33.34200710 -118.32375590
33.34200510 -118.32375560
33.34200720 -118.32373490
33.34194370 -118.32372590
33.34194140 -118.32374950
33.34193500 -118.32374860
33.34192300 -118.32386890
11 4.09999990 commercial 
33.34326530 -118.32305980
33.34329290 -118.32308780
33.34328670 -118.32309650
33.34330680 -118.32311690
33.34335390 -118.32305100
33.34334740 -118.32304450
33.34336660 -118.32301760
33.34333720 -118.32298780
33.34331390 -118.32302050
33.34330190 -118.32300830
33.34326530 -118.32305980
11 7.69999981 residential 
33.34219010 -118.32564940
33.34219400 -118.32564590
33.34219900 -118.32565380
33.34223650 -118.32562010
33.34223180 -118.32561280
33.34223740 -118.32560770
33.34219780 -118.32554530
33.34219280 -118.32554990
33.34215550 -118.32549120
33.34211360 -118.32552900
33.34219010 -118.32564940
11 4.30000019 residential 
33.34155330 -118.32261150
33.34159890 -118.32264100
33.34162250 -118.32258910
33.34166360 -118.32261580
33.34165490 -118.32263480
33.34169720 -118.32266220
33.34172780 -118.32259510
33.34164570 -118.32254210
33.34164870 -118.32253560
33.34160170 -118.32250520
33.34155330 -118.32261150
11 9.00000000 apartments 
33.34188720 -118.32470950
33.34191690 -118.32475510
33.34183870 -118.32482750
33.34190060 -118.32492230
33.34205890 -118.32477560
33.34202860 -118.32472910
33.34204150 -118.32471720
33.34199040 -118.32463890
33.34197770 -118.32465060
33.34196760 -118.32463500
33.34188720 -118.32470950
8 3.40000010 commercial 
33.34305690 -118.32344090
33.34307400 -118.32343410
33.34307520 -118.32340930
33.34304420 -118.32339360
33.34301610 -118.32339470
33.34299600 -118.32341130
33.34299600 -118.32343230
33.34305690 -118.32344090
11 11.39999962 residential 
33.34159560 -118.32465470
33.34158610 -118.32464750
33.34161050 -118.32460120
33.34154020 -118.32454860
33.34150770 -118.32461020
33.34151790 -118.32461780
33.34149680 -118.32465780
33.34152370 -118.32467800
33.34151540 -118.32469360
33.34155820 -118.32472560
33.34159560 -118.32465470
11 10.89999962 residential 
33.34177540 -118.32432660
33.34184670 -118.32424500
33.34183300 -118.32422800
33.34183710 -118.32422330
33.34177720 -118.32414910
33.34174670 -118.32418400
33.34175390 -118.32419300
33.34174150 -118.32420720
33.34173390 -118.32419780
33.34170140 -118.32423490
33.34177540 -118.32432660
11 8.50000000 residential 
33.34164510 -118.32290370
33.34164680 -118.32286520
33.34152210 -118.32285030
33.34152230 -118.32289680
33.34152900 -118.32295000
33.34152300 -118.32295100
33.34152670 -118.32298030
33.34156770 -118.32297290
33.34156810 -118.32297580
33.34165040 -118.32296100
33.34164510 -118.32290370
12 8.80000019 residential 
33.34296460 -118.32354400
33.34289210 -118.32350900
33.34289800 -118.32349240
33.34287400 -118.32348030
33.34286800 -118.32349700
33.34284430 -118.32348500
33.34284280 -118.32348910
33.34282220 -118.32347860
33.34285490 -118.32366760
33.34287520 -118.32367450
33.34294650 -118.32360350
33.34296460 -118.32354400
13 8.69999981 apartments 
33.33938310 -118.32299560
33.33938880 -118.32298220
33.33939430 -118.32298540
33.33941490 -118.32293660
33.33940630 -118.32293140
33.33942320 -118.32289140
33.33943280 -118.32289710
33.33943950 -118.32288150
33.33938090 -118.32284650
33.33938330 -118.32284100
33.33933140 -118.32280990
33.33927930 -118.32293350
33.33938310 -118.32299560
13 10.39999962 apartments 
33.34000670 -118.32432990
33.34000050 -118.32427200
33.34000640 -118.32427110
33.34000480 -118.32425610
33.33998820 -118.32425870
33.33998390 -118.32421860
33.34000000 -118.32421610
33.33999720 -118.32418990
33.33997960 -118.32419260
33.33997370 -118.32413790
33.33986780 -118.32415420
33.33988880 -118.32434800
33.34000670 -118.32432990
13 8.69999981 apartments 
33.33981910 -118.32363720
33.33985870 -118.32359900
33.33986330 -118.32360570
33.33987230 -118.32359700
33.33986240 -118.32358250
33.33989050 -118.32355540
33.33990020 -118.32356980
33.33991610 -118.32355440
33.33990390 -118.32353650
33.33994020 -118.32350140
33.33987450 -118.32340490
33.33974570 -118.32352940
33.33981910 -118.32363720
13 3.59999990 residential 
33.34293790 -118.32609760
33.34290500 -118.32612690
33.34291810 -118.32614760
33.34290780 -118.32615670
33.34292810 -118.32618890
33.34292270 -118.32619360
33.34295440 -118.32624390
33.34296000 -118.32623890
33.34297480 -118.32626250
33.34298690 -118.32625170
33.34299270 -118.32626090
33.34302340 -118.32623360
33.34293790 -118.32609760
13 8.39999962 residential 
33.34016380 -118.32482590
33.34011790 -118.32486680
33.34009220 -118.32482580
33.33998900 -118.32491770
33.34001480 -118.32495870
33.33997290 -118.32499600
33.34004990 -118.32511880
33.34010560 -118.32506920
33.34008620 -118.32503840
33.34016590 -118.32496750
33.34018110 -118.32499180
33.34023680 -118.32494220
33.34016380 -118.32482590
13 9.60000038 residential 
33.34211890 -118.32369410
33.34211980 -118.32368890
33.34208660 -118.32368050
33.34207380 -118.32375290
33.34208780 -118.32375640
33.34208090 -118.32379520
33.34215290 -118.32381320
33.34215680 -118.32379100
33.34217140 -118.32379470
33.34218260 -118.32373070
33.34216680 -118.32372680
33.34217030 -118.32370700
33.34211890 -118.32369410
13 10.19999981 residential 
33.34152400 -118.32315110
33.34155320 -118.32314750
33.34155360 -118.32315150
33.34160040 -118.32314570
33.34159840 -118.32312330
33.34161500 -118.32312120
33.34161030 -118.32306690
33.34159210 -118.32306920
33.34158770 -118.32301960
33.34157370 -118.32302140
33.34157190 -118.32300150
33.34151160 -118.32300900
33.34152400 -118.32315110
13 8.89999962 residential 
33.34026980 -118.32521390
33.34023490 -118.32523970
33.34020490 -118.32518220
33.34009700 -118.32526200
33.34013340 -118.32533210
33.34016620 -118.32530790
33.34021900 -118.32540940
33.34018760 -118.32543260
33.34022410 -118.32550270
33.34032830 -118.32542560
33.34029950 -118.32537050
33.34033690 -118.32534280
33.34026980 -118.32521390
13 9.89999962 residential 
33.34195550 -118.32280890
33.34193330 -118.32277760
33.34195100 -118.32275500
33.34189500 -118.32269300
33.34185690 -118.32274190
33.34186680 -118.32275270
33.34182880 -118.32287640
33.34181330 -118.32287610
33.34181250 -118.32294090
33.34188760 -118.32294230
33.34188810 -118.32290870
33.34192290 -118.32290930
33.34195550 -118.32280890
13 10.60000038 residential 
33.34150560 -118.32468900
33.34142570 -118.32470290
33.34142420 -118.32469040
33.34136360 -118.32470090
33.34137630 -118.32480450
33.34137070 -118.32480540
33.34137550 -118.32484500
33.34138380 -118.32484360
33.34138630 -118.32486370
33.34145270 -118.32485220
33.34145120 -118.32483960
33.34152250 -118.32482720
33.34150560 -118.32468900
13 9.10000038 residential 
33.34219910 -118.32356500
33.34210000 -118.32355660
33.34209940 -118.32356770
33.34207680 -118.32356590
33.34207530 -118.32359350
33.34207140 -118.32359320
33.34206980 -118.32362130
33.34207560 -118.32362180
33.34207370 -118.32365600
33.34215960 -118.32366280
33.34215930 -118.32366900
33.34219310 -118.32367170
33.34219910 -118.32356500
13 11.00000000 commercial 
33.34298720 -118.32330230
33.34303610 -118.32335370
33.34302660 -118.32336650
33.34304160 -118.32338220
33.34305070 -118.32336980
33.34309000 -118.32340410
33.34319330 -118.32326010
33.34315220 -118.32320880
33.34316240 -118.32319010
33.34311340 -118.32314210
33.34306030 -118.32321170
33.34305680 -118.32320810
33.34298720 -118.32330230
15 10.50000000 apartments 
33.34030020 -118.32423200
33.34033970 -118.32426700
33.34032960 -118.32428310
33.34034590 -118.32429750
33.34035540 -118.32428230
33.34038590 -118.32430930
33.34037870 -118.32432090
33.34042580 -118.32436250
33.34048810 -118.32426270
33.34044220 -118.32422210
33.34045070 -118.32420840
33.34041130 -118.32417350
33.34041230 -118.32417200
33.34036420 -118.32412940
33.34030020 -118.32423200
15 11.00000000 apartments 
33.33986490 -118.32369430
33.33977200 -118.32375430
33.33977930 -118.32377040
33.33972870 -118.32380300
33.33977730 -118.32390990
33.33981830 -118.32388340
33.33982190 -118.32389140
33.33983510 -118.32388290
33.33982700 -118.32386500
33.33985710 -118.32384550
33.33986460 -118.32386190
33.33988470 -118.32384890
33.33987660 -118.32383100
33.33991560 -118.32380580
33.33986490 -118.32369430
15 13.30000019 apartments 
33.34047510 -118.32357490
33.34032020 -118.32333310
33.34030740 -118.32334470
33.34027540 -118.32329450
33.34019750 -118.32336500
33.34020060 -118.32336990
33.34018280 -118.32338600
33.34020950 -118.32342790
33.34021780 -118.32342040
33.34034410 -118.32361850
33.34033680 -118.32362510
33.34036360 -118.32366720
33.34037910 -118.32365320
33.34038260 -118.32365870
33.34047510 -118.32357490
15 9.39999962 residential 
33.34190210 -118.32350530
33.34194590 -118.32349820
33.34194540 -118.32349380
33.34200020 -118.32348490
33.34199860 -118.32347170
33.34197240 -118.32333390
33.34197780 -118.32333240
33.34197230 -118.32330340
33.34195850 -118.32327580
33.34189250 -118.32329140
33.34188870 -118.32326880
33.34185840 -118.32327600
33.34186340 -118.32330570
33.34185720 -118.32330710
33.34190210 -118.32350530
15 6.90000010 residential 
33.34171730 -118.32232360
33.34174520 -118.32239150
33.34177270 -118.32237550
33.34177970 -118.32239260
33.34181640 -118.32237120
33.34180980 -118.32235520
33.34186310 -118.32233100
33.34185920 -118.32231860
33.34187430 -118.32231180
33.34187780 -118.32229830
33.34187370 -118.32227370
33.34186320 -118.32226450
33.34179170 -118.32229040
33.34179150 -118.32228020
33.34171730 -118.32232360
15 7.90000010 residential 
33.34158870 -118.32402960
33.34162830 -118.32404600
33.34161900 -118.32407770
33.34164620 -118.32408900
33.34164180 -118.32410410
33.34167060 -118.32411610
33.34167610 -118.32409740
33.34170970 -118.32411140
33.34174410 -118.32399370
33.34179160 -118.32401340
33.34181550 -118.32393170
33.34177150 -118.32391340
33.34177660 -118.32389600
33.34164400 -118.32384090
33.34158870 -118.32402960
15 9.39999962 apartments 
33.33953060 -118.32314680
33.33945900 -118.32323870
33.33946950 -118.32325040
33.33942970 -118.32330150
33.33948780 -118.32336580
33.33951740 -118.32332790
33.33953990 -118.32335280
33.33955440 -118.32333410
33.33954360 -118.32332210
33.33956620 -118.32329300
33.33957720 -118.32330510
33.33959050 -118.32328810
33.33957790 -118.32327410
33.33960930 -118.32323380
33.33953060 -118.32314680
15 9.89999962 apartments 
33.33994080 -118.32385830
33.33984530 -118.32392300
33.33985440 -118.32394200
33.33980690 -118.32397420
33.33985510 -118.32407500
33.33989760 -118.32404620
33.33990240 -118.32405630
33.33991330 -118.32404900
33.33990590 -118.32403360
33.33993690 -118.32401270
33.33994420 -118.32402800
33.33996330 -118.32401500
33.33995440 -118.32399620
33.33999390 -118.32396930
33.33994080 -118.32385830
15 12.00000000 residential 
33.34167270 -118.32429330
33.34165830 -118.32431650
33.34164720 -118.32430670
33.34162100 -118.32434890
33.34160430 -118.32433420
33.34157680 -118.32437830
33.34161160 -118.32440900
33.34162620 -118.32438550
33.34163050 -118.32438920
33.34163710 -118.32437860
33.34169050 -118.32442580
33.34171700 -118.32438310
33.34171180 -118.32437850
33.34173210 -118.32434580
33.34167270 -118.32429330
16 10.60000038 residential 
33.34276470 -118.32312200
33.34276470 -118.32311060
33.34273000 -118.32306690
33.34276630 -118.32306670
33.34276600 -118.32299580
33.34270810 -118.32299610
33.34270810 -118.32300160
33.34267830 -118.32300170
33.34267830 -118.32298950
33.34266080 -118.32298960
33.34266080 -118.32297690
33.34261030 -118.32297720
33.34261070 -118.32310160
33.34261390 -118.32310160
33.34261400 -118.32312270
33.34276470 -118.32312200
17 3.20000005 residential Pete's Plaza Cafe
33.34310910 -118.32660730
33.34305510 -118.32652240
33.34305970 -118.32651820
33.34304680 -118.32649770
33.34304100 -118.32650300
33.34303870 -118.32649950
33.34302400 -118.32651280
33.34301140 -118.32649320
33.34298560 -118.32651650
33.34299420 -118.32653010
33.34298190 -118.32654120
33.34298880 -118.32655200
33.34298120 -118.32655890
33.34299550 -118.32658150
33.34300200 -118.32657560
33.34305380 -118.32665720
33.34310910 -118.32660730
17 11.10000038 apartments 
33.34034600 -118.32411080
33.34015550 -118.32390350
33.34014460 -118.32391770
33.34010460 -118.32387430
33.34003730 -118.32396220
33.34008880 -118.32401830
33.34009620 -118.32400870
33.34015170 -118.32406910
33.34014040 -118.32408380
33.34015660 -118.32410140
33.34016620 -118.32408880
33.34022400 -118.32415170
33.34021410 -118.32416460
33.34022900 -118.32418080
33.34023190 -118.32417700
33.34026640 -118.32421460
33.34034600 -118.32411080
19 9.39999962 apartments 
33.33976520 -118.32323110
33.33955000 -118.32339980
33.33956180 -118.32342120
33.33951810 -118.32345550
33.33957180 -118.32355270
33.33960900 -118.32352350
33.33961210 -118.32352920
33.33963070 -118.32351460
33.33962220 -118.32349910
33.33968730 -118.32344800
33.33969590 -118.32346340
33.33971320 -118.32344990
33.33970460 -118.32343450
33.33976900 -118.32338400
33.33977780 -118.32339990
33.33979620 -118.32338550
33.33979200 -118.32337790
33.33982990 -118.32334810
33.33976520 -118.32323110
19 10.60000038 apartments 
33.34015280 -118.32343590
33.34006250 -118.32352460
33.34009270 -118.32356830
33.34008740 -118.32357350
33.34010010 -118.32359170
33.34011320 -118.32357880
33.34016330 -118.32365110
33.34015070 -118.32366340
33.34016220 -118.32368010
33.34017530 -118.32366730
33.34022640 -118.32374120
33.34021440 -118.32375290
33.34022700 -118.32377120
33.34022890 -118.32376930
33.34025790 -118.32381120
33.34033750 -118.32373310
33.34030340 -118.32368380
33.34031580 -118.32367170
33.34015280 -118.32343590
19 10.30000019 apartments 
33.33995610 -118.32446540
33.33996520 -118.32447530
33.33992480 -118.32452830
33.33999740 -118.32460710
33.34003190 -118.32456200
33.34004070 -118.32457150
33.34005380 -118.32455430
33.34004260 -118.32454200
33.34009650 -118.32447140
33.34010770 -118.32448360
33.34012170 -118.32446510
33.34011000 -118.32445240
33.34016170 -118.32438480
33.34017410 -118.32439820
33.34018960 -118.32437800
33.34018610 -118.32437420
33.34021820 -118.32433220
33.34013050 -118.32423700
33.33995610 -118.32446540
21 9.19999981 apartments 
33.33969580 -118.32310350
33.33969800 -118.32310090
33.33968970 -118.32309040
33.33967700 -118.32310480
33.33965200 -118.32307330
33.33966350 -118.32306030
33.33964990 -118.32304310
33.33963420 -118.32306080
33.33957960 -118.32299200
33.33959080 -118.32297940
33.33957680 -118.32296180
33.33956580 -118.32297420
33.33957190 -118.32298200
33.33956180 -118.32299340
33.33953290 -118.32295680
33.33947710 -118.32301960
33.33951250 -118.32306430
33.33949800 -118.32308070
33.33965290 -118.32324750
33.33972970 -118.32314630
33.33969580 -118.32310350
21 6.09999990 apartments 
33.33967220 -118.32551380
33.33969100 -118.32547530
33.33968140 -118.32546860
33.33968600 -118.32545920
33.33971840 -118.32548190
33.33975650 -118.32540430
33.33969940 -118.32536460
33.33969620 -118.32537110
33.33968200 -118.32536110
33.33966960 -118.32538640
33.33968340 -118.32539610
33.33967630 -118.32541060
33.33965890 -118.32539850
33.33965220 -118.32541230
33.33956600 -118.32535230
33.33956220 -118.32536010
33.33955540 -118.32535540
33.33953000 -118.32540720
33.33954250 -118.32541600
33.33953980 -118.32542160
33.33967220 -118.32551380
21 16.79999924 residential 
33.34299460 -118.32318450
33.34299730 -118.32318670
33.34302280 -118.32314130
33.34301880 -118.32313820
33.34303440 -118.32311040
33.34294840 -118.32304210
33.34294060 -118.32305600
33.34292510 -118.32304370
33.34292230 -118.32304880
33.34288770 -118.32302130
33.34286310 -118.32306500
33.34289620 -118.32309130
33.34289410 -118.32309500
33.34288530 -118.32308800
33.34287540 -118.32310570
33.34288380 -118.32311240
33.34287350 -118.32313090
33.34292720 -118.32317360
33.34292530 -118.32317690
33.34297620 -118.32321730
33.34299460 -118.32318450
25 6.40000010 commercial 
33.34305020 -118.32640250
33.34304220 -118.32641000
33.34309260 -118.32648650
33.34309990 -118.32647970
33.34310790 -118.32649180
33.34310120 -118.32649810
33.34311100 -118.32651300
33.34311740 -118.32650690
33.34312210 -118.32651390
33.34311490 -118.32652070
33.34313010 -118.32654380
33.34313680 -118.32653750
33.34314630 -118.32655200
33.34313500 -118.32656250
33.34314980 -118.32658490
33.34315450 -118.32658050
33.34316130 -118.32659070
33.34322400 -118.32653200
33.34310060 -118.32634460
33.34309760 -118.32634740
33.34308560 -118.32632920
33.34306660 -118.32634690
33.34307920 -118.32636600
33.34304640 -118.32639670
33.34305020 -118.32640250
25 10.30000019 apartments 
33.34000080 -118.32468880
33.34007040 -118.32479910
33.34010940 -118.32476420
33.34011340 -118.32477050
33.34012820 -118.32475730
33.34011820 -118.32474140
33.34017990 -118.32468600
33.34018950 -118.32470120
33.34020710 -118.32468550
33.34019610 -118.32466820
33.34025950 -118.32461130
33.34026930 -118.32462690
33.34028600 -118.32461190
33.34027630 -118.32459650
33.34033760 -118.32454160
33.34034700 -118.32455650
33.34036400 -118.32454120
33.34035470 -118.32452650
33.34038900 -118.32449570
33.34038200 -118.32448470
33.34038450 -118.32448240
33.34033730 -118.32440750
33.34029260 -118.32444760
33.34028440 -118.32443460
33.34000080 -118.32468880
25 9.00000000 residential 
33.34042810 -118.32479830
33.34040560 -118.32476190
33.34044940 -118.32472330
33.34038950 -118.32462670
33.34038740 -118.32462860
33.34036720 -118.32459600
33.34030990 -118.32464650
33.34033460 -118.32468620
33.34033740 -118.32468380
33.34034330 -118.32469340
33.34026180 -118.32476520
33.34023170 -118.32471670
33.34017520 -118.32476640
33.34018190 -118.32477710
33.34017140 -118.32478640
33.34018800 -118.32481320
33.34020140 -118.32480150
33.34021310 -118.32482030
33.34020380 -118.32482860
33.34022590 -118.32486430
33.34023370 -118.32485740
33.34025930 -118.32489860
33.34030490 -118.32485840
33.34032430 -118.32488960
33.34042810 -118.32479830
31 8.89999962 apartments 
33.34066600 -118.32482130
33.34066080 -118.32476580
33.34066890 -118.32476470
33.34066750 -118.32475030
33.34065070 -118.32475250
33.34064670 -118.32470910
33.34065890 -118.32470740
33.34065660 -118.32468260
33.34063940 -118.32468490
33.34063070 -118.32459210
33.34064690 -118.32459000
33.34064470 -118.32456650
33.34063650 -118.32456770
33.34063130 -118.32451110
33.34052880 -118.32452990
33.34053750 -118.32459710
33.34051800 -118.32460060
33.34054940 -118.32484330
33.34065730 -118.32482350
33.34053350 -118.32493600
33.34060620 -118.32504950
33.34064440 -118.32501470
33.34064950 -118.32502260
33.34065920 -118.32501370
33.34065030 -118.32499990
33.34067940 -118.32497340
33.34068710 -118.32498540
33.34070370 -118.32497040
33.34069460 -118.32495630
33.34073050 -118.32492360
33.34066600 -118.32482130
33 10.89999962 commercial 
33.34346020 -118.32618780
33.34349480 -118.32624250
33.34348930 -118.32624750
33.34350540 -118.32627300
33.34350890 -118.32626980
33.34351510 -118.32627960
33.34357440 -118.32622620
33.34356650 -118.32621370
33.34360790 -118.32617650
33.34360920 -118.32617860
33.34361980 -118.32616900
33.34363270 -118.32616900
33.34364530 -118.32615700
33.34364890 -118.32614300
33.34367400 -118.32611740
33.34368770 -118.32611930
33.34370190 -118.32610540
33.34370470 -118.32609100
33.34375140 -118.32604920
33.34376160 -118.32605160
33.34377540 -118.32603670
33.34377890 -118.32602550
33.34378990 -118.32601390
33.34380250 -118.32601580
33.34381380 -118.32600230
33.34381550 -118.32599210
33.34383130 -118.32597400
33.34382540 -118.32596670
33.34382380 -118.32594550
33.34378440 -118.32590610
33.34377240 -118.32589990
33.34346710 -118.32618140
33.34346020 -118.32618780
5 8.89999962 residential 
33.34164850 -118.32268510
33.34156900 -118.32266240
33.34154430 -118.32278580
33.34162380 -118.32280840
33.34164850 -118.32268510
5 2.50000000 residential 
33.34270580 -118.32321080
33.34271350 -118.32326070
33.34276370 -118.32324970
33.34275600 -118.32319980
33.34270580 -118.32321080
5 2.70000005 residential 
33.34269520 -118.32276640
33.34269650 -118.32273670
33.34264290 -118.32273350
33.34264170 -118.32276310
33.34269520 -118.32276640
5 8.39999962 apartments 
33.34111810 -118.32579760
33.34119160 -118.32573010
33.34104850 -118.32550900
33.34097500 -118.32557650
33.34111810 -118.32579760
5 5.19999981 commercial 
33.34239940 -118.32405070
33.34232840 -118.32404910
33.34233500 -118.32424380
33.34240600 -118.32423780
33.34239940 -118.32405070
5 2.79999995 residential 
33.34251450 -118.31886300
33.34248920 -118.31886360
33.34249070 -118.31894680
33.34251590 -118.31894620
33.34251450 -118.31886300
5 9.00000000 residential 
33.34134860 -118.32453330
33.34143300 -118.32452640
33.34142430 -118.32437510
33.34133990 -118.32438190
33.34134860 -118.32453330
5 8.39999962 residential 
33.34165930 -118.32549330
33.34169390 -118.32546320
33.34163060 -118.32534730
33.34158860 -118.32538180
33.34165930 -118.32549330
5 4.30000019 commercial 
33.34237840 -118.32356650
33.34232660 -118.32358770
33.34235310 -118.32367910
33.34240480 -118.32365780
33.34237840 -118.32356650
5 11.50000000 residential 
33.34199860 -118.32422150
33.34192400 -118.32429950
33.34198720 -118.32438530
33.34206180 -118.32430730
33.34199860 -118.32422150
5 3.29999995 residential 
33.34279140 -118.32670820
33.34274170 -118.32662800
33.34270850 -118.32665720
33.34275830 -118.32673740
33.34279140 -118.32670820
5 4.59999990 residential 
33.34300750 -118.32591600
33.34298940 -118.32593360
33.34303780 -118.32600390
33.34305590 -118.32598630
33.34300750 -118.32591600
5 8.80000019 residential 
33.34188990 -118.32443410
33.34195690 -118.32438100
33.34188790 -118.32428170
33.34181240 -118.32434990
33.34188990 -118.32443410
5 7.40000010 residential 
33.34181530 -118.32376120
33.34173130 -118.32374310
33.34171540 -118.32384830
33.34179940 -118.32386640
33.34181530 -118.32376120
5 3.40000010 garage 
33.34291620 -118.32653680
33.34287860 -118.32657000
33.34292990 -118.32665240
33.34296750 -118.32661920
33.34291620 -118.32653680
5 3.90000010 residential 
33.34288740 -118.32601230
33.34285580 -118.32604070
33.34289850 -118.32610800
33.34293010 -118.32607950
33.34288740 -118.32601230
5 6.90000010 residential 
33.34227680 -118.32474550
33.34224120 -118.32477660
33.34232560 -118.32491340
33.34236120 -118.32488230
33.34227680 -118.32474550
5 9.80000019 apartments 
33.34188310 -118.32402560
33.34182440 -118.32411550
33.34190020 -118.32418580
33.34195900 -118.32409600
33.34188310 -118.32402560
5 2.50000000 residential 
33.34275860 -118.32317700
33.34273410 -118.32312370
33.34269420 -118.32313030
33.34270070 -118.32318660
33.34275860 -118.32317700
5 5.19999981 residential 
33.34281410 -118.32638970
33.34285020 -118.32639330
33.34285340 -118.32634800
33.34281730 -118.32634430
33.34281410 -118.32638970
5 3.09999990 residential 
33.34118960 -118.32504560
33.34115050 -118.32511480
33.34122530 -118.32517470
33.34126430 -118.32510550
33.34118960 -118.32504560
5 8.30000019 apartments 
33.34190240 -118.32493530
33.34187270 -118.32488860
33.34179800 -118.32495600
33.34182770 -118.32500270
33.34190240 -118.32493530
43 8.10000038 church Saint Catherine of Alexandria Catholic Church
33.34064810 -118.32507830
33.34064040 -118.32506630
33.34062120 -118.32508390
33.34072500 -118.32524450
33.34087870 -118.32510350
33.34095090 -118.32521520
33.34081390 -118.32534090
33.34083460 -118.32537300
33.34083030 -118.32537690
33.34085170 -118.32541010
33.34085670 -118.32540550
33.34086270 -118.32541490
33.34091710 -118.32536510
33.34093660 -118.32539520
33.34095850 -118.32537510
33.34096760 -118.32538930
33.34097590 -118.32538170
33.34097930 -118.32538690
33.34108040 -118.32529420
33.34109110 -118.32531080
33.34111240 -118.32529120
33.34111630 -118.32529720
33.34112250 -118.32529150
33.34113250 -118.32530680
33.34117680 -118.32526620
33.34114780 -118.32522140
33.34113680 -118.32523150
33.34107710 -118.32513910
33.34103930 -118.32517380
33.34102740 -118.32515550
33.34103330 -118.32515010
33.34094940 -118.32502030
33.34092740 -118.32504050
33.34091330 -118.32501850
33.34090870 -118.32502270
33.34088590 -118.32498740
33.34087220 -118.32499990
33.34084480 -118.32495750
33.34083550 -118.32496600
33.34082480 -118.32494950
33.34081470 -118.32495880
33.34080120 -118.32493780
33.34064810 -118.32507830
6 10.19999981 residential The Edgewater
33.34359900 -118.32568980
33.34354510 -118.32561880
33.34324010 -118.32590460
33.34328460 -118.32597490
33.34330190 -118.32595940
33.34359900 -118.32568980
6 8.00000000 residential 
33.34080940 -118.32586570
33.34087930 -118.32597300
33.34097270 -118.32588670
33.34090910 -118.32578900
33.34089560 -118.32578620
33.34080940 -118.32586570
7 9.89999962 residential 
33.34174950 -118.32473770
33.34164270 -118.32468570
33.34158620 -118.32485040
33.34166250 -118.32488760
33.34167710 -118.32484510
33.34170750 -118.32485990
33.34174950 -118.32473770
7 3.79999995 residential 
33.34442750 -118.32173160
33.34442430 -118.32174260
33.34441790 -118.32176430
33.34449520 -118.32179650
33.34450180 -118.32177410
33.34450490 -118.32176390
33.34442750 -118.32173160
7 10.69999981 residential 
33.34202150 -118.32358080
33.34192620 -118.32359810
33.34194110 -118.32371500
33.34201050 -118.32370240
33.34200420 -118.32365280
33.34203010 -118.32364810
33.34202150 -118.32358080
7 3.70000005 residential 
33.34466920 -118.32186860
33.34467560 -118.32184720
33.34467880 -118.32183670
33.34456730 -118.32178940
33.34456440 -118.32179930
33.34455780 -118.32182120
33.34466920 -118.32186860
7 12.60000038 residential 
33.34200180 -118.32420320
33.34207170 -118.32430510
33.34213650 -118.32424210
33.34216350 -118.32420830
33.34212230 -118.32414080
33.34208270 -118.32412450
33.34200180 -118.32420320
7 13.10000038 residential 
33.34146230 -118.32435050
33.34153740 -118.32430130
33.34161840 -118.32417860
33.34154360 -118.32411020
33.34147750 -118.32421280
33.34141870 -118.32426290
33.34146230 -118.32435050
7 6.09999990 residential 
33.34181120 -118.32338520
33.34172060 -118.32339730
33.34172910 -118.32348770
33.34178240 -118.32348060
33.34178110 -118.32346600
33.34181830 -118.32346100
33.34181120 -118.32338520
5 6.90000010 commercial 
33.34243060 -118.32389820
33.34242750 -118.32380410
33.34233020 -118.32380660
33.34233400 -118.32390400
33.34243060 -118.32389820
7 6.09999990 apartments 
33.34164540 -118.32349570
33.34164310 -118.32357330
33.34169920 -118.32357560
33.34169950 -118.32356490
33.34180720 -118.32356930
33.34180910 -118.32350240
33.34164540 -118.32349570
7 5.30000019 residential 
33.34149620 -118.32547350
33.34147280 -118.32549440
33.34146770 -118.32548630
33.34145300 -118.32549940
33.34152970 -118.32561330
33.34156740 -118.32558050
33.34149620 -118.32547350
7 2.70000005 residential 
33.34300150 -118.32626950
33.34296200 -118.32630520
33.34298430 -118.32634020
33.34299250 -118.32633270
33.34301200 -118.32636340
33.34304330 -118.32633520
33.34300150 -118.32626950
7 4.19999981 commercial 
33.34232920 -118.32403110
33.34236860 -118.32402860
33.34236940 -118.32397470
33.34235840 -118.32397550
33.34235730 -118.32395380
33.34232510 -118.32395610
33.34232920 -118.32403110
8 12.60000038 commercial Hotel Vista Del Mar
33.34313520 -118.32573900
33.34324010 -118.32590460
33.34354510 -118.32561880
33.34343610 -118.32547500
33.34343330 -118.32547800
33.34342560 -118.32546750
33.34315360 -118.32572270
33.34313520 -118.32573900
8 4.09999990 residential 
33.34472520 -118.32189280
33.34473090 -118.32187380
33.34473600 -118.32185710
33.34468470 -118.32183520
33.34468020 -118.32184990
33.34467390 -118.32187090
33.34469630 -118.32188050
33.34472520 -118.32189280
8 4.19999981 residential 
33.34455360 -118.32181970
33.34455960 -118.32179840
33.34456370 -118.32178390
33.34451080 -118.32176270
33.34450690 -118.32177670
33.34450070 -118.32179850
33.34452180 -118.32180700
33.34455360 -118.32181970
8 6.40000010 commercial 
33.34213080 -118.32262710
33.34214500 -118.32272470
33.34232480 -118.32268760
33.34232170 -118.32266650
33.34232520 -118.32263580
33.34231340 -118.32261060
33.34231140 -118.32258990
33.34213080 -118.32262710
9 9.39999962 apartments 
33.34191710 -118.32389470
33.34189400 -118.32400560
33.34196960 -118.32402790
33.34197130 -118.32401980
33.34200230 -118.32402890
33.34202100 -118.32393930
33.34199340 -118.32393120
33.34199610 -118.32391810
33.34191710 -118.32389470
9 2.70000005 commercial 
33.34317990 -118.32311250
33.34317850 -118.32310860
33.34320060 -118.32309690
33.34319270 -118.32307540
33.34316950 -118.32308760
33.34316670 -118.32307990
33.34313150 -118.32309840
33.34314370 -118.32313140
33.34317990 -118.32311250
9 6.09999990 residential 
33.34290350 -118.32332460
33.34281030 -118.32327810
33.34279600 -118.32331880
33.34280120 -118.32332140
33.34279760 -118.32333160
33.34280910 -118.32333730
33.34280000 -118.32336310
33.34287650 -118.32340140
33.34290350 -118.32332460
9 7.59999990 residential 
33.34154010 -118.32347460
33.34153320 -118.32347640
33.34152440 -118.32342800
33.34142830 -118.32345290
33.34147280 -118.32369760
33.34155410 -118.32367660
33.34154260 -118.32361360
33.34156440 -118.32360800
33.34154010 -118.32347460
9 8.10000038 residential 
33.34173240 -118.32315000
33.34171080 -118.32315200
33.34170870 -118.32311870
33.34165000 -118.32312400
33.34165280 -118.32316840
33.34163500 -118.32317010
33.34164090 -118.32326290
33.34173900 -118.32325390
33.34173240 -118.32315000
9 3.50000000 residential 
33.34003050 -118.32377720
33.34002850 -118.32377420
33.33998180 -118.32381740
33.34002540 -118.32388430
33.34007620 -118.32383730
33.34008850 -118.32385620
33.34012770 -118.32381990
33.34007380 -118.32373710
33.34003050 -118.32377720
9 6.90000010 residential 
33.34228000 -118.32238490
33.34226500 -118.32224410
33.34208350 -118.32227150
33.34208840 -118.32231740
33.34207080 -118.32232010
33.34207680 -118.32237580
33.34209380 -118.32237320
33.34209800 -118.32241240
33.34228000 -118.32238490
9 8.50000000 apartments 
33.34198430 -118.32457300
33.34207480 -118.32471590
33.34211340 -118.32468120
33.34214300 -118.32472800
33.34222430 -118.32465490
33.34211360 -118.32448020
33.34207150 -118.32451810
33.34206200 -118.32450320
33.34198430 -118.32457300
9 9.80000019 residential 
33.34244220 -118.32496750
33.34239570 -118.32501040
33.34247210 -118.32512780
33.34246100 -118.32513800
33.34249080 -118.32518390
33.34254870 -118.32513040
33.34254180 -118.32511980
33.34244740 -118.32497560
33.34244220 -118.32496750
9 4.59999990 commercial 
33.34262080 -118.32279430
33.34261420 -118.32290460
33.34267180 -118.32290960
33.34267070 -118.32292770
33.34274690 -118.32293430
33.34274880 -118.32290330
33.34275780 -118.32290400
33.34276370 -118.32280660
33.34262080 -118.32279430
9 8.69999981 apartments 
33.34158160 -118.32332230
33.34159110 -118.32339840
33.34177530 -118.32336580
33.34176550 -118.32328760
33.34175150 -118.32329000
33.34175300 -118.32330230
33.34168580 -118.32331420
33.34168460 -118.32330410
33.34158160 -118.32332230
9 9.89999962 apartments 
33.34173740 -118.32446720
33.34182790 -118.32453810
33.34184990 -118.32449830
33.34184590 -118.32449510
33.34186950 -118.32445250
33.34181070 -118.32440640
33.34180550 -118.32441580
33.34177770 -118.32439400
33.34173740 -118.32446720
9 11.50000000 residential 
33.34166550 -118.32446990
33.34159200 -118.32443510
33.34158190 -118.32446540
33.34157560 -118.32446240
33.34156040 -118.32450800
33.34156450 -118.32450990
33.34155530 -118.32453750
33.34163100 -118.32457340
33.34166550 -118.32446990
10 12.60000038 residential 
33.34342560 -118.32546750
33.34343070 -118.32546410
33.34335840 -118.32535770
33.34320490 -118.32549570
33.34321260 -118.32550780
33.34319750 -118.32552140
33.34319030 -118.32551000
33.34308110 -118.32560830
33.34315360 -118.32572270
33.34342560 -118.32546750
10 5.90000010 residential 
33.34143650 -118.32503350
33.34144750 -118.32502630
33.34145140 -118.32505950
33.34154380 -118.32506360
33.34154550 -118.32500690
33.34155980 -118.32500750
33.34156360 -118.32488390
33.34148020 -118.32488020
33.34138940 -118.32493240
33.34143650 -118.32503350
9 5.90000010 commercial 
33.34331990 -118.32598700
33.34333920 -118.32597040
33.34334990 -118.32598730
33.34333870 -118.32599740
33.34335910 -118.32602960
33.34365170 -118.32575920
33.34359900 -118.32568980
33.34330190 -118.32595940
33.34331990 -118.32598700
11 10.00000000 residential 
33.34493490 -118.32868180
33.34495650 -118.32858530
33.34486890 -118.32855750
33.34485980 -118.32859810
33.34483760 -118.32859110
33.34483580 -118.32859880
33.34481250 -118.32859140
33.34481000 -118.32860230
33.34479030 -118.32859610
33.34478200 -118.32863320
33.34493490 -118.32868180
11 10.10000038 apartments 
33.34397870 -118.32969060
33.34395990 -118.32972110
33.34394300 -118.32970630
33.34390620 -118.32976610
33.34391810 -118.32977650
33.34391340 -118.32978420
33.34398800 -118.32984940
33.34399200 -118.32984290
33.34402170 -118.32986880
33.34407800 -118.32977720
33.34397870 -118.32969060
11 7.19999981 residential 
33.34445000 -118.32856090
33.34445180 -118.32855500
33.34446830 -118.32856220
33.34448270 -118.32851480
33.34446790 -118.32850840
33.34447010 -118.32850100
33.34444330 -118.32848940
33.34445720 -118.32844360
33.34439770 -118.32842570
33.34437400 -118.32852470
33.34445000 -118.32856090
11 7.09999990 residential 
33.34398970 -118.32909790
33.34398080 -118.32914860
33.34412370 -118.32918420
33.34413130 -118.32914080
33.34411040 -118.32913560
33.34411110 -118.32913160
33.34409940 -118.32912870
33.34410230 -118.32911210
33.34406340 -118.32910240
33.34406100 -118.32911570
33.34398970 -118.32909790
11 5.80000019 residential 
33.34372500 -118.32747540
33.34365110 -118.32758000
33.34375500 -118.32768420
33.34376310 -118.32767260
33.34377350 -118.32768300
33.34379520 -118.32765220
33.34377520 -118.32763220
33.34377960 -118.32762590
33.34377050 -118.32761680
33.34381330 -118.32756400
33.34372500 -118.32747540
11 8.80000019 residential 
33.34550130 -118.32764580
33.34547100 -118.32762390
33.34547560 -118.32761490
33.34542460 -118.32757810
33.34539310 -118.32764000
33.34541030 -118.32768700
33.34541420 -118.32768500
33.34542170 -118.32770560
33.34539310 -118.32776320
33.34543740 -118.32777140
33.34550130 -118.32764580
11 6.80000019 residential 
33.34396200 -118.32780470
33.34396050 -118.32780680
33.34383730 -118.32767980
33.34383620 -118.32768140
33.34381350 -118.32765800
33.34377960 -118.32770460
33.34380480 -118.32773060
33.34380290 -118.32773310
33.34396670 -118.32790210
33.34400520 -118.32784920
33.34396200 -118.32780470
11 9.00000000 residential 
33.35612510 -118.33313340
33.35606780 -118.33312110
33.35607730 -118.33305810
33.35598310 -118.33303780
33.35600570 -118.33288730
33.35611550 -118.33291090
33.35610720 -118.33296570
33.35613060 -118.33297070
33.35611970 -118.33304360
33.35613800 -118.33304760
33.35612510 -118.33313340
11 5.00000000 residential 
33.34381770 -118.33043820
33.34379140 -118.33048440
33.34379600 -118.33048810
33.34371340 -118.33063300
33.34376800 -118.33067720
33.34381880 -118.33058810
33.34382490 -118.33059300
33.34386220 -118.33052770
33.34383990 -118.33050960
33.34386070 -118.33047300
33.34381770 -118.33043820
11 7.30000019 residential 
33.34440140 -118.32775720
33.34440650 -118.32775940
33.34442210 -118.32770730
33.34437650 -118.32768790
33.34437900 -118.32767960
33.34433840 -118.32766240
33.34431510 -118.32774000
33.34434510 -118.32775280
33.34433370 -118.32779080
33.34438480 -118.32781250
33.34440140 -118.32775720
11 5.59999990 residential 
33.34532400 -118.32844180
33.34530730 -118.32852920
33.34532410 -118.32853380
33.34532170 -118.32854650
33.34535170 -118.32855470
33.34535090 -118.32855940
33.34536680 -118.32856370
33.34537310 -118.32853110
33.34537420 -118.32853140
33.34538810 -118.32845920
33.34532400 -118.32844180
11 8.10000038 residential 
33.34418920 -118.32901880
33.34407240 -118.32898830
33.34407070 -118.32899760
33.34406030 -118.32899490
33.34405070 -118.32904690
33.34405580 -118.32904820
33.34405490 -118.32905340
33.34405810 -118.32905430
33.34405160 -118.32908970
33.34417050 -118.32912070
33.34418920 -118.32901880
12 8.30000019 residential 
33.34622550 -118.32841160
33.34621340 -118.32840220
33.34615040 -118.32835320
33.34614750 -118.32835860
33.34610740 -118.32832740
33.34610590 -118.32833010
33.34610020 -118.32832570
33.34605410 -118.32841090
33.34610120 -118.32844750
33.34609900 -118.32845140
33.34617240 -118.32850850
33.34622550 -118.32841160
11 11.39999962 apartments 
33.34428820 -118.32988020
33.34421540 -118.32981900
33.34421060 -118.32982710
33.34416170 -118.32978600
33.34410330 -118.32988450
33.34415120 -118.32992470
33.34414830 -118.32992950
33.34420490 -118.32997710
33.34420240 -118.32998130
33.34421970 -118.32999580
33.34428820 -118.32988020
11 5.90000010 apartments 
33.34530040 -118.32872940
33.34528190 -118.32872550
33.34527230 -118.32879050
33.34528590 -118.32879340
33.34526660 -118.32892360
33.34532860 -118.32893660
33.34536050 -118.32872090
33.34532750 -118.32870620
33.34532320 -118.32874280
33.34529880 -118.32874090
33.34530040 -118.32872940
11 6.00000000 residential 
33.34495050 -118.32789610
33.34494860 -118.32790770
33.34490740 -118.32789890
33.34490050 -118.32794170
33.34494550 -118.32795210
33.34494370 -118.32796330
33.34506230 -118.32799060
33.34506370 -118.32798180
33.34507420 -118.32798420
33.34508350 -118.32792680
33.34495050 -118.32789610
11 3.40000010 residential 
33.34375170 -118.32787710
33.34375280 -118.32787790
33.34372690 -118.32792560
33.34375590 -118.32794800
33.34378100 -118.32790180
33.34377430 -118.32789660
33.34379090 -118.32786600
33.34383930 -118.32790340
33.34386880 -118.32784920
33.34379700 -118.32779380
33.34375170 -118.32787710
11 5.09999990 residential 
33.34286410 -118.32732110
33.34286680 -118.32731860
33.34288740 -118.32734960
33.34292180 -118.32731710
33.34289580 -118.32727810
33.34289280 -118.32728100
33.34288060 -118.32726260
33.34288400 -118.32725940
33.34280780 -118.32714490
33.34277030 -118.32718030
33.34286410 -118.32732110
11 7.09999990 residential 
33.34622780 -118.32775920
33.34623230 -118.32776220
33.34622260 -118.32778280
33.34627480 -118.32781780
33.34627090 -118.32782610
33.34629580 -118.32784280
33.34634330 -118.32774230
33.34633050 -118.32773370
33.34632750 -118.32774010
33.34625860 -118.32769390
33.34622780 -118.32775920
11 6.09999990 residential 
33.34295480 -118.32825420
33.34303150 -118.32837510
33.34309670 -118.32831630
33.34310250 -118.32832540
33.34303470 -118.32838650
33.34310020 -118.32848980
33.34318790 -118.32841080
33.34312250 -118.32830780
33.34312030 -118.32830970
33.34303770 -118.32817960
33.34295480 -118.32825420
11 11.19999981 apartments 
33.34285840 -118.32710430
33.34289410 -118.32716020
33.34289310 -118.32716110
33.34296700 -118.32727650
33.34301410 -118.32723360
33.34300150 -118.32721400
33.34299680 -118.32721830
33.34296070 -118.32716190
33.34296270 -118.32716000
33.34290180 -118.32706490
33.34285840 -118.32710430
11 8.10000038 residential 
33.34367700 -118.32489620
33.34368160 -118.32490350
33.34363680 -118.32494430
33.34365790 -118.32497730
33.34370210 -118.32493710
33.34370380 -118.32493970
33.34380680 -118.32484590
33.34378300 -118.32480890
33.34373070 -118.32485650
33.34372180 -118.32485540
33.34367700 -118.32489620
11 10.00000000 residential 
33.34627070 -118.32810680
33.34633130 -118.32798530
33.34633490 -118.32798780
33.34634980 -118.32795800
33.34627710 -118.32790640
33.34625830 -118.32794420
33.34625170 -118.32793950
33.34621980 -118.32800690
33.34622020 -118.32801180
33.34619830 -118.32805560
33.34627070 -118.32810680
12 5.50000000 residential 
33.34389770 -118.33035720
33.34389110 -118.33036790
33.34388940 -118.33036640
33.34386690 -118.33040230
33.34384180 -118.33044340
33.34387020 -118.33046830
33.34386600 -118.33047500
33.34389520 -118.33050060
33.34389830 -118.33049560
33.34395450 -118.33054490
33.34400970 -118.33045550
33.34389770 -118.33035720
13 7.19999981 residential 
33.34422980 -118.32880840
33.34420700 -118.32880180
33.34420790 -118.32879730
33.34410110 -118.32876610
33.34409040 -118.32881810
33.34408080 -118.32881530
33.34407720 -118.32883290
33.34407460 -118.32883210
33.34406840 -118.32886230
33.34418640 -118.32889680
33.34418720 -118.32889280
33.34421100 -118.32889980
33.34422980 -118.32880840
13 9.10000038 residential 
33.34391010 -118.32954270
33.34395050 -118.32947810
33.34394600 -118.32947400
33.34396270 -118.32944710
33.34393390 -118.32942160
33.34395000 -118.32939590
33.34390310 -118.32935430
33.34388470 -118.32938380
33.34389510 -118.32939300
33.34386670 -118.32943860
33.34381800 -118.32939540
33.34379160 -118.32943760
33.34391010 -118.32954270
13 8.39999962 apartments 
33.34476080 -118.32864490
33.34471040 -118.32863290
33.34470920 -118.32863970
33.34470860 -118.32863960
33.34471150 -118.32862290
33.34465820 -118.32861020
33.34464690 -118.32867700
33.34464940 -118.32867760
33.34463740 -118.32874900
33.34469180 -118.32876200
33.34469290 -118.32875510
33.34474030 -118.32876650
33.34476080 -118.32864490
13 7.69999981 residential 
33.34571020 -118.32748680
33.34570610 -118.32748390
33.34571340 -118.32746970
33.34566620 -118.32743510
33.34567160 -118.32742460
33.34564590 -118.32740580
33.34562480 -118.32744670
33.34562250 -118.32744500
33.34558100 -118.32752530
33.34560810 -118.32754520
33.34558200 -118.32759570
33.34563420 -118.32763390
33.34571020 -118.32748680
13 5.40000010 residential Catalina Lodge
33.34273700 -118.32748800
33.34270760 -118.32744180
33.34270520 -118.32744400
33.34262200 -118.32731310
33.34252260 -118.32740290
33.34252640 -118.32740900
33.34245460 -118.32747370
33.34246970 -118.32749730
33.34244800 -118.32751680
33.34253920 -118.32766020
33.34254270 -118.32765710
33.34254530 -118.32766110
33.34273700 -118.32748800
13 7.19999981 residential 
33.34360600 -118.33027600
33.34361210 -118.33026600
33.34359470 -118.33025120
33.34354490 -118.33033440
33.34360200 -118.33038290
33.34359370 -118.33039680
33.34364000 -118.33043610
33.34364800 -118.33042280
33.34367250 -118.33044360
33.34369730 -118.33040220
33.34366320 -118.33037320
33.34368250 -118.33034100
33.34360600 -118.33027600
13 8.89999962 residential 
33.34382090 -118.33028800
33.34365740 -118.33014020
33.34365410 -118.33014550
33.34365180 -118.33014350
33.34359750 -118.33022870
33.34360130 -118.33023210
33.34359850 -118.33023650
33.34370070 -118.33032890
33.34369810 -118.33033290
33.34371160 -118.33034510
33.34371780 -118.33033540
33.34376400 -118.33037720
33.34382090 -118.33028800
13 8.50000000 residential 
33.34397590 -118.32961560
33.34400680 -118.32964360
33.34399960 -118.32965500
33.34405630 -118.32970630
33.34409250 -118.32964960
33.34409850 -118.32965490
33.34410940 -118.32963780
33.34409930 -118.32962860
33.34413140 -118.32957820
33.34406090 -118.32951440
33.34405180 -118.32952860
33.34403880 -118.32951690
33.34397590 -118.32961560
13 8.39999962 apartments 
33.34625350 -118.32863490
33.34625620 -118.32862980
33.34625010 -118.32862530
33.34623160 -118.32866130
33.34621970 -118.32865260
33.34618220 -118.32872560
33.34627400 -118.32879260
33.34628300 -118.32877520
33.34630360 -118.32879030
33.34633380 -118.32873170
33.34631310 -118.32871660
33.34632740 -118.32868880
33.34625350 -118.32863490
13 4.40000010 residential 
33.34528550 -118.32685440
33.34528700 -118.32685040
33.34527930 -118.32684650
33.34527050 -118.32687080
33.34525890 -118.32690290
33.34526710 -118.32690720
33.34527080 -118.32689680
33.34532150 -118.32692290
33.34531790 -118.32693270
33.34532760 -118.32693770
33.34533860 -118.32690720
33.34534640 -118.32688580
33.34528550 -118.32685440
13 5.80000019 residential 
33.34378170 -118.32739300
33.34376820 -118.32741140
33.34376540 -118.32740850
33.34374300 -118.32743930
33.34374650 -118.32744290
33.34373440 -118.32745960
33.34381950 -118.32754740
33.34384150 -118.32751720
33.34383020 -118.32750550
33.34383480 -118.32749920
33.34384630 -118.32751110
33.34386770 -118.32748160
33.34378170 -118.32739300
13 4.50000000 apartments 
33.34345900 -118.33027640
33.34345730 -118.33027500
33.34346480 -118.33026220
33.34339390 -118.33020310
33.34341720 -118.33016330
33.34337960 -118.33013190
33.34335430 -118.33017500
33.34334770 -118.33016950
33.34331820 -118.33021960
33.34342230 -118.33030640
33.34342000 -118.33031030
33.34343280 -118.33032090
33.34345900 -118.33027640
13 5.80000019 residential 
33.34515130 -118.32799290
33.34513580 -118.32808610
33.34515230 -118.32809000
33.34515040 -118.32810120
33.34517320 -118.32810660
33.34517480 -118.32809680
33.34524350 -118.32811310
33.34524610 -118.32809760
33.34526190 -118.32810130
33.34527290 -118.32803520
33.34525670 -118.32803140
33.34525890 -118.32801840
33.34515130 -118.32799290
13 2.59999990 residential 
33.34385920 -118.32796000
33.34385250 -118.32795560
33.34385450 -118.32795140
33.34384920 -118.32794790
33.34385190 -118.32794200
33.34382370 -118.32792340
33.34380160 -118.32797090
33.34383180 -118.32799080
33.34383490 -118.32798390
33.34387510 -118.32801030
33.34389170 -118.32797450
33.34386160 -118.32795480
33.34385920 -118.32796000
13 5.40000010 residential 
33.34429170 -118.32779870
33.34428160 -118.32783100
33.34429040 -118.32783490
33.34427970 -118.32786920
33.34423900 -118.32785100
33.34422940 -118.32788140
33.34435030 -118.32793550
33.34435860 -118.32790890
33.34437650 -118.32791690
33.34439020 -118.32787350
33.34436810 -118.32786360
33.34437650 -118.32783670
33.34429170 -118.32779870
13 7.90000010 residential 
33.34374700 -118.33002600
33.34381290 -118.33008430
33.34380970 -118.33008940
33.34387120 -118.33014370
33.34389030 -118.33011310
33.34387350 -118.33009830
33.34390020 -118.33005550
33.34385800 -118.33001820
33.34386190 -118.33001190
33.34382760 -118.32998160
33.34382310 -118.32998890
33.34378890 -118.32995870
33.34374700 -118.33002600
13 2.59999990 residential 
33.34258960 -118.32768310
33.34261750 -118.32772560
33.34264400 -118.32770090
33.34264950 -118.32770930
33.34272960 -118.32763490
33.34272520 -118.32762820
33.34273170 -118.32762220
33.34272420 -118.32761070
33.34272210 -118.32759800
33.34271500 -118.32758690
33.34268470 -118.32761430
33.34267690 -118.32760200
33.34258960 -118.32768310
14 6.59999990 residential 
33.34550830 -118.32791130
33.34550580 -118.32791620
33.34559020 -118.32797570
33.34560160 -118.32795270
33.34560590 -118.32795570
33.34561910 -118.32792930
33.34561540 -118.32792670
33.34562890 -118.32789960
33.34552440 -118.32782590
33.34552270 -118.32782940
33.34547380 -118.32779480
33.34546410 -118.32781430
33.34549440 -118.32790160
33.34550830 -118.32791130
14 6.09999990 apartments 
33.34287280 -118.32736460
33.34284340 -118.32731760
33.34284160 -118.32731910
33.34278760 -118.32723290
33.34279200 -118.32722910
33.34276270 -118.32718230
33.34270980 -118.32722940
33.34271420 -118.32723640
33.34266540 -118.32727980
33.34273120 -118.32738490
33.34273360 -118.32738280
33.34277600 -118.32745050
33.34279880 -118.32743030
33.34287280 -118.32736460
15 9.30000019 residential 
33.34406320 -118.32950340
33.34418050 -118.32960470
33.34418500 -118.32959720
33.34422040 -118.32962790
33.34426100 -118.32956120
33.34422580 -118.32953080
33.34423240 -118.32951990
33.34420610 -118.32949720
33.34420100 -118.32950550
33.34417730 -118.32948500
33.34418300 -118.32947570
33.34414420 -118.32944220
33.34413880 -118.32945090
33.34411020 -118.32942620
33.34406320 -118.32950340
15 6.50000000 residential 
33.34285120 -118.32710560
33.34281110 -118.32714350
33.34284740 -118.32719820
33.34285040 -118.32719540
33.34289680 -118.32726510
33.34289130 -118.32727030
33.34289580 -118.32727810
33.34292180 -118.32731710
33.34292500 -118.32732090
33.34296420 -118.32728390
33.34293160 -118.32723470
33.34292590 -118.32724010
33.34287810 -118.32716820
33.34288710 -118.32715970
33.34285120 -118.32710560
15 6.30000019 residential 
33.34351060 -118.33091010
33.34351300 -118.33093960
33.34350300 -118.33094080
33.34350470 -118.33096220
33.34344970 -118.33096870
33.34345330 -118.33101210
33.34356490 -118.33099900
33.34356650 -118.33101860
33.34360070 -118.33101460
33.34359910 -118.33099500
33.34360380 -118.33099440
33.34360010 -118.33094970
33.34360970 -118.33094860
33.34360560 -118.33089890
33.34351060 -118.33091010
15 5.69999981 apartments 
33.34337820 -118.33043100
33.34341010 -118.33038000
33.34340690 -118.33037700
33.34343460 -118.33033280
33.34341360 -118.33031420
33.34341560 -118.33031100
33.34331400 -118.33022060
33.34327470 -118.33028330
33.34328860 -118.33029570
33.34328310 -118.33030440
33.34330800 -118.33032650
33.34330440 -118.33033220
33.34331130 -118.33033830
33.34329790 -118.33035960
33.34337820 -118.33043100
15 5.50000000 residential 
33.34582670 -118.32871410
33.34582070 -118.32872610
33.34585200 -118.32874850
33.34585780 -118.32873700
33.34588990 -118.32876010
33.34590300 -118.32873410
33.34589950 -118.32873150
33.34591170 -118.32870740
33.34590790 -118.32870460
33.34592020 -118.32868020
33.34582920 -118.32861480
33.34582010 -118.32863280
33.34580410 -118.32862140
33.34577570 -118.32867750
33.34582670 -118.32871410
15 8.69999981 residential 
33.34445730 -118.32902020
33.34446700 -118.32899080
33.34445760 -118.32898640
33.34445960 -118.32898020
33.34440170 -118.32895300
33.34438650 -118.32899910
33.34435920 -118.32898620
33.34432970 -118.32907560
33.34441440 -118.32911530
33.34441680 -118.32910790
33.34447470 -118.32913510
33.34447580 -118.32913160
33.34450420 -118.32914490
33.34453350 -118.32905590
33.34445730 -118.32902020
15 7.09999990 residential 
33.34263080 -118.32773950
33.34266400 -118.32778980
33.34267770 -118.32777690
33.34272860 -118.32785410
33.34284180 -118.32774820
33.34281980 -118.32771480
33.34282870 -118.32770650
33.34280640 -118.32767270
33.34276470 -118.32771170
33.34275710 -118.32770010
33.34278080 -118.32767790
33.34277840 -118.32767420
33.34278760 -118.32766550
33.34275800 -118.32762060
33.34263080 -118.32773950
15 8.69999981 residential 
33.34512120 -118.32860200
33.34507570 -118.32859040
33.34507450 -118.32859710
33.34505520 -118.32859220
33.34504570 -118.32864500
33.34506700 -118.32865040
33.34506100 -118.32868400
33.34507320 -118.32868710
33.34506660 -118.32872410
33.34508090 -118.32872770
33.34507980 -118.32873400
33.34509300 -118.32873740
33.34510030 -118.32869610
33.34510420 -118.32869710
33.34512120 -118.32860200
15 8.00000000 residential 
33.34421840 -118.32778790
33.34425360 -118.32767470
33.34425080 -118.32767350
33.34425360 -118.32766470
33.34422950 -118.32765410
33.34422710 -118.32766200
33.34417310 -118.32763820
33.34417510 -118.32763180
33.34415200 -118.32762170
33.34407850 -118.32777100
33.34412880 -118.32779180
33.34416260 -118.32771810
33.34418800 -118.32772920
33.34417600 -118.32776920
33.34421840 -118.32778790
15 9.00000000 residential 
33.35574060 -118.33344030
33.35561670 -118.33351760
33.35562510 -118.33353680
33.35560430 -118.33354980
33.35568440 -118.33373370
33.35574450 -118.33369620
33.35575200 -118.33371330
33.35579900 -118.33368390
33.35579200 -118.33366770
33.35582950 -118.33364430
33.35581250 -118.33360520
33.35584910 -118.33358230
33.35581070 -118.33349420
33.35577410 -118.33351710
33.35574060 -118.33344030
11 9.30000019 residential 
33.34599170 -118.32768520
33.34602240 -118.32770750
33.34604820 -118.32765690
33.34603120 -118.32764460
33.34603680 -118.32763370
33.34604520 -118.32763980
33.34606280 -118.32760480
33.34595290 -118.32753060
33.34589680 -118.32764010
33.34598280 -118.32770260
33.34599170 -118.32768520
15 2.59999990 residential 
33.34581760 -118.32735320
33.34586270 -118.32737180
33.34585570 -118.32739570
33.34591240 -118.32741910
33.34591750 -118.32740170
33.34592950 -118.32740660
33.34593060 -118.32740300
33.34597750 -118.32742240
33.34599770 -118.32735310
33.34594570 -118.32733170
33.34593870 -118.32735570
33.34588280 -118.32733260
33.34589090 -118.32730490
33.34583800 -118.32728300
33.34581760 -118.32735320
15 8.39999962 residential 
33.34384130 -118.32791170
33.34394430 -118.32798310
33.34394530 -118.32798100
33.34395190 -118.32798550
33.34395550 -118.32797810
33.34394910 -118.32797360
33.34396350 -118.32794420
33.34394630 -118.32793230
33.34395600 -118.32791260
33.34392800 -118.32789320
33.34393030 -118.32788840
33.34388600 -118.32785770
33.34388710 -118.32785530
33.34387340 -118.32784590
33.34384130 -118.32791170
15 7.40000010 apartments 
33.34494310 -118.32808710
33.34494270 -118.32808940
33.34491710 -118.32808320
33.34491680 -118.32808540
33.34491030 -118.32808380
33.34489790 -118.32815700
33.34490530 -118.32815880
33.34490110 -118.32818340
33.34498400 -118.32820330
33.34498590 -118.32819220
33.34500460 -118.32819670
33.34500650 -118.32818570
33.34503090 -118.32819160
33.34504450 -118.32811140
33.34494310 -118.32808710
16 8.69999981 residential 
33.34601620 -118.32798480
33.34606160 -118.32789520
33.34604700 -118.32788460
33.34604460 -118.32788920
33.34602620 -118.32787590
33.34602750 -118.32787330
33.34596860 -118.32783090
33.34596490 -118.32783810
33.34596080 -118.32783510
33.34593050 -118.32789290
33.34592360 -118.32790840
33.34592730 -118.32791110
33.34592370 -118.32791830
33.34599030 -118.32796660
33.34601400 -118.32798330
33.34601620 -118.32798480
16 7.90000010 residential 
33.34592820 -118.32832840
33.34603340 -118.32840070
33.34603090 -118.32840590
33.34604990 -118.32841910
33.34605410 -118.32841090
33.34606320 -118.32839180
33.34604490 -118.32837910
33.34607290 -118.32832160
33.34606280 -118.32831460
33.34606590 -118.32830820
33.34606150 -118.32830520
33.34606410 -118.32829980
33.34604910 -118.32828940
33.34604680 -118.32829420
33.34597060 -118.32824150
33.34592820 -118.32832840
16 9.80000019 residential 
33.34547290 -118.32830080
33.34547630 -118.32828020
33.34544540 -118.32827300
33.34539770 -118.32856350
33.34547310 -118.32858110
33.34547470 -118.32857100
33.34548020 -118.32857220
33.34549770 -118.32846560
33.34547870 -118.32846120
33.34548170 -118.32844280
33.34550030 -118.32844710
33.34551600 -118.32835190
33.34551140 -118.32835090
33.34551330 -118.32833940
33.34549290 -118.32830540
33.34547290 -118.32830080
17 4.30000019 commercial 
33.34530590 -118.32790160
33.34530680 -118.32789620
33.34527930 -118.32788970
33.34527870 -118.32789360
33.34524420 -118.32788540
33.34524360 -118.32788920
33.34522210 -118.32788410
33.34522380 -118.32787400
33.34520210 -118.32786880
33.34520000 -118.32788120
33.34517330 -118.32787480
33.34515680 -118.32797310
33.34522090 -118.32798830
33.34521980 -118.32799450
33.34531270 -118.32801660
33.34533100 -118.32790750
33.34530590 -118.32790160
17 9.19999981 residential 
33.34388150 -118.33017730
33.34384140 -118.33014200
33.34384330 -118.33013890
33.34381080 -118.33011040
33.34381560 -118.33010260
33.34377810 -118.33006970
33.34376080 -118.33009760
33.34374040 -118.33007970
33.34374150 -118.33007800
33.34373160 -118.33006940
33.34372950 -118.33007290
33.34371430 -118.33005950
33.34367020 -118.33013060
33.34377210 -118.33022030
33.34377560 -118.33021470
33.34382910 -118.33026180
33.34388150 -118.33017730
17 9.69999981 apartments 
33.34381050 -118.32836760
33.34378630 -118.32834750
33.34379050 -118.32834030
33.34376890 -118.32832240
33.34377460 -118.32831280
33.34374470 -118.32828800
33.34374110 -118.32829410
33.34373640 -118.32829010
33.34366630 -118.32840980
33.34368200 -118.32842280
33.34368020 -118.32842590
33.34371360 -118.32845380
33.34370570 -118.32846740
33.34372930 -118.32848710
33.34376610 -118.32842420
33.34377370 -118.32843040
33.34381050 -118.32836760
17 8.89999962 residential 
33.34582050 -118.32813450
33.34581920 -118.32813700
33.34585010 -118.32815980
33.34585180 -118.32815660
33.34590580 -118.32819650
33.34595540 -118.32810140
33.34589010 -118.32805320
33.34589210 -118.32804940
33.34587170 -118.32803440
33.34586970 -118.32803830
33.34584600 -118.32802080
33.34584170 -118.32802900
33.34583770 -118.32802600
33.34579730 -118.32810360
33.34580150 -118.32810670
33.34579630 -118.32811670
33.34582050 -118.32813450
17 8.50000000 apartments 
33.34598420 -118.32869100
33.34597940 -118.32870040
33.34596180 -118.32868790
33.34593710 -118.32873720
33.34593090 -118.32873280
33.34590000 -118.32879450
33.34592990 -118.32881590
33.34593680 -118.32880210
33.34598960 -118.32883960
33.34599530 -118.32882840
33.34601350 -118.32884130
33.34603990 -118.32878880
33.34603050 -118.32878210
33.34603310 -118.32877700
33.34602400 -118.32877060
33.34604300 -118.32873290
33.34598420 -118.32869100
17 7.90000010 residential 
33.34352170 -118.33121970
33.34352380 -118.33124330
33.34360000 -118.33123350
33.34359950 -118.33122850
33.34364910 -118.33122210
33.34364980 -118.33123050
33.34370140 -118.33122390
33.34369430 -118.33114530
33.34365280 -118.33115070
33.34365260 -118.33114890
33.34356990 -118.33115960
33.34356940 -118.33115390
33.34351840 -118.33116050
33.34351900 -118.33116730
33.34350450 -118.33116920
33.34350710 -118.33119810
33.34352170 -118.33121970
17 7.00000000 residential 
33.34544540 -118.32879970
33.34543110 -118.32879700
33.34543670 -118.32875630
33.34539720 -118.32874870
33.34539620 -118.32875640
33.34537980 -118.32875320
33.34537540 -118.32878610
33.34536660 -118.32878440
33.34535070 -118.32890080
33.34535280 -118.32890120
33.34535000 -118.32892180
33.34535690 -118.32892310
33.34535390 -118.32894530
33.34539820 -118.32895390
33.34540150 -118.32892900
33.34542720 -118.32893390
33.34544540 -118.32879970
17 5.69999981 residential 
33.34419940 -118.32830110
33.34425020 -118.32832320
33.34425560 -118.32830570
33.34427040 -118.32831210
33.34426370 -118.32833380
33.34430500 -118.32835180
33.34431350 -118.32832390
33.34428520 -118.32831160
33.34428990 -118.32829630
33.34429940 -118.32830040
33.34429650 -118.32831000
33.34430600 -118.32831420
33.34430870 -118.32830530
33.34431890 -118.32830970
33.34435560 -118.32819000
33.34424770 -118.32814320
33.34419940 -118.32830110
17 7.59999990 commercial 
33.34347790 -118.32754330
33.34354460 -118.32746150
33.34353420 -118.32744940
33.34354230 -118.32743950
33.34341920 -118.32724720
33.34332940 -118.32732880
33.34335970 -118.32737620
33.34333880 -118.32739520
33.34330650 -118.32734470
33.34327810 -118.32737050
33.34335020 -118.32748320
33.34337850 -118.32745750
33.34335850 -118.32742630
33.34338460 -118.32740530
33.34342260 -118.32746220
33.34346800 -118.32753190
33.34347790 -118.32754330
17 6.90000010 residential 
33.34627030 -118.32834030
33.34626330 -118.32833510
33.34628480 -118.32829410
33.34626270 -118.32827760
33.34624150 -118.32831790
33.34622480 -118.32830550
33.34621520 -118.32832390
33.34618180 -118.32829900
33.34618920 -118.32828490
33.34618530 -118.32828200
33.34619990 -118.32825420
33.34616250 -118.32822620
33.34614640 -118.32825680
33.34613670 -118.32824950
33.34610900 -118.32830200
33.34623930 -118.32839920
33.34627030 -118.32834030
18 7.00000000 residential 
33.34625500 -118.32958470
33.34624730 -118.32959270
33.34627180 -118.32962610
33.34627880 -118.32961870
33.34633440 -118.32969430
33.34639450 -118.32963160
33.34635360 -118.32957590
33.34636140 -118.32956780
33.34631690 -118.32950730
33.34632450 -118.32949940
33.34631180 -118.32948230
33.34630550 -118.32948890
33.34629790 -118.32947850
33.34626120 -118.32951690
33.34627340 -118.32953350
33.34625450 -118.32955310
33.34625150 -118.32957990
33.34625500 -118.32958470
18 7.69999981 residential 
33.34302840 -118.32794880
33.34303100 -118.32794650
33.34303300 -118.32794970
33.34307480 -118.32791250
33.34307330 -118.32791010
33.34307810 -118.32790580
33.34307350 -118.32789850
33.34311500 -118.32786160
33.34304680 -118.32775280
33.34304460 -118.32775470
33.34303170 -118.32773410
33.34299780 -118.32776440
33.34300920 -118.32778270
33.34299900 -118.32779180
33.34298670 -118.32777220
33.34294300 -118.32781120
33.34297590 -118.32786520
33.34302840 -118.32794880
19 8.89999962 apartments 
33.34356420 -118.32870140
33.34360230 -118.32869470
33.34359350 -118.32862390
33.34356260 -118.32862930
33.34356010 -118.32860900
33.34352810 -118.32861460
33.34353020 -118.32863170
33.34350980 -118.32863530
33.34350850 -118.32862460
33.34349960 -118.32862620
33.34349550 -118.32859350
33.34343330 -118.32860430
33.34344690 -118.32871400
33.34341110 -118.32872030
33.34342010 -118.32879360
33.34351100 -118.32877770
33.34351650 -118.32882250
33.34357780 -118.32881180
33.34356420 -118.32870140
19 9.00000000 residential 
33.35605270 -118.33363070
33.35601230 -118.33358960
33.35598850 -118.33362320
33.35592370 -118.33355740
33.35599950 -118.33345030
33.35598070 -118.33343120
33.35599920 -118.33340510
33.35594040 -118.33334540
33.35598860 -118.33327720
33.35596740 -118.33325570
33.35600860 -118.33319740
33.35609190 -118.33328190
33.35608020 -118.33329840
33.35613880 -118.33335790
33.35610870 -118.33340030
33.35614580 -118.33343790
33.35609840 -118.33350490
33.35612360 -118.33353050
33.35605270 -118.33363070
19 8.80000019 residential 
33.34373900 -118.32825690
33.34371710 -118.32823960
33.34372140 -118.32823180
33.34369970 -118.32821480
33.34370560 -118.32820420
33.34367460 -118.32817990
33.34363050 -118.32825950
33.34364100 -118.32826770
33.34363420 -118.32828000
33.34362280 -118.32827100
33.34360340 -118.32830620
33.34361320 -118.32831390
33.34361000 -118.32831970
33.34364140 -118.32834430
33.34363340 -118.32835870
33.34366050 -118.32838000
33.34369290 -118.32832140
33.34370020 -118.32832710
33.34373900 -118.32825690
19 8.89999962 residential 
33.34665120 -118.32803290
33.34664570 -118.32804400
33.34667890 -118.32806770
33.34673400 -118.32795830
33.34670370 -118.32793660
33.34670130 -118.32794140
33.34666310 -118.32791410
33.34665900 -118.32792240
33.34661850 -118.32789350
33.34657540 -118.32797900
33.34660290 -118.32799860
33.34660180 -118.32801240
33.34660330 -118.32802030
33.34661050 -118.32803140
33.34661900 -118.32803620
33.34662670 -118.32803680
33.34663340 -118.32803460
33.34664180 -118.32802610
33.34665120 -118.32803290
20 7.00000000 residential 
33.34371030 -118.33144090
33.34371030 -118.33143770
33.34372290 -118.33143740
33.34372280 -118.33143190
33.34373810 -118.33143170
33.34373800 -118.33142280
33.34374740 -118.33142270
33.34374580 -118.33129630
33.34368910 -118.33129730
33.34368950 -118.33133160
33.34366030 -118.33133210
33.34364010 -118.33129980
33.34360340 -118.33130430
33.34358260 -118.33132420
33.34362790 -118.33139130
33.34362420 -118.33139480
33.34363150 -118.33140560
33.34362960 -118.33140740
33.34365290 -118.33144200
33.34371030 -118.33144090
16 6.09999990 residential 
33.34592190 -118.32791080
33.34592360 -118.32790840
33.34593050 -118.32789290
33.34592190 -118.32788700
33.34592650 -118.32787750
33.34593280 -118.32788180
33.34595000 -118.32784630
33.34594410 -118.32784220
33.34594900 -118.32783200
33.34593960 -118.32782550
33.34594470 -118.32781500
33.34590450 -118.32778740
33.34590180 -118.32779290
33.34583180 -118.32775690
33.34580230 -118.32782870
33.34592190 -118.32791080
20 6.90000010 residential 
33.34548760 -118.32759860
33.34549040 -118.32759320
33.34551210 -118.32760900
33.34552360 -118.32758650
33.34552890 -118.32759030
33.34554880 -118.32755150
33.34555200 -118.32755390
33.34561010 -118.32744080
33.34560710 -118.32743860
33.34561720 -118.32741880
33.34558600 -118.32739600
33.34558690 -118.32737900
33.34558070 -118.32736830
33.34557030 -118.32736270
33.34556030 -118.32736450
33.34555280 -118.32737020
33.34554900 -118.32737760
33.34553570 -118.32736800
33.34543680 -118.32756160
33.34548760 -118.32759860
21 9.19999981 residential 
33.34359360 -118.32503470
33.34357920 -118.32501260
33.34358260 -118.32500940
33.34354610 -118.32495340
33.34354230 -118.32495690
33.34353600 -118.32494710
33.34351050 -118.32497070
33.34351720 -118.32498090
33.34350320 -118.32499390
33.34349620 -118.32498310
33.34345570 -118.32502060
33.34346270 -118.32503130
33.34344890 -118.32504410
33.34344160 -118.32503290
33.34341580 -118.32505670
33.34342200 -118.32506620
33.34337800 -118.32510690
33.34342730 -118.32518260
33.34346520 -118.32514760
33.34346760 -118.32515130
33.34359360 -118.32503470
21 12.19999981 residential 
33.34272860 -118.32789290
33.34275190 -118.32792840
33.34274860 -118.32793150
33.34277980 -118.32797870
33.34277850 -118.32798600
33.34278060 -118.32800300
33.34279130 -118.32802120
33.34280040 -118.32802470
33.34282790 -118.32806340
33.34282730 -118.32807320
33.34283760 -118.32808810
33.34284900 -118.32809440
33.34286230 -118.32809240
33.34287530 -118.32808060
33.34288100 -118.32806550
33.34287930 -118.32805890
33.34298860 -118.32796260
33.34290580 -118.32782900
33.34290090 -118.32783320
33.34286110 -118.32776900
33.34272860 -118.32789290
21 5.19999981 residential 
33.34599520 -118.32800040
33.34600280 -118.32800580
33.34601400 -118.32798330
33.34599030 -118.32796660
33.34598210 -118.32798310
33.34596330 -118.32796980
33.34596770 -118.32796090
33.34592650 -118.32793180
33.34592330 -118.32793830
33.34591320 -118.32793110
33.34589450 -118.32796870
33.34587770 -118.32795690
33.34585910 -118.32799440
33.34588570 -118.32801320
33.34588320 -118.32801840
33.34592310 -118.32804660
33.34592480 -118.32804340
33.34593800 -118.32805270
33.34594150 -118.32804560
33.34596460 -118.32806190
33.34599520 -118.32800040
21 10.60000038 residential Club House
33.35411040 -118.33092380
33.35411590 -118.33087400
33.35414840 -118.33087910
33.35415660 -118.33080580
33.35414920 -118.33080470
33.35415600 -118.33074360
33.35414710 -118.33074220
33.35415320 -118.33068700
33.35398020 -118.33065970
33.35397160 -118.33073680
33.35395030 -118.33073350
33.35393780 -118.33084580
33.35396290 -118.33084980
33.35395910 -118.33088410
33.35402160 -118.33089400
33.35401930 -118.33090890
33.35402240 -118.33091990
33.35403230 -118.33092730
33.35404450 -118.33092560
33.35405160 -118.33091450
33.35411040 -118.33092380
21 11.00000000 residential Hermosa Hotel
33.34409910 -118.32770250
33.34410780 -118.32768500
33.34408520 -118.32766830
33.34408900 -118.32764510
33.34413160 -118.32758560
33.34410650 -118.32756000
33.34410550 -118.32756140
33.34409390 -118.32754960
33.34410300 -118.32753680
33.34403360 -118.32746610
33.34400670 -118.32750360
33.34399760 -118.32749430
33.34401890 -118.32746450
33.34384970 -118.32729230
33.34384630 -118.32729700
33.34384080 -118.32729140
33.34378170 -118.32737400
33.34388550 -118.32747960
33.34388210 -118.32748430
33.34405570 -118.32766110
33.34409910 -118.32770250
21 7.59999990 residential 
33.34515320 -118.32813040
33.34514940 -118.32815470
33.34513890 -118.32815230
33.34513470 -118.32817880
33.34513820 -118.32817960
33.34513720 -118.32818570
33.34513140 -118.32819240
33.34512960 -118.32820430
33.34513300 -118.32820950
33.34513240 -118.32821300
33.34523950 -118.32824170
33.34524130 -118.32823190
33.34527600 -118.32824120
33.34527190 -118.32826320
33.34537980 -118.32829210
33.34539740 -118.32819890
33.34528680 -118.32816920
33.34527540 -118.32822940
33.34524410 -118.32822100
33.34525680 -118.32815370
33.34515320 -118.32813040
21 8.39999962 residential 
33.34398150 -118.33000380
33.34395790 -118.32998400
33.34394070 -118.33001310
33.34388540 -118.32996660
33.34389350 -118.32995290
33.34391240 -118.32996880
33.34393710 -118.32992720
33.34392570 -118.32991760
33.34394160 -118.32989070
33.34387870 -118.32983770
33.34387600 -118.32984210
33.34386180 -118.32983020
33.34381750 -118.32990520
33.34385570 -118.32993730
33.34385190 -118.32994380
33.34387370 -118.32996210
33.34385990 -118.32998540
33.34391310 -118.33003010
33.34391680 -118.33002390
33.34395210 -118.33005350
33.34398150 -118.33000380
22 7.09999990 residential 
33.34319000 -118.32819210
33.34318280 -118.32819860
33.34316720 -118.32817430
33.34317410 -118.32816810
33.34315140 -118.32813280
33.34314950 -118.32813450
33.34312590 -118.32809770
33.34304130 -118.32817470
33.34308550 -118.32824370
33.34308710 -118.32824230
33.34331100 -118.32859120
33.34334690 -118.32855860
33.34334400 -118.32855420
33.34335940 -118.32854020
33.34335680 -118.32853630
33.34336340 -118.32853040
33.34338410 -118.32849320
33.34335240 -118.32844670
33.34334620 -118.32845270
33.34332590 -118.32842280
33.34333340 -118.32841560
33.34319000 -118.32819210
23 8.39999962 apartments 
33.34570800 -118.32775560
33.34569890 -118.32774900
33.34570750 -118.32773220
33.34564760 -118.32768870
33.34564540 -118.32769290
33.34561940 -118.32769240
33.34559730 -118.32773930
33.34560480 -118.32774430
33.34558700 -118.32778220
33.34558000 -118.32777760
33.34557800 -118.32778180
33.34557180 -118.32777770
33.34555460 -118.32781420
33.34555990 -118.32781780
33.34555410 -118.32783010
33.34561940 -118.32787370
33.34562290 -118.32786630
33.34563520 -118.32787450
33.34564130 -118.32786140
33.34564000 -118.32786050
33.34565300 -118.32783290
33.34566460 -118.32784060
33.34570800 -118.32775560
23 8.89999962 apartments 
33.34489560 -118.32774960
33.34489570 -118.32775090
33.34482730 -118.32775630
33.34482930 -118.32779250
33.34482320 -118.32779300
33.34482520 -118.32782940
33.34481770 -118.32783000
33.34481930 -118.32785900
33.34482690 -118.32785830
33.34482750 -118.32786950
33.34486030 -118.32786690
33.34486040 -118.32786960
33.34487720 -118.32786830
33.34487760 -118.32787450
33.34493980 -118.32786960
33.34494040 -118.32788020
33.34505990 -118.32787080
33.34505940 -118.32786200
33.34507110 -118.32786110
33.34506500 -118.32775050
33.34505250 -118.32775150
33.34505180 -118.32773740
33.34489560 -118.32774960
23 11.00000000 apartments 
33.34416200 -118.32933420
33.34421620 -118.32938220
33.34422270 -118.32937200
33.34426140 -118.32940630
33.34422340 -118.32946710
33.34441390 -118.32963590
33.34441720 -118.32963070
33.34442860 -118.32964080
33.34444630 -118.32961250
33.34443500 -118.32960250
33.34444650 -118.32958420
33.34444200 -118.32958030
33.34445910 -118.32955280
33.34445240 -118.32954690
33.34449180 -118.32948370
33.34432680 -118.32933740
33.34434020 -118.32931590
33.34436500 -118.32933790
33.34438800 -118.32930120
33.34424730 -118.32917660
33.34420800 -118.32923950
33.34421640 -118.32924700
33.34416200 -118.32933420
24 9.89999962 residential 
33.34384530 -118.32819190
33.34388440 -118.32815760
33.34387270 -118.32813870
33.34389360 -118.32812030
33.34388930 -118.32811340
33.34390530 -118.32810680
33.34387980 -118.32805610
33.34386890 -118.32806560
33.34385750 -118.32804720
33.34384210 -118.32804070
33.34383740 -118.32804250
33.34377640 -118.32799670
33.34374970 -118.32804720
33.34375460 -118.32805100
33.34370030 -118.32815360
33.34376060 -118.32824850
33.34377110 -118.32823910
33.34380270 -118.32828890
33.34384430 -118.32825140
33.34384020 -118.32824510
33.34384940 -118.32823680
33.34384150 -118.32822430
33.34385680 -118.32821050
33.34384530 -118.32819190
27 9.30000019 apartments 
33.35431960 -118.33188630
33.35436470 -118.33193510
33.35439890 -118.33189010
33.35442010 -118.33191300
33.35443990 -118.33188690
33.35442680 -118.33187280
33.35445410 -118.33183690
33.35438400 -118.33176120
33.35437530 -118.33177270
33.35425430 -118.33164200
33.35426270 -118.33163100
33.35421620 -118.33158070
33.35418700 -118.33161900
33.35418030 -118.33161160
33.35416290 -118.33163440
33.35417930 -118.33165220
33.35414110 -118.33170230
33.35416470 -118.33172770
33.35417560 -118.33171340
33.35419850 -118.33173820
33.35417160 -118.33177360
33.35422080 -118.33182680
33.35420980 -118.33184120
33.35423910 -118.33187290
33.35425130 -118.33185680
33.35430110 -118.33191060
33.35431960 -118.33188630
27 9.10000038 residential 
33.34447690 -118.32885150
33.34448040 -118.32883210
33.34448650 -118.32883370
33.34449260 -118.32880030
33.34445470 -118.32879040
33.34445160 -118.32880690
33.34444050 -118.32880400
33.34444830 -118.32876150
33.34440950 -118.32875130
33.34440650 -118.32876800
33.34439260 -118.32876430
33.34439440 -118.32875470
33.34439690 -118.32875540
33.34440250 -118.32872490
33.34436650 -118.32871550
33.34436370 -118.32873080
33.34434170 -118.32872510
33.34432330 -118.32882560
33.34437110 -118.32883800
33.34436630 -118.32886410
33.34440030 -118.32887300
33.34439600 -118.32889630
33.34446390 -118.32891400
33.34445800 -118.32894580
33.34475590 -118.32902330
33.34477320 -118.32892870
33.34447690 -118.32885150
28 13.50000000 residential 
33.34627380 -118.32858230
33.34627460 -118.32858300
33.34626130 -118.32860930
33.34626970 -118.32861530
33.34626700 -118.32862060
33.34627760 -118.32862820
33.34627540 -118.32863240
33.34632730 -118.32866960
33.34638090 -118.32856340
33.34638480 -118.32856620
33.34639780 -118.32854040
33.34639670 -118.32853960
33.34642290 -118.32848780
33.34643330 -118.32847340
33.34645660 -118.32845140
33.34649300 -118.32842820
33.34652490 -118.32842360
33.34652340 -118.32840870
33.34651000 -118.32838800
33.34648670 -118.32837260
33.34647760 -118.32838060
33.34646580 -118.32836150
33.34645580 -118.32837020
33.34643720 -118.32833990
33.34643450 -118.32834230
33.34642240 -118.32832270
33.34639080 -118.32835040
33.34627380 -118.32858230
29 9.39999962 apartments 
33.35432980 -118.33067680
33.35433070 -118.33067010
33.35428630 -118.33066160
33.35428530 -118.33066950
33.35424190 -118.33066120
33.35422150 -118.33081270
33.35422860 -118.33082850
33.35424180 -118.33083110
33.35422660 -118.33093810
33.35423270 -118.33094720
33.35424780 -118.33095010
33.35424550 -118.33096710
33.35428480 -118.33097460
33.35428730 -118.33095590
33.35431100 -118.33096040
33.35430900 -118.33097520
33.35437830 -118.33098840
33.35438020 -118.33097350
33.35440490 -118.33097820
33.35440230 -118.33099740
33.35444060 -118.33100480
33.35444300 -118.33098650
33.35446200 -118.33099010
33.35446300 -118.33098310
33.35447050 -118.33098450
33.35448620 -118.33086770
33.35451230 -118.33087270
33.35453340 -118.33071570
33.35432980 -118.33067680
31 3.09999990 residential Catalina Cottages
33.34377490 -118.32773080
33.34378090 -118.32772240
33.34376970 -118.32771100
33.34376810 -118.32771320
33.34372150 -118.32766550
33.34372020 -118.32766740
33.34364720 -118.32759270
33.34361010 -118.32764410
33.34373010 -118.32776690
33.34371110 -118.32779320
33.34359140 -118.32767060
33.34356590 -118.32770600
33.34359000 -118.32773070
33.34358620 -118.32773590
33.34360960 -118.32775990
33.34360460 -118.32776680
33.34362910 -118.32779190
33.34362550 -118.32779690
33.34364980 -118.32782170
33.34364500 -118.32782830
33.34367110 -118.32785490
33.34367860 -118.32784450
33.34372920 -118.32789620
33.34375120 -118.32786560
33.34374930 -118.32786370
33.34377190 -118.32783230
33.34376880 -118.32782910
33.34379110 -118.32779810
33.34378570 -118.32779270
33.34380680 -118.32776350
33.34377490 -118.32773080
31 8.00000000 apartments 
33.35397170 -118.33129200
33.35395080 -118.33131390
33.35393490 -118.33129250
33.35391440 -118.33131410
33.35393060 -118.33133600
33.35388810 -118.33138070
33.35391020 -118.33141050
33.35392340 -118.33139660
33.35393930 -118.33141810
33.35392850 -118.33142940
33.35393180 -118.33143390
33.35391190 -118.33145480
33.35395750 -118.33151630
33.35394270 -118.33153200
33.35396690 -118.33156460
33.35398340 -118.33154720
33.35402710 -118.33160610
33.35405810 -118.33157350
33.35407940 -118.33160220
33.35406850 -118.33161350
33.35408850 -118.33164040
33.35412760 -118.33159920
33.35414310 -118.33162030
33.35416500 -118.33159720
33.35415690 -118.33158610
33.35418500 -118.33155640
33.35410420 -118.33144740
33.35408920 -118.33146320
33.35403950 -118.33139610
33.35404470 -118.33139060
33.35397170 -118.33129200
32 9.80000019 apartments 
33.35484420 -118.33112210
33.35466590 -118.33084720
33.35458410 -118.33092250
33.35458440 -118.33094180
33.35454490 -118.33098030
33.35451510 -118.33097710
33.35450760 -118.33098520
33.35450450 -118.33101120
33.35451250 -118.33102620
33.35451300 -118.33103800
33.35452280 -118.33105370
33.35450870 -118.33106630
33.35453190 -118.33110330
33.35454680 -118.33109010
33.35456040 -118.33111180
33.35455200 -118.33111930
33.35459720 -118.33119150
33.35460750 -118.33118230
33.35462070 -118.33120350
33.35460570 -118.33121680
33.35462760 -118.33125170
33.35464170 -118.33123910
33.35465590 -118.33126180
33.35466240 -118.33125610
33.35467170 -118.33127090
33.35468600 -118.33127080
33.35471290 -118.33124250
33.35471220 -118.33123050
33.35475200 -118.33119180
33.35475520 -118.33119650
33.35476680 -118.33119340
33.35484420 -118.33112210
33 8.19999981 residential 
33.34299500 -118.32705980
33.34304080 -118.32713110
33.34302710 -118.32714360
33.34309570 -118.32725030
33.34313790 -118.32721170
33.34320060 -118.32730940
33.34316920 -118.32733810
33.34317910 -118.32735340
33.34321040 -118.32732480
33.34321260 -118.32732820
33.34326010 -118.32728480
33.34322570 -118.32723120
33.34325270 -118.32720660
33.34316630 -118.32707230
33.34315440 -118.32708310
33.34313700 -118.32705600
33.34319110 -118.32700660
33.34324350 -118.32708820
33.34321790 -118.32711150
33.34323160 -118.32713280
33.34322720 -118.32713690
33.34323990 -118.32715650
33.34326890 -118.32713000
33.34332380 -118.32721530
33.34337740 -118.32716640
33.34326020 -118.32698400
33.34323590 -118.32700610
33.34319930 -118.32694920
33.34317080 -118.32697530
33.34315530 -118.32695120
33.34312980 -118.32697450
33.34311450 -118.32695070
33.34299500 -118.32705980
35 7.69999981 apartments 
33.35464290 -118.33167530
33.35458500 -118.33156430
33.35457870 -118.33156890
33.35453810 -118.33149100
33.35454460 -118.33148620
33.35448850 -118.33137850
33.35442510 -118.33142540
33.35442180 -118.33144490
33.35437010 -118.33148290
33.35436660 -118.33147600
33.35433810 -118.33149680
33.35434920 -118.33151830
33.35433950 -118.33152540
33.35435890 -118.33156290
33.35435290 -118.33156730
33.35437630 -118.33161250
33.35438300 -118.33160760
33.35438870 -118.33161850
33.35437760 -118.33162660
33.35440390 -118.33167760
33.35441430 -118.33166990
33.35442070 -118.33168230
33.35441350 -118.33168760
33.35443680 -118.33173280
33.35444540 -118.33172650
33.35446400 -118.33176250
33.35447110 -118.33175730
33.35448310 -118.33178050
33.35451060 -118.33176040
33.35450070 -118.33174140
33.35454730 -118.33170720
33.35455380 -118.33171970
33.35456270 -118.33171310
33.35457920 -118.33172250
33.35464290 -118.33167530
35 9.69999981 apartments 
33.35360720 -118.33066100
33.35360180 -118.33066510
33.35358930 -118.33064200
33.35359500 -118.33063770
33.35355110 -118.33055640
33.35353810 -118.33056640
33.35353310 -118.33055730
33.35338710 -118.33066950
33.35338780 -118.33068600
33.35340840 -118.33066990
33.35341440 -118.33068090
33.35324100 -118.33081540
33.35324120 -118.33083710
33.35324480 -118.33084920
33.35325620 -118.33085370
33.35327730 -118.33089340
33.35328970 -118.33089810
33.35329810 -118.33091300
33.35330550 -118.33090710
33.35333480 -118.33095930
33.35332650 -118.33096590
33.35333420 -118.33097950
33.35333080 -118.33099290
33.35336770 -118.33106250
33.35352990 -118.33094040
33.35354240 -118.33096380
33.35355220 -118.33096480
33.35369760 -118.33085020
33.35370500 -118.33086360
33.35371550 -118.33085530
33.35365650 -118.33074910
33.35365040 -118.33075400
33.35363840 -118.33073250
33.35364360 -118.33072830
33.35360720 -118.33066100
38 13.00000000 apartments 
33.35548350 -118.33128050
33.35547480 -118.33126630
33.35548390 -118.33125850
33.35548510 -118.33124540
33.35547930 -118.33123460
33.35546650 -118.33122920
33.35546250 -118.33123240
33.35544700 -118.33120420
33.35544430 -118.33120630
33.35544070 -118.33119960
33.35542770 -118.33120980
33.35541730 -118.33119090
33.35540790 -118.33118740
33.35540210 -118.33118820
33.35538040 -118.33120820
33.35537680 -118.33120270
33.35537370 -118.33120570
33.35537080 -118.33120110
33.35536160 -118.33119910
33.35535300 -118.33120060
33.35534670 -118.33121180
33.35534620 -118.33122420
33.35534770 -118.33122670
33.35532440 -118.33124650
33.35531260 -118.33122670
33.35529320 -118.33124310
33.35530670 -118.33126580
33.35528870 -118.33128110
33.35531990 -118.33133350
33.35532340 -118.33133060
33.35533150 -118.33134430
33.35534920 -118.33132930
33.35535550 -118.33133970
33.35536500 -118.33134110
33.35537530 -118.33133960
33.35538090 -118.33133440
33.35539570 -118.33135670
33.35548350 -118.33128050
39 4.90000010 apartments 
33.35424160 -118.33118610
33.35424740 -118.33117970
33.35417270 -118.33108400
33.35412080 -118.33114140
33.35411810 -118.33116430
33.35411430 -118.33116860
33.35412120 -118.33117730
33.35407970 -118.33122410
33.35406740 -118.33120860
33.35404160 -118.33123770
33.35405650 -118.33125640
33.35405160 -118.33126190
33.35407830 -118.33129540
33.35407010 -118.33130470
33.35409910 -118.33134130
33.35410550 -118.33133410
33.35411330 -118.33134380
33.35410210 -118.33135640
33.35413730 -118.33140070
33.35414740 -118.33138940
33.35415640 -118.33140070
33.35414950 -118.33140840
33.35417890 -118.33144550
33.35418650 -118.33143690
33.35421160 -118.33146840
33.35421710 -118.33146220
33.35423290 -118.33148210
33.35425660 -118.33145540
33.35424470 -118.33144040
33.35428580 -118.33139400
33.35429370 -118.33140390
33.35429960 -118.33139730
33.35431950 -118.33139940
33.35438140 -118.33132790
33.35433200 -118.33126710
33.35432930 -118.33127010
33.35430430 -118.33123920
33.35429310 -118.33125210
33.35424160 -118.33118610
39 13.00000000 apartments 
33.35460180 -118.33054420
33.35463250 -118.33058630
33.35461300 -118.33060650
33.35463620 -118.33063830
33.35465490 -118.33061880
33.35467930 -118.33065220
33.35473110 -118.33059850
33.35478190 -118.33065170
33.35473090 -118.33072090
33.35475670 -118.33074800
33.35476370 -118.33073850
33.35479260 -118.33076880
33.35477690 -118.33079010
33.35484130 -118.33085760
33.35487310 -118.33081440
33.35489570 -118.33083810
33.35490590 -118.33083500
33.35494590 -118.33076700
33.35497640 -118.33079240
33.35503180 -118.33069790
33.35500100 -118.33067220
33.35500460 -118.33066600
33.35498030 -118.33064590
33.35499230 -118.33062550
33.35495460 -118.33059410
33.35493570 -118.33062630
33.35490770 -118.33060300
33.35491600 -118.33058880
33.35488890 -118.33056620
33.35490140 -118.33054490
33.35486820 -118.33051730
33.35487420 -118.33050720
33.35478660 -118.33043430
33.35476700 -118.33042390
33.35474830 -118.33042210
33.35472540 -118.33042800
33.35470910 -118.33043590
33.35469860 -118.33044380
33.35460180 -118.33054420
5 7.50000000 commercial 
33.34319810 -118.32757590
33.34313950 -118.32762940
33.34322520 -118.32776250
33.34328380 -118.32770900
33.34319810 -118.32757590
5 4.00000000 residential 
33.34266330 -118.32728720
33.34263480 -118.32731290
33.34272880 -118.32746030
33.34275730 -118.32743450
33.34266330 -118.32728720
5 6.90000010 residential 
33.34615530 -118.32818060
33.34620410 -118.32808920
33.34610160 -118.32801130
33.34605270 -118.32810270
33.34615530 -118.32818060
5 7.30000019 residential Sherrill's Marine Services Repair Barge
33.34842390 -118.32471980
33.34858770 -118.32467840
33.34857670 -118.32461680
33.34841290 -118.32465820
33.34842390 -118.32471980
5 5.80000019 residential 
33.34582260 -118.32753570
33.34573510 -118.32747320
33.34563900 -118.32766410
33.34572650 -118.32772660
33.34582260 -118.32753570
5 2.50000000 residential 
33.34704110 -118.32803150
33.34703510 -118.32806090
33.34707310 -118.32807190
33.34707910 -118.32804240
33.34704110 -118.32803150
5 4.90000010 residential 
33.35493030 -118.33453540
33.35479460 -118.33457080
33.35483930 -118.33481410
33.35497500 -118.33477870
33.35493030 -118.33453540
5 3.00000000 commercial 
33.35057940 -118.32845650
33.35056090 -118.32849120
33.35066080 -118.32856770
33.35067930 -118.32853300
33.35057940 -118.32845650
5 5.90000010 residential 
33.34310240 -118.32849510
33.34313500 -118.32854650
33.34322400 -118.32846650
33.34319140 -118.32841510
33.34310240 -118.32849510
5 10.30000019 residential Chimes Tower
33.34761390 -118.32836280
33.34763230 -118.32830510
33.34758400 -118.32828320
33.34756560 -118.32834090
33.34761390 -118.32836280
5 6.09999990 residential 
33.34382650 -118.32756870
33.34378890 -118.32762040
33.34399960 -118.32783790
33.34402870 -118.32777740
33.34382650 -118.32756870
5 12.30000019 apartments 
33.34420590 -118.33002520
33.34408300 -118.32991960
33.34402530 -118.33001470
33.34414830 -118.33012030
33.34420590 -118.33002520
5 4.80000019 residential 
33.34399390 -118.32239530
33.34402400 -118.32240790
33.34406950 -118.32225200
33.34403940 -118.32223940
33.34399390 -118.32239530
5 2.70000005 commercial 
33.34529630 -118.32779800
33.34529110 -118.32783580
33.34535100 -118.32784760
33.34535620 -118.32780980
33.34529630 -118.32779800
5 5.19999981 residential 
33.34391020 -118.32268670
33.34394010 -118.32269900
33.34400340 -118.32247720
33.34397350 -118.32246500
33.34391020 -118.32268670
5 3.00000000 commercial 
33.35098470 -118.32968130
33.35097480 -118.32972160
33.35102890 -118.32974040
33.35103880 -118.32970000
33.35098470 -118.32968130
5 6.19999981 residential 
33.34589430 -118.32691910
33.34592830 -118.32683030
33.34582450 -118.32677370
33.34579040 -118.32686250
33.34589430 -118.32691910
5 10.10000038 apartments 
33.34580760 -118.32856430
33.34592760 -118.32864940
33.34597350 -118.32855940
33.34585300 -118.32847960
33.34580760 -118.32856430
5 3.50000000 commercial 
33.35078820 -118.32866360
33.35075380 -118.32865390
33.35074520 -118.32869720
33.35077960 -118.32870690
33.35078820 -118.32866360
5 3.90000010 residential 
33.34406200 -118.32216880
33.34408820 -118.32218000
33.34414680 -118.32198240
33.34412060 -118.32197130
33.34406200 -118.32216880
5 5.40000010 residential 
33.34397360 -118.32245680
33.34400670 -118.32247090
33.34402330 -118.32241510
33.34399020 -118.32240100
33.34397360 -118.32245680
5 2.50000000 residential 
33.35466160 -118.33366490
33.35469110 -118.33367300
33.35469840 -118.33363530
33.35466890 -118.33362720
33.35466160 -118.33366490
5 3.20000005 commercial 
33.34326520 -118.32754970
33.34332690 -118.32749790
33.34325770 -118.32738100
33.34319600 -118.32743290
33.34326520 -118.32754970
5 3.00000000 commercial 
33.34851400 -118.32603000
33.34851100 -118.32606850
33.34856440 -118.32607430
33.34856740 -118.32603580
33.34851400 -118.32603000
5 5.19999981 residential 
33.34403900 -118.32223180
33.34407080 -118.32224560
33.34408750 -118.32219050
33.34405580 -118.32217670
33.34403900 -118.32223180
5 3.50000000 commercial 
33.35099570 -118.32977050
33.35096260 -118.32976000
33.35094720 -118.32982910
33.35098030 -118.32983950
33.35099570 -118.32977050
5 5.59999990 residential 
33.34587370 -118.32845830
33.34594970 -118.32851340
33.34599770 -118.32841940
33.34592170 -118.32836430
33.34587370 -118.32845830
5 4.90000010 residential 
33.34394250 -118.32273680
33.34391350 -118.32277510
33.34394700 -118.32281120
33.34397600 -118.32277290
33.34394250 -118.32273680
5 11.30000019 residential Avalon Hotel
33.34439440 -118.32767320
33.34449230 -118.32771620
33.34455900 -118.32750040
33.34446120 -118.32745740
33.34439440 -118.32767320
5 5.50000000 residential 
33.34323940 -118.32869320
33.34331670 -118.32862340
33.34325690 -118.32852940
33.34317960 -118.32859910
33.34323940 -118.32869320
5 8.80000019 residential 
33.34445710 -118.32915600
33.34439370 -118.32911960
33.34434740 -118.32923390
33.34441080 -118.32927030
33.34445710 -118.32915600
5 4.40000010 residential 
33.34539950 -118.32822770
33.34538900 -118.32829390
33.34543400 -118.32830410
33.34544450 -118.32823790
33.34539950 -118.32822770
5 7.69999981 residential 
33.34506450 -118.32770390
33.34505670 -118.32757850
33.34485430 -118.32759640
33.34486220 -118.32772190
33.34506450 -118.32770390
5 6.59999990 residential 
33.34381280 -118.32493670
33.34380380 -118.32492270
33.34365490 -118.32505910
33.34366390 -118.32507310
33.34381280 -118.32493670
5 2.50000000 residential 
33.34545810 -118.32710450
33.34544510 -118.32713950
33.34551070 -118.32717400
33.34552370 -118.32713900
33.34545810 -118.32710450
5 7.09999990 residential Aurora Hotel & Spa
33.34539350 -118.32843480
33.34541310 -118.32832120
33.34510850 -118.32824670
33.34508890 -118.32836040
33.34539350 -118.32843480
5 2.79999995 commercial 
33.34860760 -118.32566990
33.34858650 -118.32566990
33.34858650 -118.32574010
33.34860750 -118.32574010
33.34860760 -118.32566990
41 10.80000019 apartments 
33.35533360 -118.33091870
33.35532580 -118.33093060
33.35526190 -118.33087030
33.35525950 -118.33087390
33.35521890 -118.33083560
33.35521460 -118.33084210
33.35518620 -118.33081520
33.35517900 -118.33082590
33.35514850 -118.33079720
33.35515880 -118.33078170
33.35509280 -118.33071950
33.35507060 -118.33075300
33.35506350 -118.33074640
33.35505400 -118.33076080
33.35504320 -118.33075060
33.35501880 -118.33078730
33.35503490 -118.33080250
33.35501590 -118.33083130
33.35502870 -118.33084350
33.35501970 -118.33085710
33.35507210 -118.33090660
33.35508500 -118.33088710
33.35513620 -118.33093540
33.35513050 -118.33094410
33.35518100 -118.33099160
33.35518570 -118.33098460
33.35520150 -118.33099950
33.35519410 -118.33101050
33.35522130 -118.33103620
33.35522660 -118.33102820
33.35529690 -118.33109450
33.35531210 -118.33107160
33.35532930 -118.33108790
33.35534610 -118.33106250
33.35536690 -118.33108210
33.35538950 -118.33104820
33.35537580 -118.33103530
33.35538430 -118.33102250
33.35537880 -118.33101740
33.35540170 -118.33098290
33.35533360 -118.33091870
43 16.79999924 apartments 
33.35560010 -118.33201870
33.35560690 -118.33202320
33.35562330 -118.33198810
33.35561630 -118.33198340
33.35562730 -118.33195980
33.35561300 -118.33195040
33.35562310 -118.33192890
33.35564090 -118.33194070
33.35565410 -118.33191220
33.35563690 -118.33190080
33.35564550 -118.33188240
33.35561690 -118.33186340
33.35563310 -118.33182870
33.35562970 -118.33182650
33.35563390 -118.33181740
33.35550500 -118.33173190
33.35550300 -118.33173620
33.35545810 -118.33170640
33.35543360 -118.33175890
33.35542910 -118.33175590
33.35540990 -118.33179700
33.35542430 -118.33180660
33.35540890 -118.33183970
33.35540040 -118.33183410
33.35535580 -118.33192960
33.35537030 -118.33193920
33.35535600 -118.33196970
33.35534260 -118.33196080
33.35532360 -118.33200140
33.35533300 -118.33200760
33.35530990 -118.33205710
33.35536820 -118.33209580
33.35537180 -118.33208820
33.35548730 -118.33216480
33.35550150 -118.33213430
33.35552690 -118.33215120
33.35554150 -118.33212000
33.35555570 -118.33212940
33.35557000 -118.33209890
33.35555860 -118.33209130
33.35557530 -118.33205580
33.35558100 -118.33205960
33.35560010 -118.33201870
43 12.10000038 apartments 
33.35384940 -118.33095170
33.35384590 -118.33095960
33.35382520 -118.33094660
33.35382760 -118.33094110
33.35375690 -118.33089660
33.35374950 -118.33091320
33.35373980 -118.33090700
33.35366080 -118.33108530
33.35366290 -118.33109590
33.35367180 -118.33110170
33.35368230 -118.33107870
33.35369440 -118.33108660
33.35364720 -118.33118930
33.35364920 -118.33119860
33.35367700 -118.33121570
33.35365820 -118.33125940
33.35367870 -118.33127190
33.35367070 -118.33129070
33.35370690 -118.33131290
33.35371470 -118.33129510
33.35374920 -118.33131620
33.35374150 -118.33133400
33.35378140 -118.33135840
33.35378820 -118.33134250
33.35380460 -118.33135260
33.35380740 -118.33134600
33.35381260 -118.33134910
33.35382940 -118.33131020
33.35385470 -118.33132570
33.35386550 -118.33132260
33.35390720 -118.33121830
33.35391790 -118.33122440
33.35390780 -118.33124990
33.35391570 -118.33125440
33.35392780 -118.33125090
33.35400240 -118.33107150
33.35401590 -118.33107950
33.35402490 -118.33105810
33.35392770 -118.33100070
33.35392540 -118.33100620
33.35390560 -118.33099450
33.35390810 -118.33098860
33.35384940 -118.33095170
45 15.00000000 apartments 
33.35580380 -118.33137560
33.35579790 -118.33138170
33.35570590 -118.33125480
33.35569930 -118.33126160
33.35569420 -118.33125450
33.35566040 -118.33128920
33.35565590 -118.33128300
33.35562400 -118.33131590
33.35563490 -118.33133090
33.35561140 -118.33135500
33.35560340 -118.33134400
33.35553450 -118.33141490
33.35554140 -118.33142440
33.35552950 -118.33143670
33.35553420 -118.33144320
33.35552500 -118.33145260
33.35551220 -118.33143500
33.35548600 -118.33146190
33.35549300 -118.33147150
33.35545520 -118.33151040
33.35554880 -118.33163960
33.35554200 -118.33164660
33.35557640 -118.33169420
33.35559720 -118.33167280
33.35563880 -118.33173020
33.35564010 -118.33172890
33.35568020 -118.33178440
33.35569130 -118.33177300
33.35571160 -118.33180110
33.35573850 -118.33177350
33.35575510 -118.33179650
33.35577680 -118.33177430
33.35576310 -118.33175540
33.35578260 -118.33173530
33.35578640 -118.33174050
33.35581620 -118.33170980
33.35582260 -118.33171860
33.35590030 -118.33163870
33.35588520 -118.33161780
33.35590330 -118.33159920
33.35588230 -118.33157020
33.35590130 -118.33155060
33.35585140 -118.33148170
33.35586820 -118.33146440
33.35580380 -118.33137560
45 14.50000000 apartments 
33.35528830 -118.33139470
33.35529160 -118.33138500
33.35524910 -118.33136430
33.35524600 -118.33137320
33.35514090 -118.33132190
33.35512090 -118.33137980
33.35511330 -118.33137610
33.35509860 -118.33141880
33.35511680 -118.33142770
33.35510410 -118.33146450
33.35508860 -118.33145690
33.35505420 -118.33155670
33.35506620 -118.33156250
33.35506030 -118.33157990
33.35506860 -118.33158390
33.35506250 -118.33160160
33.35504190 -118.33159160
33.35502790 -118.33163230
33.35503790 -118.33163720
33.35502100 -118.33168630
33.35513500 -118.33174200
33.35513130 -118.33175270
33.35516440 -118.33176890
33.35516810 -118.33175820
33.35520410 -118.33177580
33.35521580 -118.33174200
33.35524530 -118.33175640
33.35525640 -118.33172400
33.35527210 -118.33173160
33.35528300 -118.33169980
33.35527200 -118.33169450
33.35528400 -118.33165940
33.35528940 -118.33166210
33.35530500 -118.33161670
33.35531380 -118.33162100
33.35532630 -118.33158480
33.35532050 -118.33158200
33.35534670 -118.33150590
33.35533070 -118.33149820
33.35533790 -118.33147710
33.35531100 -118.33146390
33.35532510 -118.33142280
33.35532030 -118.33142040
33.35532320 -118.33141180
33.35528830 -118.33139470
7 4.30000019 apartments 
33.34612950 -118.32793600
33.34610060 -118.32799050
33.34618450 -118.32805350
33.34623390 -118.32795960
33.34619550 -118.32793080
33.34617490 -118.32797010
33.34612950 -118.32793600
7 3.29999995 residential 
33.34420190 -118.32789770
33.34417780 -118.32797570
33.34418210 -118.32797760
33.34417620 -118.32799650
33.34421780 -118.32801480
33.34424770 -118.32791780
33.34420190 -118.32789770
7 9.89999962 residential Buena Vista Hotel
33.34415470 -118.32758300
33.34431630 -118.32765350
33.34433930 -118.32757870
33.34425570 -118.32754230
33.34433440 -118.32738560
33.34427020 -118.32735770
33.34415470 -118.32758300
7 7.69999981 apartments 
33.34437260 -118.32854200
33.34435780 -118.32859710
33.34438350 -118.32860680
33.34438000 -118.32861730
33.34443520 -118.32864340
33.34445590 -118.32858140
33.34437260 -118.32854200
7 6.50000000 residential 
33.34426910 -118.32968960
33.34426290 -118.32969970
33.34423770 -118.32967780
33.34421390 -118.32971680
33.34431540 -118.32980500
33.34434550 -118.32975600
33.34426910 -118.32968960
7 6.50000000 residential 
33.34604870 -118.32771970
33.34611950 -118.32777020
33.34616630 -118.32767710
33.34613660 -118.32765580
33.34614460 -118.32764000
33.34610360 -118.32761070
33.34604870 -118.32771970
7 7.69999981 apartments Catalina Boat House Hotel
33.34490540 -118.32882300
33.34492120 -118.32873760
33.34488370 -118.32872780
33.34488320 -118.32873090
33.34476710 -118.32870050
33.34475190 -118.32878280
33.34490540 -118.32882300
7 7.50000000 residential 
33.34634840 -118.32818930
33.34627790 -118.32813740
33.34624920 -118.32819280
33.34619340 -118.32815180
33.34617180 -118.32819360
33.34629770 -118.32828720
33.34634840 -118.32818930
7 3.50000000 residential 
33.34855490 -118.32608130
33.34848610 -118.32607070
33.34848890 -118.32604450
33.34847190 -118.32604180
33.34845280 -118.32621740
33.34853860 -118.32623070
33.34855490 -118.32608130
7 9.10000038 apartments 
33.34370490 -118.32957520
33.34374440 -118.32960920
33.34374290 -118.32961180
33.34382080 -118.32967870
33.34389570 -118.32955500
33.34377830 -118.32945410
33.34370490 -118.32957520
7 7.40000010 residential 
33.34365040 -118.32497580
33.34363360 -118.32494900
33.34361680 -118.32496390
33.34362460 -118.32497630
33.34359380 -118.32500370
33.34360290 -118.32501810
33.34365040 -118.32497580
7 6.40000010 commercial 
33.34542740 -118.32793670
33.34534450 -118.32791700
33.34532710 -118.32802110
33.34538780 -118.32803550
33.34538880 -118.32802910
33.34541100 -118.32803430
33.34542740 -118.32793670
69 7.69999981 commercial 
33.34443400 -118.32605370
33.34444750 -118.32603410
33.34441140 -118.32599870
33.34441310 -118.32599630
33.34437470 -118.32595860
33.34435420 -118.32598830
33.34437720 -118.32601090
33.34435160 -118.32604790
33.34435430 -118.32605060
33.34432450 -118.32609380
33.34431950 -118.32608890
33.34429410 -118.32612560
33.34429850 -118.32613000
33.34429470 -118.32613550
33.34430160 -118.32614230
33.34429800 -118.32614750
33.34431540 -118.32616460
33.34431900 -118.32615930
33.34432570 -118.32616580
33.34432170 -118.32617170
33.34433890 -118.32618860
33.34434310 -118.32618260
33.34437960 -118.32621850
33.34437580 -118.32622380
33.34441860 -118.32626590
33.34442250 -118.32626030
33.34442780 -118.32626540
33.34443290 -118.32625790
33.34443710 -118.32626200
33.34446310 -118.32622450
33.34447460 -118.32623590
33.34444120 -118.32628430
33.34444540 -118.32628850
33.34443960 -118.32629690
33.34451240 -118.32636840
33.34451860 -118.32635940
33.34454890 -118.32638910
33.34454460 -118.32639540
33.34465680 -118.32650560
33.34466110 -118.32649930
33.34466510 -118.32650320
33.34466910 -118.32649740
33.34467500 -118.32650320
33.34471480 -118.32644560
33.34470780 -118.32643870
33.34471100 -118.32643420
33.34470030 -118.32642370
33.34474000 -118.32636620
33.34473430 -118.32636060
33.34473790 -118.32635530
33.34470700 -118.32632490
33.34472690 -118.32629620
33.34472220 -118.32629160
33.34472730 -118.32628430
33.34467880 -118.32623660
33.34467310 -118.32624480
33.34466910 -118.32624090
33.34467120 -118.32623780
33.34460980 -118.32617750
33.34459350 -118.32620110
33.34454210 -118.32615070
33.34452210 -118.32617960
33.34451670 -118.32617430
33.34450330 -118.32619360
33.34449320 -118.32618370
33.34451720 -118.32614900
33.34451220 -118.32614410
33.34451780 -118.32613600
33.34443400 -118.32605370
8 6.40000010 residential 
33.34603920 -118.32826960
33.34610200 -118.32831450
33.34610900 -118.32830200
33.34613510 -118.32824890
33.34612470 -118.32824160
33.34614350 -118.32820420
33.34609100 -118.32816670
33.34603920 -118.32826960
8 2.50000000 commercial 
33.34858100 -118.32626620
33.34856770 -118.32625360
33.34854130 -118.32629340
33.34856050 -118.32629750
33.34861730 -118.32635290
33.34867610 -118.32626740
33.34861800 -118.32621070
33.34858100 -118.32626620
75 6.40000010 residential Island Spa Catalina
33.34520490 -118.32708610
33.34520180 -118.32707920
33.34519510 -118.32707460
33.34518850 -118.32707330
33.34517310 -118.32707480
33.34515850 -118.32708200
33.34514640 -118.32709260
33.34514070 -118.32710550
33.34513800 -118.32711800
33.34513880 -118.32712500
33.34514280 -118.32713040
33.34514150 -118.32712950
33.34513570 -118.32713100
33.34512760 -118.32713800
33.34512420 -118.32715000
33.34512610 -118.32715790
33.34513160 -118.32716530
33.34513860 -118.32716750
33.34514600 -118.32716560
33.34514670 -118.32718080
33.34515330 -118.32719320
33.34516150 -118.32720050
33.34517470 -118.32720730
33.34517540 -118.32721150
33.34513180 -118.32721500
33.34514350 -118.32742460
33.34514540 -118.32742450
33.34514960 -118.32749930
33.34525120 -118.32751920
33.34532810 -118.32757620
33.34533180 -118.32759300
33.34535990 -118.32758430
33.34536510 -118.32760770
33.34538190 -118.32763940
33.34542900 -118.32755170
33.34542900 -118.32753970
33.34553640 -118.32732760
33.34541950 -118.32724350
33.34541690 -118.32724860
33.34533450 -118.32718930
33.34529660 -118.32726410
33.34537700 -118.32732190
33.34537080 -118.32733420
33.34539960 -118.32735490
33.34537880 -118.32739590
33.34541260 -118.32742020
33.34539040 -118.32746400
33.34540280 -118.32751360
33.34539370 -118.32751680
33.34539300 -118.32751420
33.34536600 -118.32752370
33.34536660 -118.32752610
33.34533380 -118.32753770
33.34533370 -118.32753080
33.34526680 -118.32748520
33.34517840 -118.32746700
33.34517650 -118.32744020
33.34520230 -118.32743750
33.34518970 -118.32726650
33.34520340 -118.32726510
33.34520190 -118.32724480
33.34521500 -118.32723520
33.34522260 -118.32724990
33.34525390 -118.32722710
33.34524630 -118.32721250
33.34526740 -118.32719720
33.34525110 -118.32716550
33.34525220 -118.32714560
33.34524980 -118.32713000
33.34524310 -118.32711440
33.34523530 -118.32710520
33.34522560 -118.32710020
33.34521630 -118.32709890
33.34520650 -118.32709580
33.34520490 -118.32708610
9 7.90000010 residential Catalina Island Inn
33.34421410 -118.32745760
33.34394930 -118.32718970
33.34395090 -118.32718750
33.34393610 -118.32717250
33.34393180 -118.32717860
33.34392360 -118.32717040
33.34385740 -118.32726340
33.34414510 -118.32755440
33.34421410 -118.32745760
9 9.69999981 residential 
33.34636650 -118.32774810
33.34633640 -118.32780540
33.34634040 -118.32780840
33.34631240 -118.32786170
33.34638320 -118.32791440
33.34643480 -118.32781600
33.34642910 -118.32781170
33.34643550 -118.32779950
33.34636650 -118.32774810
9 2.59999990 residential 
33.34353610 -118.33103210
33.34353560 -118.33102540
33.34351930 -118.33102720
33.34352000 -118.33103560
33.34351680 -118.33103600
33.34352470 -118.33113300
33.34356550 -118.33112830
33.34355740 -118.33102960
33.34353610 -118.33103210
9 9.39999962 residential 
33.34348540 -118.33087130
33.34359870 -118.33085780
33.34357280 -118.33054950
33.34358060 -118.33055620
33.34364160 -118.33045460
33.34355060 -118.33037710
33.34344940 -118.33054570
33.34345870 -118.33055360
33.34348540 -118.33087130
9 10.50000000 residential 
33.34646040 -118.32781240
33.34640260 -118.32791930
33.34644500 -118.32795190
33.34643380 -118.32797250
33.34646050 -118.32799300
33.34645530 -118.32800260
33.34645940 -118.32800570
33.34653360 -118.32786860
33.34646040 -118.32781240
9 3.59999990 commercial 
33.34526720 -118.32777670
33.34517870 -118.32776010
33.34517800 -118.32776490
33.34516780 -118.32776300
33.34516310 -118.32779840
33.34517450 -118.32780050
33.34516880 -118.32784360
33.34525610 -118.32786000
33.34526720 -118.32777670
9 4.19999981 residential 
33.34427110 -118.32764450
33.34423200 -118.32776730
33.34427990 -118.32778890
33.34429750 -118.32773350
33.34430420 -118.32773650
33.34431670 -118.32769720
33.34430880 -118.32769370
33.34431780 -118.32766550
33.34427110 -118.32764450
5 7.59999990 residential 
33.34568150 -118.32804670
33.34578100 -118.32810710
33.34583300 -118.32800660
33.34573880 -118.32793940
33.34568150 -118.32804670
9 5.59999990 residential 
33.34456870 -118.32802020
33.34458280 -118.32797730
33.34456650 -118.32796970
33.34457100 -118.32795590
33.34453560 -118.32793940
33.34453050 -118.32795490
33.34451900 -118.32794890
33.34450640 -118.32799120
33.34456870 -118.32802020
8 8.39999962 residential 
33.34428230 -118.32905890
33.34425920 -118.32915200
33.34433130 -118.32921080
33.34435060 -118.32921350
33.34436520 -118.32915300
33.34434960 -118.32914770
33.34436230 -118.32909450
33.34428230 -118.32905890
9 5.59999990 residential 
33.34518750 -118.32853510
33.34518920 -118.32852550
33.34512800 -118.32851020
33.34512600 -118.32852170
33.34506240 -118.32850580
33.34505160 -118.32856780
33.34521520 -118.32860850
33.34522640 -118.32854480
33.34518750 -118.32853510
9 2.59999990 residential 
33.34380140 -118.33041830
33.34383580 -118.33045010
33.34386690 -118.33040230
33.34385670 -118.33039290
33.34385980 -118.33038820
33.34385490 -118.33038370
33.34386560 -118.33036720
33.34384620 -118.33034930
33.34380140 -118.33041830
9 4.50000000 residential 
33.34406980 -118.32785520
33.34406770 -118.32785430
33.34407320 -118.32783540
33.34404140 -118.32782230
33.34403560 -118.32784250
33.34402960 -118.32784010
33.34400250 -118.32793370
33.34404230 -118.32795010
33.34406980 -118.32785520
9 5.69999981 commercial 
33.35084870 -118.33002420
33.35091990 -118.33005200
33.35093040 -118.33001410
33.35093330 -118.33001520
33.35094810 -118.32996160
33.35092350 -118.32995190
33.35092160 -118.32995870
33.35087210 -118.32993940
33.35084870 -118.33002420
9 7.00000000 residential 
33.34428550 -118.32847030
33.34426400 -118.32846470
33.34426480 -118.32846060
33.34419860 -118.32844330
33.34418530 -118.32851500
33.34420480 -118.32852010
33.34420280 -118.32853060
33.34427110 -118.32854850
33.34428550 -118.32847030
9 8.39999962 apartments Marilla Inn
33.34520140 -118.32862810
33.34512530 -118.32860840
33.34509380 -118.32878160
33.34512980 -118.32879090
33.34512760 -118.32880300
33.34514290 -118.32880700
33.34514510 -118.32879490
33.34516980 -118.32880120
33.34520140 -118.32862810
9 2.50000000 residential 
33.34584030 -118.32771750
33.34588630 -118.32775070
33.34589390 -118.32773590
33.34591130 -118.32774850
33.34592300 -118.32772560
33.34591540 -118.32772010
33.34592820 -118.32769480
33.34587230 -118.32765450
33.34584030 -118.32771750
9 6.50000000 apartments 
33.34495470 -118.32798240
33.34495380 -118.32798730
33.34494830 -118.32798580
33.34493580 -118.32805490
33.34494430 -118.32805710
33.34494450 -118.32805570
33.34504980 -118.32808270
33.34506290 -118.32801010
33.34495470 -118.32798240
9 5.09999990 residential 
33.35358750 -118.32976490
33.35357890 -118.32978150
33.35356210 -118.32976910
33.35352860 -118.32983360
33.35361890 -118.32990000
33.35365050 -118.32983910
33.35363350 -118.32982650
33.35364400 -118.32980640
33.35358750 -118.32976490
9 8.10000038 commercial 
33.34388710 -118.32666210
33.34387680 -118.32667160
33.34391570 -118.32673150
33.34394850 -118.32670120
33.34391060 -118.32664280
33.34419250 -118.32638310
33.34413420 -118.32631780
33.34383660 -118.32658430
33.34388710 -118.32666210
9 5.50000000 residential 
33.34404910 -118.32767040
33.34387730 -118.32749570
33.34384090 -118.32754650
33.34404210 -118.32775110
33.34405290 -118.32772940
33.34407710 -118.32774660
33.34409910 -118.32770250
33.34405570 -118.32766110
33.34404910 -118.32767040
9 6.50000000 residential 
33.34367620 -118.32510570
33.34365100 -118.32506440
33.34357570 -118.32512960
33.34357880 -118.32513480
33.34356620 -118.32514570
33.34358520 -118.32517680
33.34359010 -118.32517250
33.34359320 -118.32517750
33.34367620 -118.32510570
9 10.89999962 residential 
33.34641820 -118.32804010
33.34640180 -118.32802820
33.34640790 -118.32801620
33.34634650 -118.32797150
33.34631720 -118.32802850
33.34632000 -118.32803050
33.34629200 -118.32808490
33.34636700 -118.32813960
33.34641820 -118.32804010
86 10.10000038 residential 
33.34571720 -118.32856510
33.34572290 -118.32856930
33.34582590 -118.32836590
33.34580130 -118.32834820
33.34580940 -118.32833220
33.34580640 -118.32833010
33.34581870 -118.32830570
33.34584360 -118.32832360
33.34590280 -118.32820690
33.34588930 -118.32819720
33.34588550 -118.32820470
33.34586680 -118.32819120
33.34586810 -118.32818860
33.34584370 -118.32817110
33.34582990 -118.32817370
33.34581770 -118.32816540
33.34582290 -118.32815450
33.34580190 -118.32814030
33.34579650 -118.32815160
33.34577630 -118.32813790
33.34578180 -118.32812640
33.34573260 -118.32809320
33.34573060 -118.32809730
33.34572050 -118.32809050
33.34571040 -118.32811170
33.34569910 -118.32810410
33.34567990 -118.32814450
33.34570220 -118.32815960
33.34569860 -118.32816700
33.34569010 -118.32816120
33.34567790 -118.32818680
33.34570320 -118.32820390
33.34568880 -118.32823430
33.34565640 -118.32821240
33.34564760 -118.32823110
33.34565010 -118.32825050
33.34564430 -118.32824590
33.34562420 -118.32828230
33.34563190 -118.32828840
33.34563250 -118.32830170
33.34559830 -118.32830900
33.34559570 -118.32831400
33.34558880 -118.32830890
33.34557820 -118.32832920
33.34559200 -118.32833940
33.34558950 -118.32834410
33.34558520 -118.32834100
33.34556530 -118.32837910
33.34557240 -118.32838440
33.34557350 -118.32840050
33.34556860 -118.32839690
33.34554530 -118.32844190
33.34555740 -118.32845080
33.34555520 -118.32845510
33.34555940 -118.32845820
33.34555760 -118.32846180
33.34555150 -118.32845730
33.34553030 -118.32849820
33.34554240 -118.32850710
33.34554030 -118.32851100
33.34554470 -118.32851420
33.34554320 -118.32851700
33.34553640 -118.32851210
33.34552800 -118.32852830
33.34553610 -118.32853420
33.34552170 -118.32856200
33.34552930 -118.32856760
33.34554070 -118.32854530
33.34554970 -118.32855190
33.34554480 -118.32856140
33.34555550 -118.32856920
33.34556060 -118.32855940
33.34557030 -118.32856650
33.34555910 -118.32858800
33.34556830 -118.32859470
33.34557920 -118.32857360
33.34559400 -118.32858450
33.34559080 -118.32859070
33.34560540 -118.32860140
33.34560770 -118.32859690
33.34564840 -118.32862690
33.34565830 -118.32860770
33.34566740 -118.32861440
33.34566500 -118.32861910
33.34568310 -118.32863240
33.34571720 -118.32856510
10 3.90000010 residential 
33.34543810 -118.32779990
33.34543670 -118.32781000
33.34539560 -118.32780170
33.34538750 -118.32785900
33.34545300 -118.32787210
33.34545570 -118.32785310
33.34546070 -118.32785410
33.34546430 -118.32782850
33.34545270 -118.32780290
33.34543810 -118.32779990
10 10.39999962 commercial 
33.34321100 -118.32776610
33.34313870 -118.32765120
33.34306540 -118.32771660
33.34313770 -118.32783150
33.34314750 -118.32782280
33.34315100 -118.32782840
33.34319560 -118.32778860
33.34319210 -118.32778310
33.34320390 -118.32777260
33.34321100 -118.32776610
10 4.30000019 commercial 
33.34426480 -118.32625260
33.34426860 -118.32624720
33.34427140 -118.32625000
33.34428290 -118.32624320
33.34428170 -118.32623420
33.34427780 -118.32623030
33.34427970 -118.32622750
33.34425200 -118.32620020
33.34423580 -118.32622350
33.34426480 -118.32625260
10 5.59999990 residential 
33.34342260 -118.32746220
33.34337580 -118.32750780
33.34336370 -118.32748890
33.34330140 -118.32754560
33.34329360 -118.32753340
33.34325460 -118.32756880
33.34332330 -118.32767630
33.34342710 -118.32758200
33.34346800 -118.32753190
33.34342260 -118.32746220
10 6.59999990 residential 
33.34610580 -118.32947340
33.34615660 -118.32939140
33.34601330 -118.32926530
33.34600420 -118.32928000
33.34597940 -118.32925820
33.34595990 -118.32927580
33.34594140 -118.32930650
33.34597200 -118.32933270
33.34596290 -118.32934770
33.34610580 -118.32947340
10 10.00000000 residential 
33.34606240 -118.32788950
33.34611850 -118.32778280
33.34606470 -118.32774270
33.34604330 -118.32778350
33.34603410 -118.32778440
33.34602860 -118.32778700
33.34602420 -118.32779230
33.34600040 -118.32777500
33.34597520 -118.32782440
33.34606240 -118.32788950
22 8.30000019 residential 
33.34108360 -118.33744060
33.34107790 -118.33744360
33.34106820 -118.33745290
33.34106180 -118.33746560
33.34105940 -118.33748020
33.34105980 -118.33748760
33.34106390 -118.33750160
33.34107170 -118.33751320
33.34108240 -118.33752080
33.34109460 -118.33752370
33.34110690 -118.33752140
33.34111260 -118.33751840
33.34112230 -118.33750900
33.34112870 -118.33749630
33.34113110 -118.33748180
33.34113070 -118.33747430
33.34112910 -118.33746710
33.34112310 -118.33745410
33.34111370 -118.33744440
33.34110810 -118.33744110
33.34109590 -118.33743830
33.34108360 -118.33744060
37 8.30000019 residential 
33.34104290 -118.33754400
33.34103610 -118.33754730
33.34102990 -118.33755200
33.34102440 -118.33755790
33.34101990 -118.33756480
33.34101650 -118.33757260
33.34101430 -118.33758090
33.34101330 -118.33758960
33.34101360 -118.33759830
33.34101510 -118.33760690
33.34101790 -118.33761500
33.34102180 -118.33762240
33.34102670 -118.33762890
33.34103260 -118.33763420
33.34103910 -118.33763830
33.34104610 -118.33764100
33.34105330 -118.33764220
33.34106070 -118.33764190
33.34106790 -118.33764000
33.34107470 -118.33763670
33.34108090 -118.33763210
33.34108630 -118.33762610
33.34109080 -118.33761920
33.34109430 -118.33761150
33.34109650 -118.33760310
33.34109750 -118.33759450
33.34109720 -118.33758570
33.34109570 -118.33757710
33.34109290 -118.33756910
33.34108900 -118.33756160
33.34108400 -118.33755510
33.34107820 -118.33754980
33.34107170 -118.33754570
33.34106470 -118.33754300
33.34105740 -118.33754180
33.34105010 -118.33754220
33.34104290 -118.33754400
37 8.30000019 residential 
33.34117100 -118.33740400
33.34116470 -118.33740680
33.34115900 -118.33741080
33.34115390 -118.33741600
33.34114970 -118.33742210
33.34114640 -118.33742900
33.34114420 -118.33743650
33.34114310 -118.33744430
33.34114320 -118.33745230
33.34114440 -118.33746010
33.34114670 -118.33746750
33.34115010 -118.33747430
33.34115440 -118.33748040
33.34115960 -118.33748540
33.34116540 -118.33748930
33.34117170 -118.33749200
33.34117820 -118.33749330
33.34118490 -118.33749320
33.34119140 -118.33749180
33.34119770 -118.33748900
33.34120340 -118.33748490
33.34120850 -118.33747980
33.34121270 -118.33747360
33.34121600 -118.33746680
33.34121820 -118.33745930
33.34121930 -118.33745140
33.34121920 -118.33744350
33.34121800 -118.33743570
33.34121570 -118.33742830
33.34121230 -118.33742140
33.34120800 -118.33741540
33.34120280 -118.33741040
33.34119700 -118.33740640
33.34119080 -118.33740380
33.34118420 -118.33740250
33.34117750 -118.33740260
33.34117100 -118.33740400
46 10.50000000 residential Avalon City Hall
33.34007020 -118.32830220
33.33999940 -118.32836080
33.34001590 -118.32838900
33.34000650 -118.32839670
33.33999480 -118.32838360
33.33998950 -118.32839040
33.33996280 -118.32836050
33.33997580 -118.32834400
33.33994840 -118.32831330
33.33987350 -118.32840820
33.33989790 -118.32843560
33.33990360 -118.32842830
33.33993280 -118.32846100
33.33992540 -118.32847040
33.33993440 -118.32848050
33.33990640 -118.32851600
33.33998830 -118.32865360
33.33995770 -118.32866320
33.33988350 -118.32875500
33.33989050 -118.32876310
33.33988370 -118.32877150
33.33989950 -118.32878960
33.33988640 -118.32880600
33.33993260 -118.32885900
33.33994560 -118.32884300
33.33996310 -118.32886310
33.34004040 -118.32876740
33.34003240 -118.32875810
33.34003970 -118.32874900
33.34001730 -118.32866680
33.34003380 -118.32866040
33.34004160 -118.32868910
33.34005240 -118.32868500
33.34006440 -118.32872860
33.34004480 -118.32873610
33.34005560 -118.32877550
33.34017140 -118.32873060
33.34015980 -118.32868810
33.34013950 -118.32869590
33.34012820 -118.32865450
33.34013630 -118.32865130
33.34012690 -118.32861680
33.34013480 -118.32861370
33.34015060 -118.32864770
33.34023230 -118.32858000
33.34007020 -118.32830220
11 5.00000000 residential 
33.34076520 -118.33223460
33.34070060 -118.33221440
33.34069470 -118.33224150
33.34064550 -118.33220240
33.34056580 -118.33221800
33.34061600 -118.33233550
33.34064550 -118.33230880
33.34066520 -118.33232020
33.34070330 -118.33236740
33.34073470 -118.33237310
33.34076520 -118.33223460
11 4.50000000 residential 
33.34340990 -118.33167060
33.34340440 -118.33160820
33.34341360 -118.33160700
33.34341100 -118.33157700
33.34324800 -118.33159710
33.34325290 -118.33165360
33.34323900 -118.33165530
33.34324030 -118.33166990
33.34325480 -118.33166810
33.34325670 -118.33168940
33.34340990 -118.33167060
11 7.50000000 residential 
33.34333970 -118.33092990
33.34333560 -118.33087880
33.34335400 -118.33087680
33.34334740 -118.33079380
33.34318380 -118.33081230
33.34318440 -118.33081920
33.34316900 -118.33082100
33.34317290 -118.33086960
33.34319310 -118.33086730
33.34319940 -118.33094570
33.34333970 -118.33092990
11 6.50000000 apartments 
33.34295470 -118.33128670
33.34304440 -118.33126400
33.34304490 -118.33126690
33.34309220 -118.33125480
33.34307710 -118.33117040
33.34306780 -118.33117280
33.34305440 -118.33109770
33.34295850 -118.33112210
33.34296180 -118.33114030
33.34292990 -118.33114840
33.34295470 -118.33128670
12 5.80000019 commercial 
33.34223820 -118.32792470
33.34224560 -118.32791820
33.34227740 -118.32797000
33.34231120 -118.32794050
33.34230990 -118.32793850
33.34232100 -118.32792890
33.34230770 -118.32790730
33.34229940 -118.32791460
33.34218380 -118.32772680
33.34216180 -118.32774610
33.34214000 -118.32776510
33.34223820 -118.32792470
11 8.19999981 residential 
33.34379740 -118.32897760
33.34376550 -118.32900240
33.34375250 -118.32897880
33.34374750 -118.32898270
33.34373960 -118.32896840
33.34370040 -118.32899900
33.34370800 -118.32901280
33.34370410 -118.32901590
33.34377310 -118.32914140
33.34385310 -118.32907890
33.34379740 -118.32897760
11 9.50000000 residential 
33.34289140 -118.32953880
33.34296160 -118.32947320
33.34291590 -118.32940400
33.34291440 -118.32940540
33.34276000 -118.32917110
33.34276790 -118.32916370
33.34275380 -118.32914230
33.34269320 -118.32919900
33.34270340 -118.32921440
33.34268750 -118.32922940
33.34289140 -118.32953880
11 8.50000000 apartments 
33.34307800 -118.32915920
33.34304390 -118.32910540
33.34304710 -118.32910250
33.34302410 -118.32906620
33.34295450 -118.32912880
33.34296320 -118.32914260
33.34295130 -118.32915330
33.34296360 -118.32917280
33.34295980 -118.32917620
33.34299580 -118.32923310
33.34307800 -118.32915920
11 4.90000010 residential 
33.34215050 -118.32906890
33.34206880 -118.32914360
33.34211560 -118.32921630
33.34213660 -118.32919710
33.34214600 -118.32921180
33.34216300 -118.32919630
33.34217370 -118.32921290
33.34220350 -118.32918570
33.34219380 -118.32917070
33.34220780 -118.32915790
33.34215050 -118.32906890
11 4.69999981 apartments 
33.34501180 -118.32912810
33.34505510 -118.32916420
33.34507630 -118.32912800
33.34507170 -118.32912420
33.34508180 -118.32910690
33.34508620 -118.32911050
33.34509800 -118.32909030
33.34509390 -118.32908680
33.34512290 -118.32903720
33.34508390 -118.32900480
33.34501180 -118.32912810
11 6.19999981 residential 
33.34534350 -118.32910220
33.34526330 -118.32924070
33.34527780 -118.32925260
33.34527350 -118.32926000
33.34526260 -118.32925100
33.34522190 -118.32932120
33.34527980 -118.32936880
33.34528710 -118.32935620
33.34529050 -118.32935910
33.34540840 -118.32915560
33.34534350 -118.32910220
11 6.19999981 residential 
33.34556280 -118.32931910
33.34554390 -118.32930340
33.34555510 -118.32928430
33.34551950 -118.32925460
33.34544610 -118.32937940
33.34545390 -118.32938590
33.34543670 -118.32941520
33.34547530 -118.32944730
33.34548120 -118.32943720
33.34548940 -118.32944400
33.34556280 -118.32931910
11 8.19999981 residential 
33.34510040 -118.32893900
33.34505920 -118.32890350
33.34505750 -118.32890630
33.34503450 -118.32888650
33.34502630 -118.32889990
33.34502410 -118.32889810
33.34495350 -118.32901440
33.34499190 -118.32904750
33.34503100 -118.32898310
33.34505900 -118.32900720
33.34510040 -118.32893900
11 5.30000019 residential 
33.34306010 -118.32885290
33.34305630 -118.32884700
33.34306970 -118.32883500
33.34305400 -118.32881010
33.34305770 -118.32880680
33.34301870 -118.32874490
33.34290890 -118.32884320
33.34293880 -118.32889070
33.34293080 -118.32889790
33.34295940 -118.32894310
33.34306010 -118.32885290
11 3.90000010 residential 
33.34323820 -118.33000060
33.34320210 -118.32996820
33.34318490 -118.32999540
33.34314800 -118.32996230
33.34313440 -118.32998390
33.34313100 -118.32998090
33.34309180 -118.33004300
33.34315810 -118.33010260
33.34316360 -118.33009380
33.34317360 -118.33010280
33.34323820 -118.33000060
11 6.90000010 apartments 
33.34520240 -118.32916200
33.34522210 -118.32917790
33.34520680 -118.32920480
33.34524120 -118.32923280
33.34531230 -118.32910850
33.34529780 -118.32909680
33.34530790 -118.32907900
33.34528180 -118.32905780
33.34527180 -118.32907530
33.34525820 -118.32906440
33.34520240 -118.32916200
11 7.19999981 apartments 
33.34245680 -118.32831300
33.34245390 -118.32831560
33.34242450 -118.32826830
33.34239970 -118.32829030
33.34240620 -118.32830090
33.34239090 -118.32831450
33.34240430 -118.32833600
33.34238840 -118.32835010
33.34245740 -118.32846070
33.34251630 -118.32840860
33.34245680 -118.32831300
12 4.80000019 residential 
33.34135550 -118.32858490
33.34135930 -118.32858120
33.34132260 -118.32852770
33.34131190 -118.32853810
33.34130690 -118.32853090
33.34130090 -118.32853670
33.34129180 -118.32854560
33.34129450 -118.32854960
33.34128390 -118.32856000
33.34135340 -118.32866120
33.34138600 -118.32862930
33.34135550 -118.32858490
11 6.69999981 residential 
33.34311530 -118.32882460
33.34306610 -118.32886590
33.34307080 -118.32887380
33.34303010 -118.32890790
33.34305700 -118.32895350
33.34304950 -118.32895990
33.34306540 -118.32898680
33.34307560 -118.32897830
33.34308250 -118.32898990
33.34316970 -118.32891680
33.34311530 -118.32882460
11 6.00000000 residential 
33.34190540 -118.32909200
33.34194340 -118.32915160
33.34195460 -118.32914140
33.34196500 -118.32915790
33.34199020 -118.32913510
33.34200690 -118.32916140
33.34203730 -118.32913390
33.34200940 -118.32909000
33.34201680 -118.32908330
33.34197950 -118.32902490
33.34190540 -118.32909200
12 4.90000010 residential 
33.34234130 -118.32782830
33.34242370 -118.32775020
33.34241520 -118.32773740
33.34242070 -118.32773220
33.34240690 -118.32771160
33.34240110 -118.32771710
33.34239340 -118.32770560
33.34240020 -118.32769920
33.34239520 -118.32769160
33.34236510 -118.32764660
33.34227620 -118.32773080
33.34234130 -118.32782830
11 7.90000010 residential 
33.33958830 -118.33365570
33.33975370 -118.33359240
33.33973550 -118.33352480
33.33974600 -118.33352070
33.33972710 -118.33345040
33.33967490 -118.33347030
33.33965960 -118.33341370
33.33954450 -118.33345780
33.33956510 -118.33353390
33.33955630 -118.33353720
33.33958830 -118.33365570
11 10.19999981 apartments 
33.34138240 -118.32897110
33.34132580 -118.32902060
33.34135170 -118.32906260
33.34134900 -118.32906490
33.34140210 -118.32915100
33.34141540 -118.32913930
33.34141840 -118.32914410
33.34145040 -118.32911610
33.34144360 -118.32910520
33.34145750 -118.32909300
33.34138240 -118.32897110
11 7.09999990 residential 
33.34348610 -118.33207870
33.34342320 -118.33214470
33.34341980 -118.33214000
33.34337910 -118.33218270
33.34338660 -118.33219280
33.34339230 -118.33218690
33.34341640 -118.33221940
33.34341940 -118.33221620
33.34344140 -118.33224590
33.34353620 -118.33214640
33.34348610 -118.33207870
11 4.90000010 residential 
33.34430250 -118.33030870
33.34432020 -118.33027040
33.34424440 -118.33022080
33.34422800 -118.33025640
33.34421720 -118.33024930
33.34419820 -118.33029050
33.34420710 -118.33029630
33.34419880 -118.33031420
33.34430860 -118.33038610
33.34433460 -118.33032970
33.34430250 -118.33030870
12 7.90000010 apartments 
33.34166840 -118.32833050
33.34166290 -118.32833530
33.34168030 -118.32836350
33.34167490 -118.32836820
33.34169540 -118.32840140
33.34170420 -118.32839370
33.34169910 -118.32838550
33.34176430 -118.32832840
33.34167810 -118.32818860
33.34165650 -118.32820760
33.34161500 -118.32824390
33.34166840 -118.32833050
12 8.10000038 apartments 
33.34178640 -118.32829250
33.34178980 -118.32828940
33.34179480 -118.32829730
33.34180890 -118.32828450
33.34181800 -118.32829890
33.34182990 -118.32828820
33.34182540 -118.32828120
33.34184280 -118.32826540
33.34174900 -118.32811870
33.34172970 -118.32813620
33.34170240 -118.32816100
33.34178640 -118.32829250
11 6.80000019 residential 
33.34352550 -118.32960900
33.34351520 -118.32962650
33.34348500 -118.32960140
33.34345850 -118.32964670
33.34345180 -118.32964120
33.34343140 -118.32967600
33.34351410 -118.32974470
33.34352180 -118.32973150
33.34353820 -118.32974510
33.34358770 -118.32966070
33.34352550 -118.32960900
11 3.59999990 residential 
33.34208170 -118.32893620
33.34212270 -118.32900170
33.34213120 -118.32899410
33.34212800 -118.32898880
33.34215430 -118.32896540
33.34216690 -118.32898550
33.34220740 -118.32894960
33.34217410 -118.32889640
33.34215230 -118.32891590
33.34213520 -118.32888860
33.34208170 -118.32893620
12 7.80000019 apartments 
33.34126790 -118.32865810
33.34127730 -118.32865000
33.34133310 -118.32874250
33.34137050 -118.32871040
33.34133490 -118.32865150
33.34132250 -118.32866220
33.34130180 -118.32862790
33.34131000 -118.32862080
33.34126590 -118.32854780
33.34124630 -118.32856460
33.34122330 -118.32858430
33.34126790 -118.32865810
11 7.00000000 apartments 
33.34363210 -118.32970620
33.34360660 -118.32974890
33.34362650 -118.32976580
33.34360430 -118.32980290
33.34360850 -118.32980650
33.34359930 -118.32982200
33.34368460 -118.32989430
33.34372500 -118.32982670
33.34370480 -118.32980960
33.34372140 -118.32978180
33.34363210 -118.32970620
11 7.69999981 residential 
33.34299050 -118.32926140
33.34306140 -118.32937460
33.34309860 -118.32934150
33.34308700 -118.32932280
33.34311420 -118.32929860
33.34310950 -118.32929100
33.34311860 -118.32928290
33.34307720 -118.32921680
33.34306780 -118.32922510
33.34305470 -118.32920430
33.34299050 -118.32926140
11 8.39999962 residential 
33.34592270 -118.32957740
33.34585150 -118.32952010
33.34582080 -118.32957410
33.34582950 -118.32958110
33.34580510 -118.32962420
33.34584060 -118.32965280
33.34582390 -118.32968220
33.34584790 -118.32970160
33.34585370 -118.32969150
33.34585660 -118.32969390
33.34592270 -118.32957740
12 5.90000010 residential 
33.34204700 -118.32846170
33.34207680 -118.32843420
33.34208020 -118.32843940
33.34212670 -118.32839640
33.34210890 -118.32836900
33.34211850 -118.32836020
33.34211710 -118.32835800
33.34208600 -118.32831030
33.34204950 -118.32834400
33.34204240 -118.32833310
33.34199300 -118.32837880
33.34204700 -118.32846170
13 4.19999981 residential 
33.34036100 -118.33577930
33.34025020 -118.33581850
33.34025970 -118.33585660
33.34031410 -118.33583740
33.34032420 -118.33587800
33.34031470 -118.33588140
33.34033300 -118.33595480
33.34033820 -118.33595290
33.34034060 -118.33596260
33.34035490 -118.33595760
33.34035140 -118.33594380
33.34039780 -118.33592730
33.34036100 -118.33577930
13 5.90000010 residential 
33.34194540 -118.32770510
33.34198570 -118.32766660
33.34196100 -118.32763000
33.34195690 -118.32763390
33.34193240 -118.32759750
33.34193950 -118.32759080
33.34191440 -118.32755350
33.34189980 -118.32756740
33.34189200 -118.32755570
33.34186770 -118.32757870
33.34187610 -118.32759110
33.34187160 -118.32759540
33.34194540 -118.32770510
13 4.59999990 residential 
33.34431610 -118.32794110
33.34430890 -118.32796380
33.34429820 -118.32795900
33.34427020 -118.32804790
33.34430350 -118.32806280
33.34430490 -118.32805820
33.34432070 -118.32806520
33.34431930 -118.32806970
33.34435350 -118.32808500
33.34437000 -118.32803270
33.34439800 -118.32804530
33.34441670 -118.32798610
33.34431610 -118.32794110
13 6.09999990 residential Tremont Hall
33.34221750 -118.33196500
33.34223290 -118.33194910
33.34220580 -118.33191210
33.34219060 -118.33192790
33.34213510 -118.33185190
33.34214330 -118.33184340
33.34211540 -118.33180530
33.34203430 -118.33188940
33.34206490 -118.33193130
33.34207200 -118.33192400
33.34219080 -118.33208650
33.34225650 -118.33201840
33.34221750 -118.33196500
13 4.59999990 residential 
33.34423020 -118.33122750
33.34421400 -118.33120210
33.34420450 -118.33121070
33.34415330 -118.33113060
33.34412750 -118.33115400
33.34411660 -118.33113700
33.34408850 -118.33116250
33.34409100 -118.33116640
33.34407380 -118.33118200
33.34414340 -118.33129090
33.34417140 -118.33126550
33.34417760 -118.33127530
33.34423020 -118.33122750
13 8.50000000 residential 
33.34240850 -118.32844740
33.34241230 -118.32844400
33.34240100 -118.32842600
33.34239590 -118.32843060
33.34236930 -118.32838830
33.34232000 -118.32843230
33.34236160 -118.32849840
33.34235700 -118.32850250
33.34236630 -118.32851730
33.34237250 -118.32851180
33.34238330 -118.32852890
33.34243230 -118.32848520
33.34240850 -118.32844740
13 12.30000019 apartments 
33.34273340 -118.32821420
33.34267460 -118.32812170
33.34259350 -118.32819480
33.34260340 -118.32821040
33.34257900 -118.32823240
33.34256930 -118.32821700
33.34251640 -118.32826480
33.34253890 -118.32830030
33.34253310 -118.32830550
33.34255550 -118.32834070
33.34257150 -118.32832630
33.34258510 -118.32834780
33.34273340 -118.32821420
13 4.19999981 apartments 
33.34166040 -118.32893380
33.34169450 -118.32890080
33.34169170 -118.32889670
33.34172850 -118.32886120
33.34170050 -118.32882000
33.34171670 -118.32880440
33.34170010 -118.32877990
33.34168750 -118.32879210
33.34165920 -118.32875040
33.34163210 -118.32877650
33.34161510 -118.32875140
33.34156760 -118.32879720
33.34166040 -118.32893380
13 8.80000019 residential 
33.33977580 -118.33302570
33.33976520 -118.33298560
33.33974830 -118.33299190
33.33974580 -118.33298230
33.33970140 -118.33299910
33.33970440 -118.33301030
33.33969440 -118.33301400
33.33970260 -118.33304470
33.33971140 -118.33304130
33.33975380 -118.33320100
33.33999880 -118.33310880
33.33995860 -118.33295690
33.33977580 -118.33302570
13 3.09999990 residential 
33.34321880 -118.33015620
33.34321490 -118.33015270
33.34328180 -118.33004130
33.34324500 -118.33001000
33.34320860 -118.33007060
33.34321380 -118.33007510
33.34318980 -118.33011510
33.34318020 -118.33010690
33.34311760 -118.33021110
33.34314100 -118.33023100
33.34314340 -118.33022690
33.34316520 -118.33024550
33.34321880 -118.33015620
13 7.40000010 residential 
33.33882390 -118.33331870
33.33877520 -118.33333970
33.33877180 -118.33332850
33.33873350 -118.33334510
33.33873760 -118.33335850
33.33869010 -118.33337900
33.33875390 -118.33358920
33.33875850 -118.33358730
33.33876230 -118.33359970
33.33880510 -118.33358120
33.33880140 -118.33356900
33.33888860 -118.33353140
33.33882390 -118.33331870
13 5.80000019 residential 
33.34081320 -118.32853640
33.34076890 -118.32857540
33.34078980 -118.32860910
33.34079700 -118.32860280
33.34080220 -118.32861130
33.34079710 -118.32861570
33.34084260 -118.32868930
33.34084460 -118.32868750
33.34085040 -118.32869410
33.34088770 -118.32866380
33.34088150 -118.32865420
33.34088450 -118.32865160
33.34081320 -118.32853640
13 5.50000000 residential 
33.34355720 -118.32935180
33.34354910 -118.32935850
33.34351820 -118.32930530
33.34359670 -118.32924070
33.34353870 -118.32914060
33.34349670 -118.32917510
33.34348570 -118.32915610
33.34343460 -118.32919810
33.34349910 -118.32930930
33.34349060 -118.32931630
33.34358580 -118.32948050
33.34361700 -118.32945480
33.34355720 -118.32935180
13 6.30000019 residential 
33.34529490 -118.33068750
33.34531250 -118.33071080
33.34527790 -118.33074790
33.34529050 -118.33076300
33.34532190 -118.33072580
33.34534070 -118.33074840
33.34539240 -118.33068700
33.34538640 -118.33067990
33.34540190 -118.33066160
33.34537290 -118.33062690
33.34535770 -118.33064500
33.34534680 -118.33063200
33.34529490 -118.33068750
13 10.69999981 residential 
33.34181270 -118.32919160
33.34171450 -118.32927600
33.34175010 -118.32933470
33.34176170 -118.32932480
33.34178580 -118.32936470
33.34181130 -118.32934280
33.34181700 -118.32935220
33.34180090 -118.32936610
33.34181370 -118.32938730
33.34183980 -118.32936490
33.34184680 -118.32937640
33.34189800 -118.32933250
33.34181270 -118.32919160
13 3.59999990 residential 
33.33892780 -118.33383080
33.33892900 -118.33383350
33.33892240 -118.33383780
33.33892910 -118.33385240
33.33894470 -118.33384220
33.33895340 -118.33386110
33.33901370 -118.33382170
33.33900640 -118.33380580
33.33902310 -118.33379490
33.33901580 -118.33377910
33.33900670 -118.33378510
33.33900450 -118.33378060
33.33892780 -118.33383080
13 9.30000019 residential 
33.34234530 -118.32894670
33.34231850 -118.32890190
33.34231560 -118.32890430
33.34224560 -118.32878750
33.34218090 -118.32884260
33.34221700 -118.32890270
33.34223270 -118.32888940
33.34224020 -118.32890190
33.34223230 -118.32890860
33.34223740 -118.32891710
33.34222970 -118.32892360
33.34227790 -118.32900410
33.34234530 -118.32894670
13 7.09999990 residential 
33.34408330 -118.32888690
33.34406120 -118.32888100
33.34406160 -118.32887860
33.34401840 -118.32886700
33.34401910 -118.32886290
33.34399200 -118.32885560
33.34399100 -118.32886070
33.34397910 -118.32885760
33.34396010 -118.32895890
33.34398080 -118.32896440
33.34398110 -118.32896290
33.34406480 -118.32898520
33.34408330 -118.32888690
13 6.09999990 residential 
33.33868460 -118.33279120
33.33873170 -118.33302360
33.33882040 -118.33299800
33.33878720 -118.33283460
33.33899390 -118.33277500
33.33902710 -118.33293890
33.33908680 -118.33292170
33.33904790 -118.33272980
33.33910640 -118.33271290
33.33910110 -118.33268650
33.33904380 -118.33270300
33.33904090 -118.33268860
33.33868460 -118.33279120
14 7.59999990 residential 
33.34119650 -118.32885890
33.34123170 -118.32882720
33.34120740 -118.32878880
33.34120210 -118.32879360
33.34116620 -118.32873700
33.34117550 -118.32872860
33.34116800 -118.32871690
33.34116360 -118.32872080
33.34115110 -118.32870100
33.34115480 -118.32869770
33.34114060 -118.32867530
33.34111860 -118.32869510
33.34110200 -118.32871010
33.34119650 -118.32885890
13 3.20000005 apartments 
33.34197610 -118.33048830
33.34201300 -118.33049120
33.34201170 -118.33051490
33.34204190 -118.33051730
33.34204700 -118.33042520
33.34205820 -118.33042610
33.34206240 -118.33035120
33.34205220 -118.33035040
33.34205260 -118.33034440
33.34202100 -118.33034190
33.34202040 -118.33035270
33.34198380 -118.33034980
33.34197610 -118.33048830
13 4.00000000 apartments 
33.34507330 -118.32929890
33.34505880 -118.32928650
33.34506830 -118.32927070
33.34505300 -118.32925760
33.34505530 -118.32925370
33.34503180 -118.32923360
33.34499920 -118.32928770
33.34502260 -118.32930780
33.34503440 -118.32928810
33.34504070 -118.32929350
33.34502630 -118.32931720
33.34505000 -118.32933750
33.34507330 -118.32929890
13 8.00000000 residential 
33.33954790 -118.33228680
33.33953230 -118.33223800
33.33951970 -118.33224370
33.33951310 -118.33222330
33.33950250 -118.33222810
33.33949380 -118.33220080
33.33952730 -118.33218550
33.33951490 -118.33214650
33.33946440 -118.33216940
33.33944700 -118.33211480
33.33932140 -118.33217170
33.33938220 -118.33236190
33.33954790 -118.33228680
13 6.40000010 residential 
33.34476960 -118.32966200
33.34478090 -118.32968850
33.34478830 -118.32968400
33.34482760 -118.32977570
33.34486810 -118.32975110
33.34486210 -118.32973710
33.34490520 -118.32971090
33.34488170 -118.32965590
33.34487220 -118.32966160
33.34487040 -118.32965730
33.34486710 -118.32965930
33.34484780 -118.32961440
33.34476960 -118.32966200
13 9.00000000 apartments 
33.34375270 -118.32943670
33.34374120 -118.32942650
33.34374400 -118.32942200
33.34368870 -118.32937340
33.34363380 -118.32946210
33.34366900 -118.32949300
33.34365750 -118.32951160
33.34366510 -118.32951830
33.34365880 -118.32952850
33.34367740 -118.32954480
33.34368330 -118.32953530
33.34368870 -118.32954000
33.34375270 -118.32943670
13 5.69999981 residential 
33.34212510 -118.32926910
33.34210050 -118.32923030
33.34210770 -118.32922390
33.34209810 -118.32920870
33.34210020 -118.32920680
33.34209140 -118.32919280
33.34208890 -118.32919500
33.34208140 -118.32918320
33.34203640 -118.32922350
33.34206100 -118.32926230
33.34203390 -118.32928660
33.34205980 -118.32932760
33.34212510 -118.32926910
13 11.00000000 residential 
33.34279150 -118.32889760
33.34291120 -118.32878790
33.34285380 -118.32869900
33.34282770 -118.32872290
33.34283120 -118.32872840
33.34280460 -118.32875280
33.34280860 -118.32875910
33.34279220 -118.32877410
33.34278740 -118.32876670
33.34276210 -118.32878990
33.34275670 -118.32878150
33.34273150 -118.32880460
33.34279150 -118.32889760
13 6.90000010 residential 
33.34427300 -118.33052750
33.34418220 -118.33046780
33.34418360 -118.33046480
33.34417250 -118.33045750
33.34417160 -118.33045950
33.34412620 -118.33042960
33.34409650 -118.33049380
33.34410480 -118.33049930
33.34410070 -118.33050830
33.34410600 -118.33051180
33.34409150 -118.33054330
33.34422510 -118.33063110
33.34427300 -118.33052750
13 5.19999981 apartments 
33.34510950 -118.32928790
33.34510380 -118.32929850
33.34512700 -118.32931600
33.34513200 -118.32930640
33.34516160 -118.32932870
33.34520360 -118.32924940
33.34518050 -118.32923190
33.34519010 -118.32921370
33.34515210 -118.32918510
33.34511890 -118.32924770
33.34511600 -118.32924560
33.34509810 -118.32927930
33.34510950 -118.32928790
13 4.69999981 apartments 
33.34178840 -118.33095650
33.34175800 -118.33097390
33.34175980 -118.33097830
33.34166140 -118.33103480
33.34166750 -118.33104980
33.34164680 -118.33106170
33.34166960 -118.33111830
33.34170120 -118.33110020
33.34170580 -118.33111160
33.34178230 -118.33106770
33.34179510 -118.33109930
33.34183650 -118.33107550
33.34178840 -118.33095650
13 5.19999981 residential 
33.34134640 -118.32910580
33.34133140 -118.32911880
33.34132720 -118.32911200
33.34130500 -118.32913130
33.34130930 -118.32913830
33.34125790 -118.32918280
33.34129610 -118.32924540
33.34131180 -118.32923180
33.34131680 -118.32924010
33.34133290 -118.32922620
33.34132770 -118.32921760
33.34138460 -118.32916830
33.34134640 -118.32910580
13 5.30000019 residential 
33.34267050 -118.32968880
33.34267080 -118.32967440
33.34272020 -118.32963720
33.34271410 -118.32962550
33.34266180 -118.32963710
33.34265080 -118.32956660
33.34258580 -118.32959070
33.34249750 -118.32949740
33.34245090 -118.32956010
33.34254580 -118.32971060
33.34256290 -118.32969530
33.34256870 -118.32973510
33.34267050 -118.32968880
13 7.00000000 residential 
33.34380640 -118.32969400
33.34377700 -118.32966930
33.34378340 -118.32965860
33.34371830 -118.32960400
33.34371560 -118.32960850
33.34368170 -118.32958000
33.34366110 -118.32961490
33.34366270 -118.32961630
33.34362890 -118.32967340
33.34373650 -118.32976380
33.34374910 -118.32974240
33.34376830 -118.32975840
33.34380640 -118.32969400
13 7.00000000 residential 
33.34583120 -118.32950860
33.34577750 -118.32946310
33.34577470 -118.32946780
33.34576200 -118.32945710
33.34570700 -118.32954900
33.34572630 -118.32956550
33.34572180 -118.32957300
33.34572520 -118.32957580
33.34569260 -118.32963030
33.34572990 -118.32966200
33.34574760 -118.32963230
33.34575410 -118.32963770
33.34583120 -118.32950860
14 8.30000019 residential 
33.34443780 -118.33287540
33.34445310 -118.33287120
33.34444390 -118.33282390
33.34442890 -118.33282810
33.34441080 -118.33273460
33.34436290 -118.33274780
33.34436440 -118.33275550
33.34435630 -118.33275770
33.34432900 -118.33281100
33.34433930 -118.33286380
33.34432910 -118.33288560
33.34434280 -118.33295090
33.34444650 -118.33291990
33.34443780 -118.33287540
14 10.00000000 residential 
33.34395710 -118.32854040
33.34395160 -118.32853680
33.34398440 -118.32846650
33.34397640 -118.32843300
33.34393770 -118.32840950
33.34392390 -118.32841460
33.34391720 -118.32841040
33.34389400 -118.32846320
33.34389890 -118.32846620
33.34386980 -118.32853260
33.34388640 -118.32854300
33.34387760 -118.32856320
33.34393100 -118.32859650
33.34395710 -118.32854040
15 6.00000000 residential 
33.34100030 -118.32878730
33.34100060 -118.32878930
33.34101690 -118.32881460
33.34102140 -118.32881070
33.34112940 -118.32898800
33.34116150 -118.32896020
33.34114100 -118.32892670
33.34114880 -118.32891990
33.34111130 -118.32885840
33.34110340 -118.32886520
33.34106650 -118.32880460
33.34107240 -118.32879950
33.34104270 -118.32875060
33.34102010 -118.32877010
33.34100030 -118.32878730
15 5.09999990 residential 
33.34390880 -118.33065640
33.34390200 -118.33065010
33.34392460 -118.33061550
33.34392090 -118.33061200
33.34393530 -118.33059010
33.34390250 -118.33055960
33.34389950 -118.33056420
33.34387860 -118.33054480
33.34379790 -118.33066960
33.34383730 -118.33070640
33.34382160 -118.33073040
33.34384140 -118.33074890
33.34386620 -118.33071100
33.34387050 -118.33071490
33.34390880 -118.33065640
15 9.00000000 residential 
33.33947180 -118.33113440
33.33964480 -118.33117420
33.33965580 -118.33110650
33.33966510 -118.33110870
33.33967680 -118.33103690
33.33962180 -118.33102420
33.33964080 -118.33090730
33.33966920 -118.33091380
33.33967470 -118.33088000
33.33962190 -118.33086780
33.33962300 -118.33086110
33.33953570 -118.33084100
33.33953450 -118.33084800
33.33951880 -118.33084440
33.33947180 -118.33113440
15 10.30000019 residential 
33.34231390 -118.32842350
33.34237800 -118.32836410
33.34232030 -118.32827600
33.34231280 -118.32828300
33.34228730 -118.32824410
33.34230280 -118.32822970
33.34225230 -118.32815250
33.34222540 -118.32817760
33.34223130 -118.32818650
33.34221480 -118.32820170
33.34220820 -118.32819160
33.34218460 -118.32821350
33.34219260 -118.32822560
33.34218750 -118.32823030
33.34231390 -118.32842350
15 5.00000000 residential 
33.34297210 -118.32944790
33.34300400 -118.32941920
33.34301390 -118.32943480
33.34305210 -118.32940030
33.34300460 -118.32932540
33.34300150 -118.32932820
33.34299150 -118.32931230
33.34298790 -118.32931550
33.34296050 -118.32927220
33.34296500 -118.32926810
33.34284230 -118.32907480
33.34281830 -118.32909650
33.34282560 -118.32910810
33.34278160 -118.32914780
33.34297210 -118.32944790
15 4.80000019 residential 
33.34140310 -118.33099940
33.34141540 -118.33102940
33.34142670 -118.33102290
33.34147560 -118.33114210
33.34146100 -118.33115050
33.34147190 -118.33117700
33.34156380 -118.33112340
33.34154940 -118.33108850
33.34153800 -118.33109520
33.34149550 -118.33099190
33.34150920 -118.33098390
33.34149570 -118.33095120
33.34148220 -118.33095910
33.34148030 -118.33095440
33.34140310 -118.33099940
15 8.50000000 residential 
33.33941670 -118.33269650
33.33959360 -118.33268720
33.33959180 -118.33263660
33.33956620 -118.33263790
33.33956420 -118.33258350
33.33959820 -118.33258170
33.33959680 -118.33254270
33.33953930 -118.33254570
33.33953490 -118.33242680
33.33955800 -118.33242560
33.33955660 -118.33238890
33.33953370 -118.33239010
33.33953350 -118.33238630
33.33940550 -118.33239300
33.33941670 -118.33269650
15 4.69999981 residential 
33.34326690 -118.33172700
33.34326780 -118.33173600
33.34326170 -118.33173690
33.34326400 -118.33176140
33.34326940 -118.33176070
33.34327180 -118.33178610
33.34326410 -118.33178710
33.34326730 -118.33182130
33.34342230 -118.33180070
33.34341830 -118.33175730
33.34343060 -118.33175570
33.34342850 -118.33173370
33.34342140 -118.33173470
33.34341880 -118.33170680
33.34326690 -118.33172700
15 8.00000000 residential 
33.34537540 -118.32934890
33.34536520 -118.32936620
33.34538100 -118.32937940
33.34539050 -118.32936320
33.34541760 -118.32938580
33.34549830 -118.32924860
33.34548900 -118.32924090
33.34548620 -118.32924560
33.34547370 -118.32923520
33.34547630 -118.32923080
33.34546990 -118.32922540
33.34547360 -118.32921920
33.34543980 -118.32919100
33.34535630 -118.32933300
33.34537540 -118.32934890
16 6.30000019 residential 
33.34162660 -118.32842820
33.34162100 -118.32843340
33.34164610 -118.32847160
33.34167070 -118.32844860
33.34168090 -118.32846410
33.34170740 -118.32843930
33.34168780 -118.32840950
33.34169320 -118.32840440
33.34163260 -118.32831240
33.34162160 -118.32832270
33.34160080 -118.32829120
33.34160730 -118.32828510
33.34159220 -118.32826220
33.34157080 -118.32828220
33.34154580 -118.32830550
33.34162660 -118.32842820
15 9.50000000 residential 
33.33994510 -118.33202890
33.33987550 -118.33189330
33.33972500 -118.33200300
33.33973650 -118.33202540
33.33972110 -118.33203660
33.33969270 -118.33198130
33.33967780 -118.33199210
33.33967330 -118.33198330
33.33963420 -118.33201180
33.33963870 -118.33202040
33.33962910 -118.33202740
33.33964350 -118.33205530
33.33965350 -118.33204790
33.33972580 -118.33218870
33.33994510 -118.33202890
15 8.69999981 residential 
33.34158190 -118.32924980
33.34158660 -118.32924590
33.34159240 -118.32925610
33.34165000 -118.32920840
33.34161940 -118.32915550
33.34161360 -118.32916040
33.34160130 -118.32913920
33.34161830 -118.32912500
33.34159950 -118.32909240
33.34159590 -118.32909550
33.34159120 -118.32908730
33.34156950 -118.32910530
33.34157460 -118.32911410
33.34152650 -118.32915400
33.34158190 -118.32924980
15 8.80000019 residential 
33.33942480 -118.33304390
33.33960240 -118.33303440
33.33960040 -118.33298170
33.33958260 -118.33298260
33.33958190 -118.33296180
33.33957270 -118.33296220
33.33957160 -118.33293220
33.33960750 -118.33293030
33.33960600 -118.33289000
33.33955060 -118.33289290
33.33954620 -118.33277440
33.33957350 -118.33277290
33.33957200 -118.33273300
33.33941350 -118.33274150
33.33942480 -118.33304390
15 5.40000010 residential 
33.34420830 -118.32892590
33.34415910 -118.32891180
33.34416020 -118.32890610
33.34413020 -118.32889760
33.34412820 -118.32890750
33.34411700 -118.32890430
33.34411480 -118.32891490
33.34408710 -118.32890700
33.34408000 -118.32894200
33.34409220 -118.32894540
33.34408610 -118.32897620
33.34418320 -118.32900380
33.34418220 -118.32900860
33.34419120 -118.32901110
33.34420830 -118.32892590
15 7.59999990 residential 
33.34140570 -118.32939860
33.34143260 -118.32937400
33.34144250 -118.32938940
33.34148660 -118.32934920
33.34144970 -118.32929190
33.34146020 -118.32928230
33.34144310 -118.32925560
33.34143500 -118.32926300
33.34139010 -118.32919320
33.34137960 -118.32920280
33.34137490 -118.32919560
33.34135010 -118.32921830
33.34135500 -118.32922590
33.34131700 -118.32926060
33.34140570 -118.32939860
15 2.59999990 residential 
33.34317650 -118.33171260
33.34318720 -118.33181390
33.34322640 -118.33180800
33.34322730 -118.33181640
33.34323750 -118.33181490
33.34323520 -118.33179310
33.34323090 -118.33179370
33.34322690 -118.33175570
33.34321350 -118.33175780
33.34321240 -118.33174650
33.34325830 -118.33173960
33.34325690 -118.33172650
33.34326240 -118.33172560
33.34325970 -118.33170010
33.34317650 -118.33171260
15 8.30000019 apartments 
33.34496230 -118.32939350
33.34490920 -118.32942460
33.34491470 -118.32943780
33.34490350 -118.32944430
33.34491040 -118.32946100
33.34477440 -118.32954060
33.34478810 -118.32957390
33.34477750 -118.32958020
33.34478790 -118.32960550
33.34479890 -118.32959910
33.34481040 -118.32962700
33.34496610 -118.32953580
33.34495840 -118.32951720
33.34500270 -118.32949130
33.34496230 -118.32939350
15 4.50000000 apartments 
33.34172320 -118.33078950
33.34167990 -118.33081350
33.34169320 -118.33084770
33.34161870 -118.33088890
33.34162250 -118.33089860
33.34158950 -118.33091690
33.34161120 -118.33097270
33.34163390 -118.33096010
33.34164000 -118.33097570
33.34169510 -118.33094530
33.34170670 -118.33097500
33.34179300 -118.33092730
33.34178030 -118.33089460
33.34176700 -118.33090200
33.34172320 -118.33078950
15 5.50000000 residential 
33.34350070 -118.33019990
33.34354950 -118.33012050
33.34352890 -118.33010260
33.34353280 -118.33009620
33.34352450 -118.33008900
33.34352100 -118.33009470
33.34349010 -118.33006770
33.34349410 -118.33006100
33.34348380 -118.33005210
33.34347970 -118.33005870
33.34332590 -118.32992460
33.34330260 -118.32996260
33.34330090 -118.32996110
33.34327510 -118.33000310
33.34350070 -118.33019990
15 8.30000019 residential 
33.33915220 -118.33158030
33.33926350 -118.33161900
33.33926270 -118.33162200
33.33931920 -118.33164160
33.33933690 -118.33156930
33.33928870 -118.33155250
33.33929140 -118.33154150
33.33931660 -118.33155020
33.33932020 -118.33153560
33.33935300 -118.33154700
33.33936360 -118.33150350
33.33931230 -118.33148560
33.33932650 -118.33142740
33.33920040 -118.33138360
33.33915220 -118.33158030
10 7.00000000 residential 
33.34192870 -118.32795840
33.34192720 -118.32795590
33.34190580 -118.32797520
33.34188570 -118.32799320
33.34192080 -118.32804850
33.34192200 -118.32804750
33.34205840 -118.32826240
33.34209970 -118.32822520
33.34205930 -118.32816140
33.34192870 -118.32795840
16 5.69999981 residential 
33.34291590 -118.33057500
33.34291380 -118.33057550
33.34291170 -118.33056300
33.34290520 -118.33055740
33.34290340 -118.33054650
33.34290860 -118.33053940
33.34290620 -118.33052730
33.34289930 -118.33051930
33.34285360 -118.33052940
33.34286040 -118.33057270
33.34282550 -118.33058030
33.34282820 -118.33059740
33.34281830 -118.33059950
33.34282760 -118.33065980
33.34292650 -118.33063800
33.34291590 -118.33057500
16 10.10000038 residential 
33.34531930 -118.32971860
33.34531480 -118.32971540
33.34532140 -118.32970260
33.34525280 -118.32965210
33.34522510 -118.32970550
33.34523590 -118.32971350
33.34522990 -118.32972500
33.34521770 -118.32971600
33.34519040 -118.32973390
33.34518780 -118.32972830
33.34517060 -118.32973950
33.34517210 -118.32974270
33.34515830 -118.32975170
33.34519790 -118.32983750
33.34528840 -118.32977810
33.34531930 -118.32971860
17 4.40000010 residential 
33.34408770 -118.33087380
33.34408440 -118.33086980
33.34406320 -118.33089460
33.34406650 -118.33089860
33.34405340 -118.33091390
33.34404980 -118.33090950
33.34403140 -118.33093120
33.34403540 -118.33093610
33.34402830 -118.33094450
33.34402220 -118.33093720
33.34401060 -118.33095080
33.34401650 -118.33095800
33.34401290 -118.33096230
33.34406510 -118.33102570
33.34414430 -118.33093300
33.34409160 -118.33086920
33.34408770 -118.33087380
17 4.50000000 residential 
33.34325160 -118.33147130
33.34325650 -118.33151680
33.34327760 -118.33151360
33.34328040 -118.33154040
33.34329630 -118.33153800
33.34329760 -118.33155000
33.34335680 -118.33154100
33.34335730 -118.33154550
33.34339780 -118.33153940
33.34339310 -118.33149540
33.34338140 -118.33149720
33.34338040 -118.33148730
33.34338490 -118.33148660
33.34338300 -118.33146870
33.34338060 -118.33146900
33.34337880 -118.33145200
33.34325160 -118.33147130
17 5.40000010 residential The Sandtrap
33.33901510 -118.33021800
33.33899640 -118.33024100
33.33904660 -118.33030150
33.33903150 -118.33031920
33.33905650 -118.33034920
33.33908640 -118.33031390
33.33910340 -118.33028050
33.33911820 -118.33022780
33.33910020 -118.33020850
33.33912760 -118.33017220
33.33910990 -118.33015320
33.33910610 -118.33015830
33.33907160 -118.33012130
33.33901560 -118.33016920
33.33900930 -118.33015880
33.33898350 -118.33018090
33.33901510 -118.33021800
17 4.19999981 residential 
33.34127620 -118.33069340
33.34127360 -118.33068680
33.34135560 -118.33064160
33.34132180 -118.33055440
33.34128210 -118.33057620
33.34127830 -118.33056650
33.34124150 -118.33058670
33.34125540 -118.33062260
33.34126150 -118.33061920
33.34126450 -118.33062680
33.34123570 -118.33064270
33.34121880 -118.33059910
33.34116140 -118.33063070
33.34118650 -118.33069560
33.34120080 -118.33068770
33.34121590 -118.33072660
33.34127620 -118.33069340
17 6.69999981 residential 
33.33496070 -118.33251250
33.33480090 -118.33285010
33.33483180 -118.33287090
33.33490370 -118.33271890
33.33491600 -118.33272710
33.33493610 -118.33268460
33.33492550 -118.33267740
33.33498610 -118.33254950
33.33499780 -118.33254200
33.33501050 -118.33257030
33.33508650 -118.33252210
33.33506360 -118.33247080
33.33508350 -118.33245820
33.33509050 -118.33247390
33.33511620 -118.33245770
33.33510180 -118.33242560
33.33496070 -118.33251250
17 8.89999962 residential 
33.34415360 -118.33175970
33.34414760 -118.33176050
33.34413600 -118.33164580
33.34405200 -118.33165780
33.34406330 -118.33177060
33.34407910 -118.33176840
33.34408380 -118.33181550
33.34408650 -118.33181510
33.34409190 -118.33186800
33.34410250 -118.33186650
33.34410480 -118.33189020
33.34409710 -118.33189130
33.34410020 -118.33192220
33.34410840 -118.33192110
33.34411270 -118.33196390
33.34417320 -118.33195520
33.34415360 -118.33175970
17 8.30000019 residential 
33.34498980 -118.33138120
33.34499410 -118.33136320
33.34497680 -118.33135740
33.34497900 -118.33134790
33.34492890 -118.33133120
33.34492070 -118.33136580
33.34491310 -118.33136330
33.34488200 -118.33149530
33.34494080 -118.33151490
33.34494420 -118.33150050
33.34495650 -118.33150460
33.34495870 -118.33149540
33.34496630 -118.33149790
33.34497350 -118.33146720
33.34499940 -118.33147590
33.34501940 -118.33139110
33.34498980 -118.33138120
17 7.00000000 residential 
33.34394540 -118.33155290
33.34395170 -118.33155290
33.34395160 -118.33150430
33.34391280 -118.33150450
33.34391270 -118.33148110
33.34385190 -118.33148130
33.34385190 -118.33150850
33.34384770 -118.33150850
33.34384790 -118.33156800
33.34385190 -118.33156800
33.34385200 -118.33157430
33.34384660 -118.33157430
33.34384670 -118.33161830
33.34385900 -118.33161830
33.34385910 -118.33164400
33.34394570 -118.33164370
33.34394540 -118.33155290
17 7.50000000 residential 
33.33929750 -118.33213580
33.33945880 -118.33205060
33.33944050 -118.33200140
33.33942480 -118.33200970
33.33941870 -118.33199340
33.33941130 -118.33199740
33.33940030 -118.33196780
33.33942970 -118.33195230
33.33941600 -118.33191560
33.33936800 -118.33194090
33.33932820 -118.33183400
33.33934870 -118.33182330
33.33933600 -118.33178920
33.33929260 -118.33181220
33.33928860 -118.33180140
33.33919210 -118.33185240
33.33929750 -118.33213580
17 5.69999981 residential 
33.34166630 -118.32782550
33.34164250 -118.32784730
33.34163910 -118.32784200
33.34161990 -118.32785970
33.34161310 -118.32784930
33.34165260 -118.32781290
33.34163300 -118.32778260
33.34155350 -118.32785570
33.34164370 -118.32799510
33.34168160 -118.32796020
33.34167830 -118.32795510
33.34168370 -118.32795020
33.34168680 -118.32795500
33.34172250 -118.32792210
33.34172010 -118.32791830
33.34172400 -118.32791470
33.34166630 -118.32782550
13 2.50000000 residential 
33.34707560 -118.32867310
33.34695860 -118.32866540
33.34693760 -118.32877260
33.34701360 -118.32879380
33.34701160 -118.32880390
33.34699250 -118.32879860
33.34698550 -118.32883420
33.34699140 -118.32883580
33.34698240 -118.32888200
33.34703350 -118.32889620
33.34704330 -118.32884610
33.34703660 -118.32884420
33.34707560 -118.32867310
17 10.50000000 residential 
33.34359780 -118.32908000
33.34361220 -118.32909490
33.34359550 -118.32911780
33.34360080 -118.32912340
33.34357210 -118.32916270
33.34359540 -118.32918690
33.34359150 -118.32919220
33.34361820 -118.32921990
33.34360650 -118.32923590
33.34367580 -118.32930770
33.34371870 -118.32924900
33.34372200 -118.32925250
33.34376900 -118.32918820
33.34374610 -118.32916440
33.34375110 -118.32915770
33.34363150 -118.32903380
33.34359780 -118.32908000
17 8.00000000 residential 
33.33995650 -118.33358200
33.33998210 -118.33363230
33.33993560 -118.33366580
33.33995120 -118.33369640
33.33998030 -118.33367540
33.34001610 -118.33374580
33.33998880 -118.33376540
33.34000140 -118.33379010
33.34015690 -118.33367780
33.34014050 -118.33364550
33.34013410 -118.33365020
33.34011290 -118.33360860
33.34011950 -118.33360380
33.34010740 -118.33358010
33.34009380 -118.33358990
33.34005400 -118.33351160
33.33995650 -118.33358200
17 11.00000000 residential 
33.34600350 -118.32970090
33.34599010 -118.32972360
33.34593310 -118.32967600
33.34589070 -118.32974810
33.34589710 -118.32975350
33.34587160 -118.32979690
33.34593840 -118.32985270
33.34593350 -118.32986100
33.34596430 -118.32988670
33.34594900 -118.32991260
33.34603010 -118.32998040
33.34608920 -118.32987990
33.34608570 -118.32986710
33.34609130 -118.32985760
33.34613810 -118.32989700
33.34617120 -118.32984110
33.34600350 -118.32970090
17 7.40000010 residential 
33.34562840 -118.32952090
33.34561430 -118.32951040
33.34559220 -118.32955270
33.34562060 -118.32957380
33.34561050 -118.32959310
33.34562660 -118.32960500
33.34562450 -118.32960900
33.34564670 -118.32962550
33.34565060 -118.32961820
33.34567410 -118.32963570
33.34568280 -118.32961920
33.34568740 -118.32962270
33.34570940 -118.32958060
33.34569390 -118.32956910
33.34575980 -118.32944300
33.34569450 -118.32939450
33.34562840 -118.32952090
17 4.80000019 residential 
33.34403250 -118.33066950
33.34400660 -118.33070420
33.34400330 -118.33070070
33.34397620 -118.33073710
33.34398000 -118.33074120
33.34397350 -118.33074990
33.34396840 -118.33074460
33.34394940 -118.33077000
33.34395430 -118.33077510
33.34394940 -118.33078160
33.34399080 -118.33082550
33.34399950 -118.33081380
33.34401410 -118.33082930
33.34401910 -118.33082260
33.34402440 -118.33082820
33.34409410 -118.33073480
33.34403250 -118.33066950
17 10.39999962 residential 
33.33865740 -118.33245050
33.33870190 -118.33272550
33.33882620 -118.33269690
33.33882850 -118.33271110
33.33883930 -118.33270860
33.33883710 -118.33269510
33.33902420 -118.33265210
33.33902090 -118.33263200
33.33902700 -118.33263070
33.33901990 -118.33258630
33.33896050 -118.33260000
33.33895170 -118.33254590
33.33897690 -118.33254010
33.33897130 -118.33250580
33.33894200 -118.33251250
33.33892220 -118.33238970
33.33865740 -118.33245050
17 6.80000019 residential 
33.34321840 -118.32944200
33.34321220 -118.32944460
33.34320910 -118.32943430
33.34316060 -118.32945500
33.34316390 -118.32946600
33.34313640 -118.32947770
33.34313370 -118.32946900
33.34307680 -118.32949330
33.34310590 -118.32959010
33.34319530 -118.32955190
33.34320710 -118.32959120
33.34321550 -118.32958770
33.34322030 -118.32960390
33.34325270 -118.32959010
33.34324800 -118.32957470
33.34325720 -118.32957080
33.34321840 -118.32944200
17 9.50000000 residential 
33.33948760 -118.33175250
33.33957180 -118.33191040
33.33960270 -118.33188700
33.33958840 -118.33186030
33.33966970 -118.33179870
33.33969940 -118.33185450
33.33973210 -118.33182970
33.33971350 -118.33179470
33.33974510 -118.33177080
33.33975980 -118.33179840
33.33979850 -118.33176910
33.33977210 -118.33171960
33.33978340 -118.33171110
33.33974850 -118.33164560
33.33974030 -118.33165190
33.33970590 -118.33158730
33.33948760 -118.33175250
17 8.80000019 residential 
33.34396840 -118.33199920
33.34395970 -118.33200180
33.34395800 -118.33199380
33.34387390 -118.33201920
33.34387610 -118.33202940
33.34386030 -118.33203410
33.34388670 -118.33215830
33.34390370 -118.33215320
33.34390560 -118.33216210
33.34391450 -118.33215940
33.34391590 -118.33216570
33.34394400 -118.33215720
33.34394060 -118.33214130
33.34398210 -118.33212870
33.34397620 -118.33210090
33.34398930 -118.33209700
33.34396840 -118.33199920
17 12.00000000 residential 
33.34098550 -118.32907060
33.34099230 -118.32906440
33.34100760 -118.32908870
33.34100250 -118.32909330
33.34107980 -118.32921660
33.34115810 -118.32914680
33.34108210 -118.32902560
33.34107600 -118.32903110
33.34105720 -118.32900120
33.34106130 -118.32899750
33.34099040 -118.32888450
33.34098510 -118.32888930
33.34097640 -118.32887540
33.34090970 -118.32893480
33.34091820 -118.32894830
33.34091210 -118.32895370
33.34098550 -118.32907060
19 5.50000000 apartments 
33.34149660 -118.32845920
33.34150160 -118.32845470
33.34155200 -118.32853460
33.34158040 -118.32850910
33.34152960 -118.32842860
33.34153650 -118.32842250
33.34159770 -118.32851950
33.34156940 -118.32854480
33.34163350 -118.32864640
33.34166130 -118.32862150
33.34162130 -118.32855810
33.34167020 -118.32851430
33.34163810 -118.32846340
33.34163250 -118.32846840
33.34153500 -118.32831380
33.34151860 -118.32832850
33.34147290 -118.32836940
33.34145190 -118.32838820
33.34149660 -118.32845920
18 7.69999981 residential 
33.34216540 -118.32864770
33.34217230 -118.32864180
33.34219850 -118.32868480
33.34219110 -118.32869120
33.34219640 -118.32870110
33.34219760 -118.32870180
33.34224830 -118.32865800
33.34224180 -118.32864730
33.34227320 -118.32862020
33.34224220 -118.32856930
33.34222940 -118.32858030
33.34222250 -118.32856890
33.34223330 -118.32855950
33.34221420 -118.32852820
33.34218180 -118.32855630
33.34217330 -118.32854230
33.34212610 -118.32858320
33.34216540 -118.32864770
18 8.10000038 residential 
33.34507390 -118.32965620
33.34508150 -118.32967350
33.34506940 -118.32968100
33.34507860 -118.32970190
33.34505850 -118.32971450
33.34508000 -118.32976320
33.34514060 -118.32972530
33.34514260 -118.32972970
33.34518570 -118.32970270
33.34518450 -118.32969990
33.34521260 -118.32968230
33.34518160 -118.32961190
33.34515400 -118.32962920
33.34514300 -118.32960430
33.34512450 -118.32959820
33.34509830 -118.32961520
33.34508760 -118.32964750
33.34507390 -118.32965620
19 9.30000019 residential 
33.33976140 -118.33264760
33.33975980 -118.33264130
33.33969160 -118.33266600
33.33969320 -118.33267210
33.33967980 -118.33267690
33.33972620 -118.33285870
33.33976130 -118.33284590
33.33975260 -118.33281180
33.33984700 -118.33277760
33.33986370 -118.33284300
33.33992050 -118.33282240
33.33991700 -118.33280880
33.33997310 -118.33278850
33.33996850 -118.33277040
33.33999420 -118.33276100
33.33998460 -118.33272350
33.33996110 -118.33273200
33.33992450 -118.33258850
33.33976140 -118.33264760
19 7.40000010 residential 
33.34294630 -118.33066910
33.34300590 -118.33066030
33.34300700 -118.33067070
33.34304240 -118.33066540
33.34304500 -118.33064220
33.34305470 -118.33064370
33.34306890 -118.33054710
33.34306850 -118.33052900
33.34307870 -118.33047550
33.34304400 -118.33048290
33.34303790 -118.33050330
33.34302580 -118.33051050
33.34302450 -118.33048920
33.34299450 -118.33049190
33.34299480 -118.33049600
33.34291450 -118.33052120
33.34292610 -118.33057380
33.34293610 -118.33057070
33.34294630 -118.33066910
19 7.90000010 residential 
33.34329260 -118.32950660
33.34330050 -118.32950030
33.34331510 -118.32952630
33.34332700 -118.32951690
33.34333330 -118.32952800
33.34334610 -118.32951780
33.34334970 -118.32952420
33.34336830 -118.32950950
33.34337400 -118.32951960
33.34340560 -118.32949440
33.34331980 -118.32934130
33.34333470 -118.32932950
33.34330990 -118.32928530
33.34324490 -118.32933700
33.34326660 -118.32937560
33.34324300 -118.32939440
33.34324840 -118.32940400
33.34323920 -118.32941120
33.34329260 -118.32950660
19 7.40000010 residential 
33.33988370 -118.33390080
33.33986530 -118.33383140
33.33987570 -118.33382750
33.33985750 -118.33375900
33.33980550 -118.33377860
33.33977480 -118.33366310
33.33980160 -118.33365300
33.33979220 -118.33361740
33.33964290 -118.33367370
33.33964820 -118.33369400
33.33965750 -118.33369060
33.33967510 -118.33375680
33.33966320 -118.33376130
33.33967260 -118.33379640
33.33966830 -118.33379800
33.33968020 -118.33384290
33.33968530 -118.33384090
33.33971780 -118.33396340
33.33988370 -118.33390080
19 7.80000019 residential 
33.34492300 -118.32932940
33.34488130 -118.32929540
33.34488030 -118.32929720
33.34479830 -118.32923040
33.34474290 -118.32932700
33.34476500 -118.32934510
33.34475270 -118.32936650
33.34474900 -118.32936340
33.34474030 -118.32937860
33.34474180 -118.32938590
33.34473100 -118.32940610
33.34478540 -118.32944770
33.34478720 -118.32944440
33.34479640 -118.32945140
33.34482640 -118.32939590
33.34483000 -118.32939860
33.34484850 -118.32936420
33.34488640 -118.32939320
33.34492300 -118.32932940
19 4.90000010 residential 
33.34411270 -118.33248900
33.34413690 -118.33247570
33.34410970 -118.33240540
33.34408410 -118.33239590
33.34402200 -118.33243210
33.34402550 -118.33244060
33.34399950 -118.33245580
33.34401750 -118.33249970
33.34402200 -118.33249710
33.34403620 -118.33251240
33.34401940 -118.33253440
33.34408300 -118.33260320
33.34409060 -118.33259320
33.34409900 -118.33260220
33.34411640 -118.33257930
33.34413610 -118.33257010
33.34412430 -118.33253410
33.34412930 -118.33253180
33.34411270 -118.33248900
19 9.00000000 residential 
33.33933560 -118.33141750
33.33946830 -118.33155310
33.33949520 -118.33151580
33.33947800 -118.33149830
33.33950500 -118.33146090
33.33952960 -118.33148610
33.33955340 -118.33145310
33.33951290 -118.33141170
33.33957790 -118.33132140
33.33959800 -118.33134190
33.33961740 -118.33131500
33.33957800 -118.33127470
33.33958390 -118.33126650
33.33950290 -118.33118380
33.33949240 -118.33119840
33.33950100 -118.33120710
33.33940080 -118.33134630
33.33939280 -118.33133810
33.33933560 -118.33141750
19 9.39999962 apartments 
33.34059060 -118.32941630
33.34066080 -118.32910430
33.34062550 -118.32909300
33.34064310 -118.32901520
33.34056060 -118.32898880
33.34053260 -118.32911340
33.34051660 -118.32910830
33.34051080 -118.32913420
33.34052610 -118.32913910
33.34050930 -118.32921360
33.34049120 -118.32920780
33.34048560 -118.32923290
33.34050310 -118.32923850
33.34048530 -118.32931760
33.34046720 -118.32931170
33.34046190 -118.32933520
33.34048000 -118.32934100
33.34047160 -118.32937820
33.34059060 -118.32941630
19 6.59999990 residential 
33.34391330 -118.32890380
33.34391960 -118.32889920
33.34389570 -118.32885330
33.34388920 -118.32885820
33.34386840 -118.32881830
33.34384320 -118.32883700
33.34383260 -118.32881680
33.34379680 -118.32884330
33.34380730 -118.32886360
33.34378090 -118.32888320
33.34378840 -118.32889760
33.34378460 -118.32890040
33.34384960 -118.32902510
33.34388680 -118.32899760
33.34388940 -118.32900270
33.34392910 -118.32897320
33.34392110 -118.32895780
33.34393570 -118.32894700
33.34391330 -118.32890380
19 4.30000019 apartments 
33.34167670 -118.33066170
33.34164110 -118.33067940
33.34164450 -118.33068920
33.34163200 -118.33069540
33.34162710 -118.33068160
33.34158800 -118.33070110
33.34159240 -118.33071370
33.34156020 -118.33072970
33.34156270 -118.33073700
33.34154850 -118.33074410
33.34155270 -118.33075600
33.34153150 -118.33076650
33.34155060 -118.33082090
33.34158420 -118.33080420
33.34158710 -118.33081250
33.34166540 -118.33077350
33.34167550 -118.33080230
33.34171840 -118.33078090
33.34167670 -118.33066170
19 8.50000000 residential 
33.34299900 -118.33088540
33.34298970 -118.33082370
33.34297300 -118.33082720
33.34297090 -118.33081320
33.34307440 -118.33079200
33.34306660 -118.33073980
33.34305620 -118.33074200
33.34304610 -118.33067450
33.34300370 -118.33068350
33.34300470 -118.33068980
33.34294590 -118.33070230
33.34295500 -118.33076330
33.34285990 -118.33078340
33.34286060 -118.33078780
33.34285660 -118.33078860
33.34287060 -118.33088230
33.34292180 -118.33087150
33.34292610 -118.33090090
33.34299900 -118.33088540
19 7.50000000 industrial 
33.34021960 -118.33706090
33.34022960 -118.33712640
33.34026410 -118.33711890
33.34025420 -118.33705380
33.34034590 -118.33703390
33.34032560 -118.33690100
33.34029360 -118.33690800
33.34028880 -118.33687670
33.34024450 -118.33688630
33.34024020 -118.33685800
33.34025010 -118.33682630
33.34024010 -118.33682190
33.34025920 -118.33676110
33.34023510 -118.33675040
33.34020200 -118.33685620
33.34021470 -118.33692490
33.34018760 -118.33693200
33.34021040 -118.33706280
33.34021960 -118.33706090
21 5.90000010 residential 
33.34204130 -118.32802220
33.34205790 -118.32800640
33.34206120 -118.32801140
33.34208440 -118.32798940
33.34209440 -118.32800430
33.34205220 -118.32804430
33.34209190 -118.32810380
33.34218090 -118.32801940
33.34214040 -118.32795880
33.34212690 -118.32797170
33.34210930 -118.32794530
33.34212570 -118.32792990
33.34206820 -118.32784380
33.34205860 -118.32785290
33.34205180 -118.32784280
33.34203740 -118.32785640
33.34201140 -118.32788110
33.34200870 -118.32787710
33.34198950 -118.32789530
33.34196930 -118.32791440
33.34204130 -118.32802220
19 4.50000000 residential 
33.34172630 -118.32790660
33.34176690 -118.32786880
33.34177090 -118.32787500
33.34181470 -118.32783430
33.34178980 -118.32779630
33.34178620 -118.32779960
33.34175550 -118.32775280
33.34174910 -118.32775880
33.34174260 -118.32774900
33.34175430 -118.32773810
33.34172720 -118.32769660
33.34169150 -118.32772980
33.34172440 -118.32778010
33.34171740 -118.32778670
33.34170110 -118.32776190
33.34169510 -118.32776740
33.34167710 -118.32774010
33.34163980 -118.32777480
33.34172630 -118.32790660
19 7.19999981 residential 
33.34501910 -118.33081800
33.34500360 -118.33083610
33.34503560 -118.33087480
33.34504990 -118.33085800
33.34506550 -118.33087700
33.34513510 -118.33079550
33.34514770 -118.33081070
33.34520990 -118.33073780
33.34518260 -118.33070480
33.34515630 -118.33073570
33.34514100 -118.33071730
33.34513970 -118.33071890
33.34508240 -118.33064960
33.34508160 -118.33065060
33.34507310 -118.33064030
33.34504670 -118.33067120
33.34505460 -118.33068090
33.34497900 -118.33076950
33.34501910 -118.33081800
19 8.39999962 residential 
33.34005460 -118.33346420
33.34004250 -118.33343750
33.34003340 -118.33344340
33.34001060 -118.33339270
33.34001820 -118.33338780
33.34000710 -118.33336320
33.33998810 -118.33337540
33.33991360 -118.33321010
33.33978920 -118.33328970
33.33980580 -118.33332640
33.33983250 -118.33330930
33.33988150 -118.33341800
33.33983440 -118.33344820
33.33984820 -118.33347870
33.33987990 -118.33345840
33.33990130 -118.33350570
33.33988100 -118.33351880
33.33990070 -118.33356260
33.34005460 -118.33346420
19 9.30000019 residential 
33.34202220 -118.32864220
33.34202020 -118.32864400
33.34193430 -118.32851320
33.34193800 -118.32850980
33.34190830 -118.32846450
33.34186770 -118.32850240
33.34187110 -118.32850750
33.34186620 -118.32851200
33.34193120 -118.32861100
33.34189100 -118.32864850
33.34191180 -118.32868010
33.34195750 -118.32863740
33.34201590 -118.32872640
33.34202170 -118.32872100
33.34206670 -118.32878950
33.34206100 -118.32879480
33.34207450 -118.32881550
33.34211260 -118.32878000
33.34202220 -118.32864220
23 6.30000019 residential 
33.34146460 -118.32855420
33.34147070 -118.32854850
33.34145110 -118.32851840
33.34144940 -118.32852000
33.34139640 -118.32843870
33.34138140 -118.32845260
33.34133560 -118.32849490
33.34131700 -118.32851200
33.34136320 -118.32858290
33.34136790 -118.32857860
33.34138640 -118.32860690
33.34137970 -118.32861310
33.34138740 -118.32862490
33.34140070 -118.32861250
33.34143020 -118.32865770
33.34145630 -118.32863360
33.34146210 -118.32864260
33.34142100 -118.32868060
33.34148440 -118.32877800
33.34152620 -118.32873940
33.34152200 -118.32873290
33.34155880 -118.32869900
33.34146460 -118.32855420
21 3.59999990 residential 
33.34559520 -118.33069920
33.34560000 -118.33069320
33.34558290 -118.33067420
33.34557910 -118.33067900
33.34556850 -118.33066720
33.34556640 -118.33066990
33.34556080 -118.33066360
33.34551170 -118.33072640
33.34552870 -118.33074530
33.34551630 -118.33076120
33.34550450 -118.33074800
33.34550250 -118.33075050
33.34549710 -118.33074450
33.34542820 -118.33083260
33.34545150 -118.33085850
33.34546990 -118.33083490
33.34549710 -118.33086520
33.34556030 -118.33078430
33.34556760 -118.33079250
33.34561950 -118.33072620
33.34559520 -118.33069920
21 6.59999990 residential 
33.34430710 -118.33115550
33.34427190 -118.33110150
33.34424940 -118.33112230
33.34423040 -118.33109310
33.34423870 -118.33108540
33.34422480 -118.33106400
33.34422360 -118.33106510
33.34420690 -118.33103940
33.34418090 -118.33106340
33.34418530 -118.33107020
33.34415550 -118.33109780
33.34419290 -118.33115520
33.34418750 -118.33116020
33.34419820 -118.33117660
33.34420560 -118.33116970
33.34421850 -118.33118950
33.34421190 -118.33119570
33.34422230 -118.33121170
33.34423040 -118.33120420
33.34423940 -118.33121800
33.34430710 -118.33115550
21 6.09999990 residential 
33.34389970 -118.33173300
33.34389810 -118.33175500
33.34388530 -118.33175380
33.34388430 -118.33176790
33.34385140 -118.33176460
33.34385020 -118.33178150
33.34380310 -118.33177670
33.34379810 -118.33184850
33.34384370 -118.33185310
33.34384120 -118.33188820
33.34390830 -118.33189490
33.34390720 -118.33191110
33.34392590 -118.33191300
33.34392710 -118.33189520
33.34393170 -118.33189560
33.34393460 -118.33185390
33.34393020 -118.33185350
33.34393640 -118.33176560
33.34394140 -118.33176610
33.34394340 -118.33173740
33.34389970 -118.33173300
21 7.90000010 apartments 
33.34407380 -118.32927740
33.34406450 -118.32926970
33.34409820 -118.32921180
33.34406410 -118.32918370
33.34404460 -118.32921730
33.34400380 -118.32918370
33.34395930 -118.32926040
33.34395550 -118.32925720
33.34394560 -118.32927410
33.34393650 -118.32926660
33.34393100 -118.32927600
33.34396000 -118.32929990
33.34395620 -118.32930640
33.34397080 -118.32931840
33.34396640 -118.32932600
33.34398320 -118.32933990
33.34398070 -118.32934410
33.34401040 -118.32936850
33.34401680 -118.32935740
33.34402390 -118.32936320
33.34407380 -118.32927740
21 7.59999990 residential 
33.33968720 -118.33335970
33.33967390 -118.33330940
33.33965110 -118.33331790
33.33964630 -118.33329980
33.33967970 -118.33328740
33.33966180 -118.33321940
33.33961030 -118.33323860
33.33958060 -118.33312590
33.33960730 -118.33311590
33.33959690 -118.33307610
33.33944460 -118.33313300
33.33947640 -118.33325390
33.33948850 -118.33324940
33.33950150 -118.33329900
33.33948990 -118.33330330
33.33949920 -118.33333860
33.33951010 -118.33333460
33.33952530 -118.33339250
33.33951380 -118.33339680
33.33952050 -118.33342200
33.33968720 -118.33335970
21 5.90000010 apartments 
33.33526100 -118.33370860
33.33526690 -118.33370770
33.33527110 -118.33374760
33.33530270 -118.33374290
33.33529970 -118.33371390
33.33535340 -118.33370590
33.33535560 -118.33372680
33.33538800 -118.33372190
33.33538440 -118.33368780
33.33538820 -118.33368720
33.33538240 -118.33363240
33.33537810 -118.33363300
33.33537410 -118.33359490
33.33533800 -118.33360030
33.33534080 -118.33362700
33.33529320 -118.33363420
33.33529090 -118.33361220
33.33525580 -118.33361750
33.33525960 -118.33365340
33.33525520 -118.33365400
33.33526100 -118.33370860
5 11.19999981 residential 
33.34278310 -118.32893140
33.34267130 -118.32874380
33.34255570 -118.32886100
33.34269680 -118.32902100
33.34278310 -118.32893140
23 6.09999990 apartments 
33.34521800 -118.32899950
33.34520970 -118.32901490
33.34517670 -118.32898980
33.34516500 -118.32901160
33.34515850 -118.32900660
33.34514090 -118.32903940
33.34513920 -118.32903810
33.34510230 -118.32910660
33.34511250 -118.32911440
33.34510420 -118.32912990
33.34509660 -118.32912410
33.34507150 -118.32917070
33.34506500 -118.32916580
33.34505900 -118.32917700
33.34506410 -118.32918100
33.34505880 -118.32919080
33.34511240 -118.32923170
33.34512540 -118.32920760
33.34512760 -118.32920930
33.34517840 -118.32911470
33.34518020 -118.32911610
33.34523560 -118.32901290
33.34521800 -118.32899950
23 7.09999990 residential 
33.34360280 -118.33182490
33.34360720 -118.33182430
33.34360570 -118.33180640
33.34360100 -118.33180700
33.34359870 -118.33178020
33.34360350 -118.33177960
33.34360100 -118.33174950
33.34359670 -118.33175000
33.34359380 -118.33171570
33.34360500 -118.33171440
33.34360250 -118.33168480
33.34356740 -118.33168900
33.34356610 -118.33167310
33.34356290 -118.33167350
33.34356060 -118.33164630
33.34352020 -118.33165110
33.34352580 -118.33171810
33.34352940 -118.33171770
33.34353680 -118.33180620
33.34356080 -118.33180330
33.34356460 -118.33184790
33.34360430 -118.33184310
33.34360280 -118.33182490
23 11.69999981 residential 
33.33845240 -118.33231990
33.33855920 -118.33229120
33.33856130 -118.33230260
33.33855660 -118.33230390
33.33856160 -118.33233040
33.33861300 -118.33231660
33.33860800 -118.33229030
33.33858240 -118.33229720
33.33857930 -118.33228050
33.33856240 -118.33228510
33.33855490 -118.33224500
33.33870500 -118.33220470
33.33870290 -118.33219370
33.33876940 -118.33217580
33.33874610 -118.33205250
33.33856240 -118.33210190
33.33855170 -118.33204540
33.33851830 -118.33205440
33.33849500 -118.33193170
33.33841270 -118.33195380
33.33843460 -118.33206950
33.33840640 -118.33207710
33.33845240 -118.33231990
23 7.50000000 residential 
33.34414790 -118.33136870
33.34410790 -118.33134270
33.34411520 -118.33132680
33.34407680 -118.33130170
33.34406900 -118.33131880
33.34405190 -118.33130760
33.34403440 -118.33134580
33.34405040 -118.33135620
33.34404520 -118.33136770
33.34406540 -118.33138090
33.34405560 -118.33140210
33.34407420 -118.33141420
33.34406640 -118.33143100
33.34407650 -118.33143760
33.34406610 -118.33150600
33.34408690 -118.33151050
33.34408490 -118.33152380
33.34411450 -118.33153020
33.34412130 -118.33148590
33.34411140 -118.33148380
33.34411610 -118.33145260
33.34411000 -118.33145120
33.34414790 -118.33136870
23 9.80000019 residential 
33.34304820 -118.33150430
33.34305030 -118.33152850
33.34304370 -118.33152930
33.34304780 -118.33157640
33.34305370 -118.33157560
33.34305520 -118.33159270
33.34304360 -118.33159410
33.34304590 -118.33162060
33.34305600 -118.33161940
33.34305870 -118.33164980
33.34307080 -118.33164840
33.34307290 -118.33167350
33.34312820 -118.33166670
33.34312600 -118.33164230
33.34313270 -118.33164150
33.34312900 -118.33159940
33.34312280 -118.33160020
33.34312150 -118.33158470
33.34312680 -118.33158400
33.34312250 -118.33153350
33.34311810 -118.33153400
33.34311480 -118.33149610
33.34304820 -118.33150430
23 8.69999981 residential 
33.34434040 -118.33100420
33.34430940 -118.33100270
33.34430730 -118.33106410
33.34438090 -118.33106780
33.34438050 -118.33107680
33.34447850 -118.33108170
33.34448050 -118.33102480
33.34448400 -118.33102500
33.34448610 -118.33096560
33.34447600 -118.33094810
33.34445950 -118.33094760
33.34444700 -118.33096190
33.34444670 -118.33097010
33.34443900 -118.33096970
33.34443950 -118.33095340
33.34438500 -118.33095070
33.34438450 -118.33096370
33.34437770 -118.33096340
33.34437810 -118.33095190
33.34437170 -118.33094200
33.34435470 -118.33093980
33.34434230 -118.33095240
33.34434040 -118.33100420
20 9.19999981 residential 
33.34662550 -118.32874880
33.34670740 -118.32877020
33.34671330 -118.32875610
33.34680410 -118.32878970
33.34680070 -118.32881340
33.34683020 -118.32880930
33.34685440 -118.32881260
33.34688840 -118.32871340
33.34689640 -118.32868630
33.34680210 -118.32864700
33.34678580 -118.32866820
33.34669270 -118.32862640
33.34667970 -118.32862050
33.34667870 -118.32863360
33.34665410 -118.32862380
33.34663440 -118.32867410
33.34658700 -118.32865170
33.34657310 -118.32870110
33.34661370 -118.32871980
33.34662550 -118.32874880
23 10.19999981 residential 
33.34082650 -118.33240020
33.34080470 -118.33238580
33.34078700 -118.33242400
33.34080650 -118.33243690
33.34071420 -118.33263500
33.34079870 -118.33269090
33.34081350 -118.33265910
33.34081090 -118.33265740
33.34106190 -118.33211100
33.34104230 -118.33209200
33.34107910 -118.33203460
33.34102070 -118.33196150
33.34101850 -118.33196420
33.34099690 -118.33193910
33.34091040 -118.33204440
33.34093040 -118.33206770
33.34091640 -118.33208460
33.34094620 -118.33211930
33.34096810 -118.33209260
33.34097830 -118.33210440
33.34096710 -118.33213240
33.34095450 -118.33212520
33.34082650 -118.33240020
25 6.69999981 residential 
33.34433770 -118.33043700
33.34430090 -118.33041040
33.34429340 -118.33042510
33.34426550 -118.33040500
33.34422890 -118.33047730
33.34424800 -118.33049110
33.34425270 -118.33048180
33.34434420 -118.33054770
33.34435780 -118.33052080
33.34436650 -118.33052710
33.34438240 -118.33049580
33.34437310 -118.33048910
33.34438490 -118.33046590
33.34437460 -118.33045850
33.34438460 -118.33043890
33.34439570 -118.33044700
33.34440370 -118.33043120
33.34439230 -118.33042300
33.34441930 -118.33036990
33.34441640 -118.33036780
33.34442550 -118.33034990
33.34439730 -118.33032950
33.34438810 -118.33034760
33.34438450 -118.33034500
33.34433770 -118.33043700
25 9.10000038 residential 
33.34320090 -118.33183990
33.34320410 -118.33187690
33.34322790 -118.33187390
33.34323050 -118.33190390
33.34327270 -118.33189870
33.34327150 -118.33188430
33.34329820 -118.33188100
33.34329850 -118.33188500
33.34331230 -118.33188330
33.34331450 -118.33190830
33.34332670 -118.33190680
33.34332800 -118.33192120
33.34339440 -118.33191310
33.34339420 -118.33191080
33.34342590 -118.33190690
33.34342440 -118.33188900
33.34343040 -118.33188830
33.34342510 -118.33182800
33.34338130 -118.33183340
33.34338090 -118.33182820
33.34329540 -118.33183880
33.34329720 -118.33185920
33.34325460 -118.33186450
33.34325200 -118.33183360
33.34320090 -118.33183990
25 8.60000038 residential 
33.34435900 -118.33241790
33.34433850 -118.33242910
33.34433010 -118.33240750
33.34434910 -118.33239710
33.34432360 -118.33233100
33.34423860 -118.33237750
33.34424210 -118.33238660
33.34421600 -118.33240090
33.34423470 -118.33244960
33.34423950 -118.33244700
33.34425490 -118.33248690
33.34426260 -118.33248260
33.34427150 -118.33250590
33.34426490 -118.33250950
33.34429770 -118.33259450
33.34432840 -118.33257770
33.34433190 -118.33258680
33.34434380 -118.33258030
33.34435830 -118.33261790
33.34442340 -118.33258230
33.34440140 -118.33252510
33.34438550 -118.33253380
33.34437470 -118.33250570
33.34438970 -118.33249760
33.34435900 -118.33241790
27 13.60000038 residential 
33.33822140 -118.33161170
33.33826080 -118.33179910
33.33828540 -118.33179180
33.33829810 -118.33185210
33.33826350 -118.33186240
33.33825750 -118.33183370
33.33820850 -118.33184840
33.33821400 -118.33187430
33.33820380 -118.33187740
33.33821150 -118.33191400
33.33805480 -118.33196080
33.33809450 -118.33215010
33.33836960 -118.33206810
33.33833490 -118.33190270
33.33836900 -118.33189260
33.33835680 -118.33183430
33.33840380 -118.33182030
33.33840530 -118.33182720
33.33849610 -118.33180010
33.33848100 -118.33172790
33.33862160 -118.33168600
33.33861800 -118.33166860
33.33862840 -118.33166550
33.33859920 -118.33152630
33.33843130 -118.33157640
33.33842590 -118.33155070
33.33822140 -118.33161170
27 5.40000010 apartments 
33.34170330 -118.33120050
33.34172180 -118.33124600
33.34174860 -118.33123060
33.34177290 -118.33129050
33.34175980 -118.33129810
33.34176820 -118.33131880
33.34178130 -118.33131120
33.34180330 -118.33136530
33.34179350 -118.33137090
33.34179640 -118.33137810
33.34178330 -118.33138560
33.34179420 -118.33141220
33.34187650 -118.33136470
33.34187360 -118.33135770
33.34188060 -118.33135370
33.34187030 -118.33132830
33.34188710 -118.33131850
33.34187140 -118.33128010
33.34184790 -118.33129370
33.34182450 -118.33123630
33.34180970 -118.33124480
33.34180420 -118.33123130
33.34183460 -118.33121380
33.34182400 -118.33118750
33.34181600 -118.33119210
33.34179740 -118.33114610
33.34170330 -118.33120050
28 7.30000019 residential 
33.34244690 -118.32806310
33.34243030 -118.32807810
33.34245970 -118.32814110
33.34247550 -118.32813060
33.34248740 -118.32815600
33.34250620 -118.32814590
33.34251950 -118.32813590
33.34253230 -118.32812430
33.34254920 -118.32810100
33.34255680 -118.32808600
33.34254640 -118.32807610
33.34256640 -118.32804640
33.34257180 -118.32805160
33.34260270 -118.32801140
33.34254410 -118.32794730
33.34255310 -118.32793560
33.34250110 -118.32785630
33.34238840 -118.32795870
33.34239290 -118.32796580
33.34235230 -118.32800270
33.34234820 -118.32799630
33.34223210 -118.32810160
33.34235790 -118.32829830
33.34243140 -118.32823160
33.34235950 -118.32811920
33.34243750 -118.32804840
33.34244460 -118.32805950
33.34244690 -118.32806310
29 8.80000019 apartments 
33.33517230 -118.33361760
33.33517540 -118.33364400
33.33512730 -118.33365200
33.33513010 -118.33367600
33.33507530 -118.33368520
33.33507290 -118.33366460
33.33502460 -118.33367260
33.33502170 -118.33364840
33.33497260 -118.33365660
33.33497830 -118.33370540
33.33497020 -118.33370670
33.33498220 -118.33380850
33.33499200 -118.33380680
33.33499800 -118.33385850
33.33504740 -118.33385020
33.33504420 -118.33382330
33.33506510 -118.33381980
33.33506200 -118.33379390
33.33511390 -118.33378520
33.33511680 -118.33381040
33.33519400 -118.33379750
33.33519680 -118.33382160
33.33524810 -118.33381300
33.33524230 -118.33376400
33.33525030 -118.33376270
33.33523790 -118.33365730
33.33522840 -118.33365890
33.33522260 -118.33360930
33.33517230 -118.33361760
29 4.40000010 apartments 
33.34168480 -118.33062580
33.34167520 -118.33060140
33.34172900 -118.33057160
33.34173790 -118.33059420
33.34175310 -118.33058580
33.34171050 -118.33047660
33.34167830 -118.33049440
33.34168400 -118.33050920
33.34167430 -118.33051460
33.34167910 -118.33052690
33.34164190 -118.33054750
33.34163690 -118.33053460
33.34162670 -118.33054030
33.34162100 -118.33052570
33.34156110 -118.33055890
33.34156740 -118.33057510
33.34155790 -118.33058040
33.34156220 -118.33059160
33.34152470 -118.33061240
33.34152040 -118.33060160
33.34151000 -118.33060730
33.34150420 -118.33059240
33.34147320 -118.33060960
33.34151580 -118.33071850
33.34153070 -118.33071020
33.34152130 -118.33068630
33.34155550 -118.33066740
33.34156520 -118.33069220
33.34168480 -118.33062580
29 5.19999981 residential 
33.34423620 -118.33084390
33.34424350 -118.33085180
33.34425770 -118.33083320
33.34425040 -118.33082540
33.34426820 -118.33080200
33.34426470 -118.33079810
33.34427260 -118.33078770
33.34427740 -118.33079290
33.34429070 -118.33077550
33.34428510 -118.33076950
33.34429750 -118.33075320
33.34426570 -118.33071890
33.34425000 -118.33073950
33.34424580 -118.33073490
33.34424190 -118.33073990
33.34423040 -118.33072740
33.34421600 -118.33074630
33.34421130 -118.33074120
33.34418440 -118.33077650
33.34417510 -118.33076630
33.34414810 -118.33080190
33.34418980 -118.33084700
33.34418620 -118.33085170
33.34419270 -118.33085870
33.34418970 -118.33086260
33.34420060 -118.33087440
33.34420750 -118.33086520
33.34421440 -118.33087260
33.34423620 -118.33084390
29 4.09999990 residential 
33.34138690 -118.33071620
33.34137940 -118.33072040
33.34137120 -118.33069940
33.34130680 -118.33073540
33.34130330 -118.33072650
33.34126870 -118.33074570
33.34127180 -118.33075360
33.34122890 -118.33077760
33.34122220 -118.33076060
33.34120250 -118.33077150
33.34126990 -118.33094290
33.34125190 -118.33095300
33.34126410 -118.33098430
33.34134790 -118.33093750
33.34129550 -118.33080430
33.34130990 -118.33079630
33.34131770 -118.33081610
33.34137380 -118.33078480
33.34138050 -118.33080180
33.34139660 -118.33079280
33.34141870 -118.33084910
33.34135700 -118.33088350
33.34136280 -118.33089830
33.34135560 -118.33090240
33.34136300 -118.33092110
33.34135330 -118.33092650
33.34136840 -118.33096500
33.34146380 -118.33091170
33.34138690 -118.33071620
29 19.10000038 residential Hotel St. Lauren
33.34252530 -118.32868730
33.34251710 -118.32867450
33.34255080 -118.32864390
33.34255890 -118.32865650
33.34262200 -118.32859900
33.34261430 -118.32858710
33.34264750 -118.32855690
33.34265550 -118.32856920
33.34270670 -118.32852260
33.34269940 -118.32851120
33.34272100 -118.32849150
33.34272710 -118.32850090
33.34281980 -118.32841640
33.34279390 -118.32837600
33.34280280 -118.32834350
33.34278520 -118.32831600
33.34275670 -118.32831120
33.34273440 -118.32833020
33.34272990 -118.32835010
33.34271520 -118.32834530
33.34264180 -118.32841240
33.34265210 -118.32842840
33.34263950 -118.32844890
33.34262750 -118.32843100
33.34244140 -118.32860670
33.34244990 -118.32861960
33.34243810 -118.32863080
33.34249440 -118.32871550
33.34252530 -118.32868730
29 9.89999962 residential 
33.34301120 -118.33129800
33.34300990 -118.33129110
33.34298150 -118.33129840
33.34299680 -118.33138380
33.34302560 -118.33137640
33.34302740 -118.33138630
33.34302420 -118.33138710
33.34302570 -118.33139510
33.34302080 -118.33139640
33.34302230 -118.33140460
33.34299650 -118.33141120
33.34300500 -118.33145850
33.34301860 -118.33145500
33.34302330 -118.33148090
33.34303310 -118.33147840
33.34303690 -118.33149900
33.34310820 -118.33148070
33.34309920 -118.33143040
33.34310800 -118.33142810
33.34309770 -118.33137060
33.34310110 -118.33136970
33.34309720 -118.33134830
33.34309500 -118.33134890
33.34309170 -118.33133100
33.34310220 -118.33132840
33.34309370 -118.33128140
33.34308080 -118.33128470
33.34308000 -118.33128040
33.34301120 -118.33129800
15 12.50000000 residential 
33.34044650 -118.33234120
33.34063700 -118.33196820
33.34055720 -118.33191090
33.34032810 -118.33233370
33.34033430 -118.33234770
33.34031550 -118.33235960
33.34033690 -118.33240770
33.34035900 -118.33239380
33.34053520 -118.33278880
33.34051780 -118.33279980
33.34054070 -118.33285110
33.34057450 -118.33282970
33.34056940 -118.33281830
33.34064340 -118.33277150
33.34044650 -118.33234120
31 9.39999962 apartments 
33.33519670 -118.33325220
33.33518860 -118.33324530
33.33521350 -118.33320400
33.33518660 -118.33318100
33.33517440 -118.33320120
33.33512120 -118.33315570
33.33510880 -118.33317630
33.33506410 -118.33313800
33.33507620 -118.33311790
33.33505690 -118.33310140
33.33506970 -118.33308030
33.33503360 -118.33304940
33.33500940 -118.33308960
33.33500230 -118.33308350
33.33497990 -118.33312060
33.33495440 -118.33309870
33.33492500 -118.33314740
33.33493090 -118.33315250
33.33490610 -118.33319360
33.33494920 -118.33323060
33.33496170 -118.33321000
33.33500100 -118.33324370
33.33501340 -118.33322310
33.33505650 -118.33326000
33.33504360 -118.33328130
33.33508330 -118.33331540
33.33507170 -118.33333470
33.33511370 -118.33337070
33.33513780 -118.33333090
33.33514540 -118.33333730
33.33519670 -118.33325220
31 9.89999962 apartments 
33.34120940 -118.33007880
33.34120350 -118.33006560
33.34117760 -118.33008190
33.34116620 -118.33005600
33.34113870 -118.33007330
33.34115570 -118.33011180
33.34110580 -118.33014300
33.34109450 -118.33011750
33.34112430 -118.33009890
33.34111060 -118.33006780
33.34105540 -118.33010240
33.34106810 -118.33013120
33.34105810 -118.33013750
33.34106270 -118.33014770
33.34104450 -118.33015900
33.34103900 -118.33014640
33.34101230 -118.33016310
33.34105660 -118.33026350
33.34108720 -118.33024430
33.34109730 -118.33026700
33.34111470 -118.33025610
33.34110620 -118.33023670
33.34113010 -118.33022160
33.34113780 -118.33023910
33.34117490 -118.33021590
33.34118300 -118.33023420
33.34120090 -118.33022300
33.34119340 -118.33020610
33.34126270 -118.33016260
33.34122210 -118.33007070
33.34120940 -118.33007880
33 9.60000038 apartments 
33.34080880 -118.32963780
33.34082290 -118.32962490
33.34083940 -118.32965050
33.34082390 -118.32966460
33.34083330 -118.32967920
33.34085320 -118.32966110
33.34087470 -118.32969440
33.34093950 -118.32963500
33.34093060 -118.32962120
33.34094780 -118.32960540
33.34090230 -118.32953500
33.34088900 -118.32954710
33.34086230 -118.32950580
33.34084960 -118.32951740
33.34082320 -118.32947650
33.34083670 -118.32946410
33.34080990 -118.32942250
33.34080360 -118.32942830
33.34077700 -118.32938720
33.34079540 -118.32937030
33.34077460 -118.32933820
33.34078440 -118.32932920
33.34074300 -118.32926520
33.34065340 -118.32934720
33.34066230 -118.32936100
33.34065560 -118.32936710
33.34067590 -118.32939850
33.34066880 -118.32940500
33.34068050 -118.32942310
33.34069700 -118.32940790
33.34071320 -118.32943290
33.34069020 -118.32945400
33.34080880 -118.32963780
34 10.50000000 residential 
33.34018350 -118.33498560
33.34020120 -118.33496860
33.34015990 -118.33490740
33.34018950 -118.33487900
33.34013430 -118.33479730
33.34013920 -118.33479260
33.34011340 -118.33475440
33.34010760 -118.33476000
33.34003500 -118.33465250
33.33991870 -118.33476410
33.33991090 -118.33475250
33.33989460 -118.33476810
33.33990140 -118.33477810
33.33984260 -118.33483470
33.33986350 -118.33486570
33.33983200 -118.33489600
33.33980880 -118.33486160
33.33975630 -118.33491200
33.33977840 -118.33494470
33.33976170 -118.33496070
33.33991830 -118.33519220
33.34001280 -118.33510150
33.34004940 -118.33515560
33.33994290 -118.33518530
33.34005200 -118.33535090
33.34018150 -118.33531630
33.34010660 -118.33519880
33.34013780 -118.33517050
33.34012080 -118.33514380
33.34009160 -118.33517010
33.34007870 -118.33514980
33.34005940 -118.33515370
33.34020320 -118.33501480
33.34018350 -118.33498560
35 7.50000000 residential 
33.34077860 -118.32900210
33.34081530 -118.32905890
33.34079980 -118.32907310
33.34082290 -118.32910870
33.34083410 -118.32909840
33.34085640 -118.32913290
33.34084360 -118.32914460
33.34086420 -118.32917660
33.34088000 -118.32916210
33.34091410 -118.32921480
33.34091850 -118.32921080
33.34095180 -118.32926230
33.34093560 -118.32927710
33.34095980 -118.32931460
33.34096830 -118.32930690
33.34097850 -118.32932270
33.34104080 -118.32926560
33.34100830 -118.32921530
33.34101770 -118.32920680
33.34102400 -118.32921660
33.34105260 -118.32919040
33.34104650 -118.32918090
33.34104330 -118.32918380
33.34098950 -118.32910050
33.34096130 -118.32912630
33.34094090 -118.32909470
33.34093400 -118.32910110
33.34087330 -118.32900710
33.34087800 -118.32900280
33.34088310 -118.32901060
33.34088930 -118.32900500
33.34089230 -118.32900960
33.34091910 -118.32898490
33.34087390 -118.32891480
33.34077860 -118.32900210
37 9.60000038 apartments 
33.33502920 -118.33356220
33.33502790 -118.33355810
33.33505050 -118.33354780
33.33504940 -118.33354430
33.33506680 -118.33353640
33.33505200 -118.33349010
33.33503270 -118.33349890
33.33501180 -118.33343370
33.33499310 -118.33344230
33.33497380 -118.33338240
33.33499320 -118.33337350
33.33498650 -118.33335280
33.33500640 -118.33334380
33.33498750 -118.33328490
33.33494800 -118.33330290
33.33494490 -118.33329320
33.33491900 -118.33330490
33.33492250 -118.33331600
33.33491390 -118.33331990
33.33489970 -118.33327540
33.33484940 -118.33329830
33.33485270 -118.33330840
33.33481560 -118.33332530
33.33483390 -118.33338240
33.33485230 -118.33337410
33.33486890 -118.33342580
33.33488820 -118.33341700
33.33490770 -118.33347780
33.33488930 -118.33348630
33.33490680 -118.33354070
33.33488530 -118.33355050
33.33490390 -118.33360870
33.33492150 -118.33360070
33.33492380 -118.33360780
33.33494610 -118.33359770
33.33494680 -118.33359980
33.33502920 -118.33356220
38 7.80000019 residential 
33.34287870 -118.32992370
33.34289970 -118.32991030
33.34286900 -118.32984180
33.34284830 -118.32985500
33.34284350 -118.32984400
33.34284930 -118.32984030
33.34282960 -118.32979640
33.34281910 -118.32980320
33.34281660 -118.32979760
33.34280540 -118.32980470
33.34279950 -118.32979150
33.34278600 -118.32980010
33.34278820 -118.32980500
33.34271840 -118.32984940
33.34273150 -118.32987860
33.34272720 -118.32988130
33.34274000 -118.32990980
33.34274380 -118.32990740
33.34275610 -118.32993470
33.34279000 -118.32991310
33.34281400 -118.32996650
33.34280920 -118.32997510
33.34280720 -118.32998370
33.34280770 -118.32999270
33.34281050 -118.33000140
33.34281740 -118.33001060
33.34282360 -118.33001340
33.34283680 -118.33001520
33.34284980 -118.33004650
33.34287160 -118.33003360
33.34287980 -118.33004050
33.34288770 -118.33004370
33.34289630 -118.33004350
33.34290560 -118.33003820
33.34291130 -118.33003040
33.34291510 -118.33001870
33.34291400 -118.33000230
33.34287870 -118.32992370
5 4.00000000 residential 
33.33796710 -118.33160520
33.33803420 -118.33162140
33.33805900 -118.33147120
33.33799410 -118.33145470
33.33796710 -118.33160520
5 7.30000019 residential 
33.34313010 -118.33009250
33.34306670 -118.33003610
33.34301780 -118.33011420
33.34308120 -118.33017060
33.34313010 -118.33009250
5 5.30000019 residential 
33.33885170 -118.33198570
33.33878910 -118.33200750
33.33883650 -118.33220120
33.33889920 -118.33217940
33.33885170 -118.33198570
5 5.59999990 residential 
33.34215740 -118.32832830
33.34212410 -118.32835810
33.34218930 -118.32846150
33.34222260 -118.32843180
33.34215740 -118.32832830
5 2.70000005 residential 
33.34267390 -118.33139170
33.34262850 -118.33140570
33.34263720 -118.33144580
33.34268260 -118.33143190
33.34267390 -118.33139170
5 8.00000000 residential 
33.34088500 -118.33089920
33.34082470 -118.33098040
33.34093220 -118.33109360
33.34099250 -118.33101230
33.34088500 -118.33089920
5 9.00000000 residential 
33.34179380 -118.32890990
33.34185830 -118.32901100
33.34193090 -118.32894520
33.34186650 -118.32884410
33.34179380 -118.32890990
5 11.00000000 apartments 
33.34191400 -118.32870160
33.34184210 -118.32876740
33.34193870 -118.32891750
33.34201070 -118.32885170
33.34191400 -118.32870160
5 4.69999981 residential 
33.33818410 -118.33128060
33.33824770 -118.33129650
33.33827460 -118.33114430
33.33821100 -118.33112840
33.33818410 -118.33128060
5 4.09999990 residential 
33.33852700 -118.33051680
33.33846190 -118.33052320
33.33847280 -118.33067980
33.33853790 -118.33067330
33.33852700 -118.33051680
5 2.59999990 residential 
33.34294280 -118.33098740
33.34290560 -118.33099370
33.34291070 -118.33103640
33.34294790 -118.33103010
33.34294280 -118.33098740
5 9.69999981 apartments 
33.34134660 -118.33172530
33.34143860 -118.33178890
33.34149440 -118.33167440
33.34140240 -118.33161080
33.34134660 -118.33172530
5 4.09999990 residential 
33.33809890 -118.33130530
33.33816060 -118.33132110
33.33818830 -118.33116670
33.33812670 -118.33115100
33.33809890 -118.33130530
5 4.09999990 residential 
33.33839070 -118.33060040
33.33832540 -118.33060710
33.33833680 -118.33076330
33.33840200 -118.33075650
33.33839070 -118.33060040
5 9.30000019 residential 
33.34630490 -118.32997750
33.34633630 -118.32992510
33.34624690 -118.32984910
33.34621560 -118.32990150
33.34630490 -118.32997750
5 2.79999995 residential 
33.34068120 -118.33542030
33.34073840 -118.33541170
33.34072430 -118.33527950
33.34066720 -118.33528810
33.34068120 -118.33542030
5 3.79999995 residential 
33.33917150 -118.33331340
33.33911000 -118.33334080
33.33915650 -118.33348840
33.33921790 -118.33346100
33.33917150 -118.33331340
5 3.90000010 residential 
33.33975340 -118.33014850
33.33975910 -118.33018470
33.33989420 -118.33015450
33.33988850 -118.33011830
33.33975340 -118.33014850
5 3.90000010 residential 
33.34043500 -118.33725950
33.34045600 -118.33725830
33.34045250 -118.33717040
33.34043150 -118.33717160
33.34043500 -118.33725950
5 5.59999990 residential 
33.34203020 -118.32844470
33.34197830 -118.32849250
33.34214440 -118.32874900
33.34219640 -118.32870110
33.34203020 -118.32844470
5 2.59999990 residential 
33.34264740 -118.33114690
33.34275580 -118.33159790
33.34285460 -118.33156420
33.34274620 -118.33111320
33.34264740 -118.33114690
5 6.80000019 residential 
33.34028500 -118.33717140
33.34024040 -118.33718390
33.34025220 -118.33724400
33.34029680 -118.33723160
33.34028500 -118.33717140
5 4.59999990 residential 
33.33832400 -118.33149850
33.33839060 -118.33151550
33.33841800 -118.33136210
33.33835140 -118.33134530
33.33832400 -118.33149850
5 4.80000019 residential 
33.33848300 -118.33119580
33.33854850 -118.33121300
33.33857640 -118.33106210
33.33851100 -118.33104490
33.33848300 -118.33119580
5 8.19999981 residential 
33.34088250 -118.33112650
33.34081270 -118.33122140
33.34095350 -118.33136850
33.34102330 -118.33127360
33.34088250 -118.33112650
5 7.59999990 residential 
33.34110170 -118.32904610
33.34113620 -118.32901420
33.34107770 -118.32892450
33.34104320 -118.32895630
33.34110170 -118.32904610
5 3.20000005 residential 
33.34076410 -118.32857750
33.34072780 -118.32860970
33.34080550 -118.32872980
33.34083880 -118.32870240
33.34076410 -118.32857750
5 4.80000019 residential 
33.33856870 -118.33117210
33.33863410 -118.33118920
33.33866200 -118.33103790
33.33859660 -118.33102070
33.33856870 -118.33117210
5 4.69999981 residential 
33.34538270 -118.32921870
33.34540690 -118.32923770
33.34543510 -118.32918690
33.34541090 -118.32916780
33.34538270 -118.32921870
5 3.50000000 residential 
33.34027210 -118.33575360
33.34028750 -118.33580230
33.34034010 -118.33577860
33.34032470 -118.33573000
33.34027210 -118.33575360
5 3.70000005 residential 
33.33910600 -118.33334430
33.33904340 -118.33337130
33.33908810 -118.33351830
33.33915060 -118.33349140
33.33910600 -118.33334430
5 8.89999962 apartments 
33.34228850 -118.32861890
33.34233070 -118.32857850
33.34223320 -118.32843400
33.34219100 -118.32847440
33.34228850 -118.32861890
5 7.09999990 residential 
33.34221070 -118.32828620
33.34216680 -118.32832460
33.34222950 -118.32842640
33.34227340 -118.32838810
33.34221070 -118.32828620
5 4.19999981 residential 
33.33845880 -118.33056120
33.33839180 -118.33056830
33.33840330 -118.33072180
33.33847020 -118.33071470
33.33845880 -118.33056120
5 4.59999990 residential 
33.34098590 -118.33140830
33.34096580 -118.33143570
33.34101910 -118.33149120
33.34103920 -118.33146370
33.34098590 -118.33140830
5 3.20000005 residential 
33.34519310 -118.32940360
33.34517440 -118.32943640
33.34522470 -118.32947720
33.34524350 -118.32944430
33.34519310 -118.32940360
5 3.59999990 residential 
33.34240520 -118.32901410
33.34242760 -118.32904920
33.34247550 -118.32900590
33.34245310 -118.32897080
33.34240520 -118.32901410
5 8.60000038 residential 
33.34344300 -118.32969840
33.34338630 -118.32978760
33.34348360 -118.32987560
33.34354040 -118.32978640
33.34344300 -118.32969840
5 3.90000010 residential 
33.33859550 -118.33047700
33.33853050 -118.33048360
33.33854160 -118.33063710
33.33860660 -118.33063050
33.33859550 -118.33047700
6 6.30000019 residential 
33.34223090 -118.32767650
33.34221250 -118.32769370
33.34218800 -118.32771670
33.34229120 -118.32787270
33.34233400 -118.32783250
33.34223090 -118.32767650
5 9.00000000 residential 
33.34385880 -118.32874550
33.34393000 -118.32869000
33.34384500 -118.32853500
33.34380490 -118.32864730
33.34385880 -118.32874550
5 3.20000005 residential 
33.34400530 -118.32884580
33.34406250 -118.32886220
33.34408390 -118.32875650
33.34402670 -118.32874010
33.34400530 -118.32884580
5 3.09999990 residential 
33.34478180 -118.33091640
33.34476520 -118.33089910
33.34472150 -118.33095860
33.34473820 -118.33097590
33.34478180 -118.33091640
5 3.70000005 residential 
33.33903740 -118.33337280
33.33897510 -118.33340070
33.33902170 -118.33354800
33.33908400 -118.33352000
33.33903740 -118.33337280
6 7.40000010 apartments 
33.34121850 -118.32859480
33.34120890 -118.32860340
33.34118460 -118.32862510
33.34126910 -118.32875920
33.34130300 -118.32872890
33.34121850 -118.32859480
5 4.09999990 residential 
33.34319750 -118.33063150
33.34332670 -118.33061500
33.34331770 -118.33051450
33.34318330 -118.33047360
33.34319750 -118.33063150
5 9.19999981 apartments 
33.34119580 -118.33168470
33.34121500 -118.33174480
33.34131660 -118.33169890
33.34129750 -118.33163880
33.34119580 -118.33168470
5 4.59999990 residential 
33.33835460 -118.33123340
33.33841820 -118.33125000
33.33844620 -118.33109720
33.33838270 -118.33108060
33.33835460 -118.33123340
5 4.30000019 residential 
33.33805090 -118.33157840
33.33811520 -118.33159560
33.33814390 -118.33144320
33.33807970 -118.33142600
33.33805090 -118.33157840
5 2.59999990 residential 
33.34061840 -118.33239970
33.34061460 -118.33244580
33.34068080 -118.33245340
33.34068450 -118.33240720
33.34061840 -118.33239970
5 3.70000005 residential 
33.34431350 -118.33116240
33.34426110 -118.33121190
33.34428590 -118.33124930
33.34433400 -118.33119320
33.34431350 -118.33116240
5 2.90000010 residential 
33.34229780 -118.33178600
33.34227690 -118.33179490
33.34229750 -118.33186380
33.34231840 -118.33185490
33.34229780 -118.33178600
5 9.30000019 residential 
33.34220410 -118.32850170
33.34215410 -118.32842820
33.34207640 -118.32850320
33.34212640 -118.32857680
33.34220410 -118.32850170
5 2.70000005 residential 
33.34316310 -118.33151150
33.34316820 -118.33156570
33.34320190 -118.33156120
33.34319680 -118.33150700
33.34316310 -118.33151150
5 4.59999990 residential 
33.33813820 -118.33155040
33.33820310 -118.33156630
33.33822970 -118.33141230
33.33816490 -118.33139640
33.33813820 -118.33155040
5 9.30000019 residential 
33.34456690 -118.33100370
33.34451280 -118.33112660
33.34463210 -118.33120120
33.34468620 -118.33107830
33.34456690 -118.33100370
5 6.59999990 residential 
33.34293570 -118.33070520
33.34284780 -118.33072470
33.34285580 -118.33077600
33.34294370 -118.33075640
33.34293570 -118.33070520
5 3.59999990 residential 
33.33937290 -118.33039090
33.33940450 -118.33037920
33.33935500 -118.33018910
33.33932340 -118.33020080
33.33937290 -118.33039090
5 3.59999990 residential 
33.34514780 -118.32992590
33.34513600 -118.32996330
33.34517420 -118.32998040
33.34518600 -118.32994300
33.34514780 -118.32992590
5 4.00000000 residential 
33.33986880 -118.33006610
33.33986210 -118.33002820
33.33975250 -118.33005560
33.33975920 -118.33009350
33.33986880 -118.33006610
5 3.79999995 residential 
33.33867450 -118.33273160
33.33869560 -118.33272660
33.33868560 -118.33266710
33.33866450 -118.33267220
33.33867450 -118.33273160
5 2.79999995 residential 
33.34462600 -118.33905780
33.34461890 -118.33903400
33.34459810 -118.33904280
33.34460520 -118.33906650
33.34462600 -118.33905780
5 7.90000010 residential 
33.34102250 -118.33104510
33.34096340 -118.33112700
33.34107080 -118.33123700
33.34112990 -118.33115510
33.34102250 -118.33104510
5 9.39999962 residential 
33.34442810 -118.33050490
33.34446360 -118.33053060
33.34448580 -118.33048700
33.34445030 -118.33046130
33.34442810 -118.33050490
5 4.00000000 residential 
33.34036430 -118.33004810
33.34037710 -118.33013440
33.34046570 -118.33011580
33.34045290 -118.33002950
33.34036430 -118.33004810
5 11.10000038 apartments 
33.34156410 -118.32880420
33.34149830 -118.32886250
33.34168970 -118.32916940
33.34175110 -118.32910400
33.34156410 -118.32880420
5 2.90000010 residential 
33.34153360 -118.32874900
33.34156060 -118.32878850
33.34160400 -118.32874630
33.34157700 -118.32870690
33.34153360 -118.32874900
5 11.39999962 residential 
33.34274820 -118.32850300
33.34281980 -118.32861320
33.34291040 -118.32852960
33.34283880 -118.32841950
33.34274820 -118.32850300
6 4.09999990 residential 
33.33856270 -118.33141870
33.33859430 -118.33142660
33.33861950 -118.33128420
33.33858800 -118.33127630
33.33858070 -118.33131750
33.33856270 -118.33141870
5 4.40000010 residential 
33.34132050 -118.33147360
33.34129890 -118.33150290
33.34135270 -118.33155920
33.34137430 -118.33153000
33.34132050 -118.33147360
5 7.00000000 residential 
33.33524890 -118.33318590
33.33532250 -118.33314720
33.33525730 -118.33297160
33.33518380 -118.33301030
33.33524890 -118.33318590
5 2.70000005 residential 
33.34314570 -118.33130080
33.34314860 -118.33133840
33.34319900 -118.33133290
33.34319610 -118.33129530
33.34314570 -118.33130080
5 3.59999990 residential 
33.33897060 -118.33340370
33.33891060 -118.33343040
33.33895630 -118.33357600
33.33901630 -118.33354920
33.33897060 -118.33340370
5 3.50000000 apartments 
33.33527340 -118.33324870
33.33521540 -118.33326580
33.33522250 -118.33329980
33.33528050 -118.33328270
33.33527340 -118.33324870
5 4.59999990 residential 
33.33841150 -118.33147430
33.33847640 -118.33149020
33.33850260 -118.33133830
33.33843770 -118.33132240
33.33841150 -118.33147430
5 7.40000010 residential 
33.34085520 -118.33134930
33.34081160 -118.33140830
33.34091060 -118.33151200
33.34095420 -118.33145310
33.34085520 -118.33134930
5 9.50000000 residential 
33.34295460 -118.32860140
33.34286470 -118.32868350
33.34293620 -118.32879480
33.34302620 -118.32871270
33.34295460 -118.32860140
5 4.19999981 residential 
33.33826840 -118.33125580
33.33833250 -118.33127250
33.33836020 -118.33112140
33.33829610 -118.33110470
33.33826840 -118.33125580
5 7.80000019 residential 
33.34418920 -118.32970310
33.34415810 -118.32975420
33.34428490 -118.32986370
33.34431600 -118.32981250
33.34418920 -118.32970310
5 8.19999981 apartments 
33.34493210 -118.32923500
33.34499110 -118.32928600
33.34504620 -118.32919550
33.34498720 -118.32914450
33.34493210 -118.32923500
5 5.59999990 apartments 
33.34230260 -118.32842980
33.34226560 -118.32846240
33.34233600 -118.32857570
33.34237300 -118.32854320
33.34230260 -118.32842980
5 4.30000019 residential 
33.34424210 -118.32813960
33.34421120 -118.32812610
33.34417910 -118.32823030
33.34421100 -118.32824430
33.34424210 -118.32813960
5 2.50000000 residential 
33.34018860 -118.33539430
33.34023780 -118.33545770
33.34032070 -118.33536540
33.34027150 -118.33530200
33.34018860 -118.33539430
5 4.59999990 residential 
33.34088840 -118.33539250
33.34095790 -118.33539820
33.34096650 -118.33524900
33.34089710 -118.33524320
33.34088840 -118.33539250
6 8.39999962 apartments 
33.34133650 -118.32897010
33.34137460 -118.32893490
33.34118260 -118.32863930
33.34116520 -118.32865530
33.34114440 -118.32867450
33.34133650 -118.32897010
5 2.79999995 residential 
33.34225800 -118.33175260
33.34228880 -118.33173300
33.34226100 -118.33167100
33.34223020 -118.33169070
33.34225800 -118.33175260
41 10.60000038 apartments 
33.34128750 -118.32997820
33.34130440 -118.33001910
33.34128760 -118.33002900
33.34129590 -118.33004900
33.34131550 -118.33003750
33.34134530 -118.33010980
33.34132810 -118.33011990
33.34133550 -118.33013780
33.34135270 -118.33012770
33.34136460 -118.33015660
33.34134000 -118.33017100
33.34135940 -118.33021820
33.34134240 -118.33022820
33.34135240 -118.33025260
33.34137110 -118.33024160
33.34140030 -118.33031240
33.34138470 -118.33032160
33.34139250 -118.33034070
33.34141050 -118.33033020
33.34143080 -118.33037940
33.34144570 -118.33037070
33.34145640 -118.33039650
33.34143980 -118.33040620
33.34144800 -118.33042600
33.34146350 -118.33041690
33.34147910 -118.33045460
33.34156440 -118.33040480
33.34155020 -118.33037030
33.34156280 -118.33036290
33.34153710 -118.33030040
33.34151980 -118.33031050
33.34144740 -118.33013480
33.34142730 -118.33014660
33.34142210 -118.33013380
33.34145290 -118.33011580
33.34143760 -118.33007850
33.34145010 -118.33007120
33.34140020 -118.32995000
33.34138700 -118.32995770
33.34137450 -118.32992740
33.34128750 -118.32997820
41 7.40000010 residential 
33.34240650 -118.32946130
33.34244170 -118.32944060
33.34244470 -118.32944790
33.34246500 -118.32943600
33.34246180 -118.32942840
33.34248410 -118.32941530
33.34250990 -118.32941190
33.34251070 -118.32941970
33.34253010 -118.32941710
33.34252940 -118.32940860
33.34256370 -118.32940410
33.34260090 -118.32941420
33.34259610 -118.32943930
33.34261780 -118.32944530
33.34262260 -118.32942010
33.34264580 -118.32942630
33.34266770 -118.32944370
33.34266390 -118.32945050
33.34267710 -118.32946110
33.34268110 -118.32945380
33.34273010 -118.32949290
33.34275030 -118.32945680
33.34275590 -118.32946130
33.34276180 -118.32945080
33.34278560 -118.32942040
33.34277550 -118.32939930
33.34275520 -118.32938330
33.34276140 -118.32937230
33.34271670 -118.32933710
33.34264730 -118.32929980
33.34260940 -118.32929620
33.34261000 -118.32928840
33.34256980 -118.32927810
33.34252960 -118.32928470
33.34253050 -118.32929200
33.34249390 -118.32929090
33.34241780 -118.32931890
33.34238670 -118.32934370
33.34238170 -118.32933480
33.34234670 -118.32936260
33.34240650 -118.32946130
41 10.19999981 apartments 
33.34097400 -118.32985360
33.34096150 -118.32987170
33.34097510 -118.32988490
33.34098620 -118.32986890
33.34104080 -118.32992220
33.34103100 -118.32993640
33.34104440 -118.32994950
33.34105400 -118.32993560
33.34108870 -118.32996950
33.34110800 -118.32994150
33.34112870 -118.32996170
33.34111680 -118.32997890
33.34113370 -118.32999540
33.34113930 -118.32998720
33.34116330 -118.33001060
33.34116800 -118.33000380
33.34117800 -118.33001360
33.34122010 -118.32995240
33.34121410 -118.32994660
33.34124350 -118.32990390
33.34120530 -118.32986670
33.34121030 -118.32985940
33.34118250 -118.32983220
33.34117000 -118.32985040
33.34116250 -118.32984320
33.34114140 -118.32987390
33.34112670 -118.32985960
33.34113760 -118.32984370
33.34108510 -118.32979240
33.34107730 -118.32980370
33.34104960 -118.32977660
33.34105620 -118.32976710
33.34101570 -118.32972760
33.34102640 -118.32971200
33.34096820 -118.32965520
33.34096110 -118.32966550
33.34095020 -118.32965490
33.34088850 -118.32974460
33.34095030 -118.32980490
33.34093980 -118.32982020
33.34097400 -118.32985360
41 4.40000010 apartments 
33.34126270 -118.33040490
33.34122150 -118.33042840
33.34123260 -118.33045610
33.34121270 -118.33046740
33.34120870 -118.33045740
33.34117090 -118.33047890
33.34117920 -118.33049950
33.34116560 -118.33050720
33.34116110 -118.33049620
33.34113850 -118.33050910
33.34111300 -118.33044570
33.34113890 -118.33043090
33.34113490 -118.33042080
33.34116200 -118.33040530
33.34115760 -118.33039420
33.34119710 -118.33037170
33.34120980 -118.33040340
33.34125210 -118.33037930
33.34121510 -118.33028700
33.34117100 -118.33031210
33.34117430 -118.33032030
33.34114570 -118.33033660
33.34114220 -118.33032790
33.34111810 -118.33034160
33.34112440 -118.33035720
33.34110840 -118.33036630
33.34110480 -118.33035730
33.34107010 -118.33037700
33.34109690 -118.33044370
33.34108210 -118.33045220
33.34111200 -118.33052660
33.34109590 -118.33053580
33.34112850 -118.33061700
33.34119490 -118.33057910
33.34118750 -118.33056080
33.34123850 -118.33053170
33.34123540 -118.33052400
33.34125400 -118.33051340
33.34125710 -118.33052110
33.34129970 -118.33049690
33.34126270 -118.33040490
6 6.30000019 residential 
33.34019570 -118.33534280
33.34026810 -118.33528810
33.34019350 -118.33514810
33.34012110 -118.33520290
33.34018150 -118.33531630
33.34019570 -118.33534280
6 3.79999995 residential 
33.34419960 -118.33200040
33.34421070 -118.33199910
33.34420650 -118.33194850
33.34417810 -118.33195190
33.34418110 -118.33198670
33.34419960 -118.33200040
7 4.80000019 residential 
33.34103820 -118.32894870
33.34107790 -118.32891360
33.34101690 -118.32881460
33.34100060 -118.32878930
33.34098060 -118.32880690
33.34096080 -118.32882440
33.34103820 -118.32894870
6 2.59999990 residential 
33.34061800 -118.33284230
33.34064240 -118.33288500
33.34068790 -118.33284790
33.34068400 -118.33282680
33.34066340 -118.33280540
33.34061800 -118.33284230
6 3.50000000 residential 
33.34492950 -118.32973640
33.34492230 -118.32971950
33.34486940 -118.32975160
33.34488870 -118.32979680
33.34491730 -118.32977950
33.34492950 -118.32973640
59 12.80000019 residential 
33.34535230 -118.33036510
33.34534360 -118.33036840
33.34534960 -118.33039030
33.34535730 -118.33038730
33.34535940 -118.33039490
33.34535330 -118.33039730
33.34535970 -118.33042090
33.34536620 -118.33041840
33.34536860 -118.33042710
33.34534950 -118.33043450
33.34535290 -118.33044690
33.34534250 -118.33045090
33.34534730 -118.33046860
33.34535600 -118.33046520
33.34535680 -118.33046830
33.34534980 -118.33047100
33.34536080 -118.33051120
33.34536970 -118.33050780
33.34537050 -118.33051090
33.34544090 -118.33048360
33.34542000 -118.33040710
33.34542570 -118.33040490
33.34540900 -118.33034400
33.34541770 -118.33034060
33.34540090 -118.33027910
33.34540710 -118.33027670
33.34540090 -118.33025390
33.34542800 -118.33023240
33.34543040 -118.33023660
33.34546450 -118.33020950
33.34546340 -118.33020740
33.34548250 -118.33019210
33.34553730 -118.33024630
33.34556760 -118.33020280
33.34556630 -118.33020150
33.34557500 -118.33018900
33.34553070 -118.33014510
33.34552210 -118.33015740
33.34546410 -118.33005220
33.34539040 -118.33010990
33.34537840 -118.33008800
33.34529850 -118.33015050
33.34530430 -118.33016120
33.34532240 -118.33014700
33.34534250 -118.33018340
33.34533160 -118.33019200
33.34533350 -118.33019550
33.34530230 -118.33022000
33.34531790 -118.33024830
33.34531250 -118.33025250
33.34532590 -118.33027680
33.34533360 -118.33027080
33.34533510 -118.33027360
33.34532800 -118.33027920
33.34533360 -118.33028950
33.34532780 -118.33029150
33.34533210 -118.33030880
33.34533770 -118.33031140
33.34535230 -118.33036510
7 6.69999981 residential 
33.34339560 -118.32995910
33.34339870 -118.32995410
33.34341330 -118.32996700
33.34347200 -118.32987290
33.34335370 -118.32976800
33.34329190 -118.32986700
33.34339560 -118.32995910
7 6.30000019 residential 
33.33818060 -118.33216660
33.33820170 -118.33227200
33.33823840 -118.33226160
33.33825970 -118.33236820
33.33835230 -118.33234190
33.33831000 -118.33212990
33.33818060 -118.33216660
7 2.90000010 apartments 
33.34178880 -118.33075520
33.34180840 -118.33074410
33.34180200 -118.33072800
33.34181810 -118.33071890
33.34178880 -118.33064570
33.34175320 -118.33066590
33.34178880 -118.33075520
7 3.09999990 residential Jones Plumbing
33.34075930 -118.33530300
33.34076710 -118.33537790
33.34078770 -118.33537490
33.34079070 -118.33540360
33.34085020 -118.33539490
33.34083950 -118.33529120
33.34075930 -118.33530300
7 5.59999990 residential 
33.34561700 -118.32942870
33.34561970 -118.32943070
33.34565820 -118.32936040
33.34560980 -118.32932270
33.34552650 -118.32947440
33.34557240 -118.32951010
33.34561700 -118.32942870
7 5.59999990 residential 
33.34427900 -118.32856700
33.34418120 -118.32854160
33.34416790 -118.32861430
33.34419760 -118.32862200
33.34419640 -118.32862860
33.34426450 -118.32864630
33.34427900 -118.32856700
7 3.50000000 apartments 
33.34188780 -118.33064320
33.34194060 -118.33069250
33.34202860 -118.33055890
33.34200610 -118.33053790
33.34199390 -118.33055640
33.34196370 -118.33052810
33.34188780 -118.33064320
7 7.09999990 residential 
33.34118850 -118.32835890
33.34118490 -118.32836240
33.34119860 -118.32838260
33.34123720 -118.32834550
33.34115250 -118.32822030
33.34111750 -118.32825400
33.34118850 -118.32835890
7 4.00000000 residential 
33.33864890 -118.33245200
33.33863650 -118.33245480
33.33864130 -118.33248550
33.33861100 -118.33249230
33.33862070 -118.33255380
33.33866350 -118.33254420
33.33864890 -118.33245200
7 11.69999981 apartments 
33.34184840 -118.32902870
33.34180250 -118.32895700
33.34175420 -118.32900080
33.34172230 -118.32895100
33.34168710 -118.32898300
33.34176480 -118.32910460
33.34184840 -118.32902870
7 6.59999990 residential 
33.34137760 -118.32801720
33.34145770 -118.32813970
33.34154110 -118.32806230
33.34151240 -118.32801860
33.34151830 -118.32801310
33.34146680 -118.32793430
33.34137760 -118.32801720
7 4.00000000 residential 
33.34411760 -118.33022540
33.34406520 -118.33019380
33.34406920 -118.33018440
33.34402840 -118.33015980
33.34399180 -118.33024600
33.34408490 -118.33030220
33.34411760 -118.33022540
7 8.10000038 apartments 
33.34136190 -118.33192650
33.34144450 -118.33201020
33.34155010 -118.33186220
33.34150950 -118.33182120
33.34147500 -118.33186950
33.34143290 -118.33182690
33.34136190 -118.33192650
7 9.30000019 residential 
33.34193170 -118.32838210
33.34196830 -118.32834960
33.34195780 -118.32833280
33.34199410 -118.32830060
33.34195510 -118.32823810
33.34188210 -118.32830280
33.34193170 -118.32838210
7 8.80000019 apartments 
33.34471990 -118.33120050
33.34466870 -118.33125310
33.34480550 -118.33144200
33.34483630 -118.33141030
33.34482050 -118.33138830
33.34484080 -118.33136750
33.34471990 -118.33120050
8 5.00000000 residential 
33.34224840 -118.32766700
33.34225950 -118.32768480
33.34225010 -118.32769310
33.34227020 -118.32772540
33.34236640 -118.32764030
33.34235010 -118.32761420
33.34233510 -118.32759020
33.34224840 -118.32766700
7 5.19999981 residential 
33.34318260 -118.33064550
33.34317920 -118.33058960
33.34313930 -118.33059300
33.34313890 -118.33058710
33.34310470 -118.33059010
33.34310850 -118.33065190
33.34318260 -118.33064550
7 2.50000000 apartments 
33.34312310 -118.33044410
33.34309330 -118.33043580
33.34307640 -118.33052200
33.34307940 -118.33052280
33.34307020 -118.33056960
33.34309710 -118.33057710
33.34312310 -118.33044410
7 10.00000000 apartments 
33.34160790 -118.33188610
33.34168170 -118.33178810
33.34164220 -118.33174590
33.34160480 -118.33179550
33.34156530 -118.33175330
33.34152890 -118.33180160
33.34160790 -118.33188610
7 4.19999981 apartments 
33.34249730 -118.32818940
33.34253120 -118.32824160
33.34257080 -118.32820510
33.34256830 -118.32820120
33.34266480 -118.32811210
33.34263340 -118.32806380
33.34249730 -118.32818940
7 3.79999995 residential 
33.33878950 -118.33368860
33.33879720 -118.33371380
33.33886210 -118.33368570
33.33887260 -118.33372030
33.33892310 -118.33369840
33.33890480 -118.33363860
33.33878950 -118.33368860
7 7.40000010 residential 
33.34095820 -118.33567460
33.34090850 -118.33574600
33.34089230 -118.33573010
33.34086500 -118.33576930
33.34095600 -118.33584180
33.34102110 -118.33573670
33.34095820 -118.33567460
7 4.69999981 residential 
33.34366130 -118.33251860
33.34361190 -118.33262060
33.34362440 -118.33262920
33.34359730 -118.33268520
33.34363720 -118.33271270
33.34371370 -118.33255460
33.34366130 -118.33251860
7 7.69999981 residential 
33.34356010 -118.33217670
33.34346470 -118.33227540
33.34349610 -118.33231860
33.34351170 -118.33230240
33.34352970 -118.33232710
33.34360950 -118.33224450
33.34356010 -118.33217670
7 6.19999981 residential 
33.34290010 -118.33018590
33.34287870 -118.33013860
33.34286380 -118.33014820
33.34284780 -118.33011260
33.34278750 -118.33015120
33.34282480 -118.33023400
33.34290010 -118.33018590
7 4.00000000 apartments 
33.34502320 -118.32943310
33.34502790 -118.32944360
33.34500140 -118.32946040
33.34502130 -118.32950500
33.34510980 -118.32944900
33.34506250 -118.32940830
33.34502320 -118.32943310
7 2.59999990 residential 
33.34315680 -118.33049650
33.34316710 -118.33049920
33.34317170 -118.33047370
33.34313450 -118.33046430
33.34311790 -118.33055730
33.34314470 -118.33056410
33.34315680 -118.33049650
8 8.60000038 residential 
33.34146770 -118.32842750
33.34146590 -118.32842900
33.34144850 -118.32840180
33.34143380 -118.32841520
33.34140970 -118.32843710
33.34159280 -118.32872360
33.34163340 -118.32868680
33.34146770 -118.32842750
7 4.00000000 apartments 
33.34144740 -118.32891770
33.34139300 -118.32896770
33.34142980 -118.32902450
33.34144240 -118.32901290
33.34146060 -118.32904090
33.34150240 -118.32900250
33.34144740 -118.32891770
7 10.50000000 residential 
33.34395660 -118.33231040
33.34386860 -118.33226720
33.34382280 -118.33239960
33.34382900 -118.33240270
33.34381730 -118.33243670
33.34389900 -118.33247690
33.34395660 -118.33231040
7 4.90000010 residential 
33.34399940 -118.33110790
33.34395640 -118.33100310
33.34389250 -118.33104030
33.34389880 -118.33105550
33.34386040 -118.33107780
33.34389730 -118.33116740
33.34399940 -118.33110790
7 7.50000000 apartments 
33.34220590 -118.32828170
33.34218870 -118.32825340
33.34217580 -118.32826440
33.34215880 -118.32823620
33.34208290 -118.32830150
33.34211710 -118.32835800
33.34220590 -118.32828170
7 3.29999995 residential 
33.34044500 -118.33738080
33.34045680 -118.33738000
33.34045810 -118.33740470
33.34048480 -118.33740280
33.34047990 -118.33730790
33.34044140 -118.33731070
33.34044500 -118.33738080
7 7.30000019 apartments 
33.34492770 -118.33000600
33.34500160 -118.32996640
33.34496670 -118.32987400
33.34493640 -118.32989020
33.34493790 -118.32989410
33.34489430 -118.32991740
33.34492770 -118.33000600
7 7.69999981 residential 
33.34399180 -118.33009760
33.34410940 -118.33020000
33.34413820 -118.33015300
33.34411990 -118.33013710
33.34412480 -118.33012920
33.34402550 -118.33004270
33.34399180 -118.33009760
7 7.50000000 apartments 
33.34328560 -118.33049680
33.34333170 -118.33042380
33.34322950 -118.33033210
33.34320660 -118.33036830
33.34320280 -118.33036490
33.34317950 -118.33040170
33.34328560 -118.33049680
7 7.09999990 residential 
33.34233390 -118.32869960
33.34235620 -118.32873520
33.34235980 -118.32873200
33.34238430 -118.32877120
33.34246110 -118.32870310
33.34241420 -118.32862830
33.34233390 -118.32869960
7 2.59999990 residential 
33.34323160 -118.33160840
33.34323850 -118.33160760
33.34323600 -118.33157480
33.34317900 -118.33158110
33.34318350 -118.33163840
33.34323350 -118.33163290
33.34323160 -118.33160840
7 6.00000000 residential 
33.34206120 -118.32912920
33.34213690 -118.32905780
33.34211890 -118.32903070
33.34212360 -118.32902620
33.34206530 -118.32893840
33.34198490 -118.32901430
33.34206120 -118.32912920
8 7.59999990 residential 
33.34118100 -118.32896370
33.34122430 -118.32892440
33.34111110 -118.32874750
33.34109910 -118.32875840
33.34109000 -118.32876660
33.34106670 -118.32876160
33.34105730 -118.32877040
33.34118100 -118.32896370
7 6.30000019 residential 
33.34230710 -118.32886940
33.34234760 -118.32883340
33.34232610 -118.32879900
33.34233510 -118.32879100
33.34230270 -118.32873940
33.34225320 -118.32878350
33.34230710 -118.32886940
7 2.70000005 residential 
33.34489390 -118.33116920
33.34502200 -118.33131460
33.34505860 -118.33126880
33.34504700 -118.33125570
33.34506690 -118.33123090
33.34495030 -118.33109870
33.34489390 -118.33116920
7 3.09999990 apartments 
33.34136840 -118.32891000
33.34141170 -118.32886920
33.34138560 -118.32882990
33.34137560 -118.32883940
33.34132790 -118.32876770
33.34129470 -118.32879910
33.34136840 -118.32891000
7 6.59999990 residential 
33.33988320 -118.33240620
33.33990420 -118.33249510
33.33995130 -118.33247930
33.33996550 -118.33253940
33.34006020 -118.33250760
33.34002490 -118.33235860
33.33988320 -118.33240620
8 9.10000038 apartments 
33.34172900 -118.32769420
33.34181190 -118.32782220
33.34185410 -118.32778350
33.34186370 -118.32778810
33.34189130 -118.32776440
33.34189290 -118.32775370
33.34180840 -118.32762100
33.34172900 -118.32769420
9 11.69999981 residential 
33.34263650 -118.32860190
33.34266680 -118.32864840
33.34267290 -118.32864280
33.34272290 -118.32871970
33.34277270 -118.32867370
33.34276710 -118.32866510
33.34280710 -118.32862830
33.34273250 -118.32851340
33.34263650 -118.32860190
9 4.69999981 residential 
33.33822730 -118.33151760
33.33829240 -118.33153370
33.33830610 -118.33145520
33.33831630 -118.33145770
33.33831910 -118.33144170
33.33830940 -118.33143930
33.33831930 -118.33138260
33.33825370 -118.33136630
33.33822730 -118.33151760
9 4.00000000 residential 
33.34245430 -118.32963340
33.34234630 -118.32973200
33.34240390 -118.32982160
33.34243860 -118.32979000
33.34243400 -118.32978290
33.34244980 -118.32976850
33.34249210 -118.32983430
33.34254970 -118.32978180
33.34245430 -118.32963340
9 9.50000000 residential 
33.34498040 -118.32986080
33.34502070 -118.32995690
33.34510070 -118.32990940
33.34509070 -118.32988560
33.34511420 -118.32987170
33.34508910 -118.32981170
33.34507350 -118.32982100
33.34506830 -118.32980850
33.34498040 -118.32986080
9 4.09999990 residential 
33.34417440 -118.32841510
33.34414700 -118.32841170
33.34414760 -118.32840430
33.34412730 -118.32840180
33.34412190 -118.32846280
33.34413090 -118.32846390
33.34412650 -118.32851320
33.34416520 -118.32851800
33.34417440 -118.32841510
9 5.59999990 residential 
33.34487620 -118.32908740
33.34485800 -118.32911840
33.34484620 -118.32910860
33.34482190 -118.32914980
33.34491640 -118.32922900
33.34493720 -118.32919380
33.34493080 -118.32918850
33.34495270 -118.32915140
33.34487620 -118.32908740
9 3.79999995 residential 
33.34048830 -118.33476670
33.34051510 -118.33483100
33.34053590 -118.33481870
33.34054970 -118.33485180
33.34060760 -118.33481760
33.34059370 -118.33478400
33.34061540 -118.33477120
33.34058880 -118.33470730
33.34048830 -118.33476670
9 5.80000019 residential 
33.34154820 -118.32785900
33.34151260 -118.32789240
33.34159880 -118.32802260
33.34160960 -118.32801240
33.34161400 -118.32801900
33.34162690 -118.32800690
33.34162210 -118.32799960
33.34163390 -118.32798840
33.34154820 -118.32785900
9 3.29999995 residential 
33.34321400 -118.33147930
33.34321060 -118.33144450
33.34320850 -118.33144480
33.34320510 -118.33141020
33.34317740 -118.33141420
33.34318050 -118.33144610
33.34315770 -118.33144930
33.34316140 -118.33148680
33.34321400 -118.33147930
9 5.19999981 residential 
33.34194440 -118.32841680
33.34195140 -118.32842810
33.34194270 -118.32843580
33.34196430 -118.32847050
33.34200320 -118.32843600
33.34198370 -118.32840480
33.34198770 -118.32840130
33.34197850 -118.32838660
33.34194440 -118.32841680
9 5.80000019 residential 
33.34368250 -118.32992350
33.34362000 -118.32986790
33.34361070 -118.32988270
33.34360670 -118.32987920
33.34359060 -118.32990500
33.34357910 -118.32989480
33.34355870 -118.32992740
33.34363660 -118.32999670
33.34368250 -118.32992350
9 9.60000038 residential 
33.34341750 -118.32945160
33.34348660 -118.32939850
33.34344890 -118.32932890
33.34344270 -118.32933370
33.34340270 -118.32925990
33.34334590 -118.32930360
33.34335230 -118.32931560
33.34334640 -118.32932020
33.34341750 -118.32945160
9 9.60000038 apartments 
33.34112620 -118.33170770
33.34106670 -118.33173500
33.34107830 -118.33177070
33.34101630 -118.33179930
33.34106400 -118.33194630
33.34112640 -118.33191760
33.34111460 -118.33188100
33.34117360 -118.33185380
33.34112620 -118.33170770
9 10.00000000 apartments 
33.34189880 -118.32910110
33.34182090 -118.32917280
33.34186540 -118.32924150
33.34185670 -118.32924940
33.34189450 -118.32930780
33.34194490 -118.32926150
33.34194280 -118.32925830
33.34197900 -118.32922490
33.34189880 -118.32910110
9 4.00000000 residential 
33.34407300 -118.33055520
33.34405750 -118.33058890
33.34406440 -118.33059340
33.34404290 -118.33063990
33.34411810 -118.33068910
33.34414240 -118.33063640
33.34415500 -118.33064470
33.34416770 -118.33061710
33.34407300 -118.33055520
9 2.70000005 residential 
33.34491840 -118.33097320
33.34503670 -118.33110850
33.34504010 -118.33110440
33.34504990 -118.33111560
33.34508290 -118.33107470
33.34507080 -118.33106090
33.34509190 -118.33103470
33.34497580 -118.33090190
33.34491840 -118.33097320
9 7.30000019 residential 
33.34397550 -118.33025910
33.34396930 -118.33026920
33.34395940 -118.33026060
33.34394060 -118.33029150
33.34391860 -118.33027250
33.34388960 -118.33032020
33.34401340 -118.33042700
33.34406730 -118.33033840
33.34397550 -118.33025910
9 8.89999962 apartments 
33.34085660 -118.33171370
33.34090730 -118.33176670
33.34094990 -118.33170890
33.34099860 -118.33176000
33.34112730 -118.33158550
33.34107810 -118.33153390
33.34103400 -118.33159380
33.34098380 -118.33154120
33.34085660 -118.33171370
9 10.19999981 apartments 
33.34362810 -118.33001370
33.34349160 -118.32989470
33.34348940 -118.32989820
33.34347370 -118.32988450
33.34342460 -118.32996440
33.34343980 -118.32997760
33.34343670 -118.32998260
33.34357390 -118.33010210
33.34362810 -118.33001370
9 8.00000000 residential 
33.34202440 -118.32885940
33.34206280 -118.32882520
33.34204610 -118.32879860
33.34205370 -118.32879180
33.34202840 -118.32875150
33.34201680 -118.32876180
33.34197660 -118.32869780
33.34194210 -118.32872850
33.34202440 -118.32885940
9 5.00000000 residential 
33.34157430 -118.33117970
33.34150080 -118.33121790
33.34154750 -118.33134540
33.34156510 -118.33133620
33.34156750 -118.33134270
33.34160180 -118.33132490
33.34160700 -118.33133930
33.34162860 -118.33132800
33.34157430 -118.33117970
9 6.40000010 residential 
33.34293540 -118.33070260
33.34292730 -118.33065030
33.34288300 -118.33066010
33.34288240 -118.33065600
33.34286010 -118.33066090
33.34286240 -118.33067580
33.34285050 -118.33067840
33.34285690 -118.33072000
33.34293540 -118.33070260
9 7.50000000 residential 
33.34409230 -118.32813580
33.34402140 -118.32810810
33.34400350 -118.32817330
33.34400450 -118.32817370
33.34398300 -118.32825170
33.34401260 -118.32826330
33.34400630 -118.32828620
33.34404670 -118.32830190
33.34409230 -118.32813580
9 8.10000038 residential 
33.33909870 -118.33183790
33.33922610 -118.33180160
33.33921410 -118.33174150
33.33926560 -118.33172690
33.33925050 -118.33165120
33.33919700 -118.33166640
33.33918580 -118.33161030
33.33906030 -118.33164600
33.33909870 -118.33183790
9 9.89999962 apartments 
33.34125820 -118.33198420
33.34130980 -118.33196040
33.34129080 -118.33190150
33.34134120 -118.33187830
33.34132080 -118.33181520
33.34126880 -118.33183920
33.34124880 -118.33177740
33.34119860 -118.33180050
33.34125820 -118.33198420
9 7.19999981 residential 
33.34645630 -118.32902890
33.34647040 -118.32911990
33.34648000 -118.32911780
33.34648180 -118.32912890
33.34656590 -118.32911040
33.34656260 -118.32908850
33.34657870 -118.32908500
33.34656630 -118.32900470
33.34645630 -118.32902890
9 7.40000010 residential 
33.34386950 -118.33138900
33.34396080 -118.33140570
33.34396520 -118.33137210
33.34395000 -118.33136930
33.34395470 -118.33133260
33.34394710 -118.33133120
33.34395390 -118.33127840
33.34388540 -118.33126580
33.34386950 -118.33138900
9 9.69999981 residential 
33.34049780 -118.33612710
33.34069480 -118.33609060
33.34067210 -118.33591700
33.34069180 -118.33591340
33.34068840 -118.33588690
33.34067030 -118.33589030
33.34065300 -118.33575850
33.34045440 -118.33579540
33.34049780 -118.33612710
9 3.09999990 residential 
33.34321370 -118.33017750
33.34323020 -118.33019150
33.34323660 -118.33018090
33.34326640 -118.33020630
33.34333460 -118.33009230
33.34330120 -118.33006390
33.34330850 -118.33005170
33.34329560 -118.33004060
33.34321370 -118.33017750
9 8.69999981 residential 
33.34411970 -118.32863960
33.34410830 -118.32870030
33.34410050 -118.32869820
33.34409090 -118.32874930
33.34410010 -118.32875180
33.34410100 -118.32874740
33.34420010 -118.32877380
33.34422020 -118.32866640
33.34411970 -118.32863960
9 5.40000010 residential 
33.34319770 -118.33065870
33.34320740 -118.33075990
33.34318880 -118.33076240
33.34319300 -118.33080600
33.34329720 -118.33079190
33.34329260 -118.33074350
33.34331880 -118.33074000
33.34330960 -118.33064350
33.34319770 -118.33065870
9 10.00000000 residential 
33.34634640 -118.33003520
33.34627460 -118.33015420
33.34625150 -118.33016030
33.34623460 -118.33019200
33.34623940 -118.33021860
33.34623480 -118.33022670
33.34628130 -118.33026360
33.34638870 -118.33007140
33.34634640 -118.33003520
9 7.50000000 residential 
33.34307480 -118.33104230
33.34308850 -118.33103900
33.34307150 -118.33093910
33.34296900 -118.33096380
33.34298000 -118.33102890
33.34297620 -118.33102980
33.34298510 -118.33108220
33.34307770 -118.33105980
33.34307480 -118.33104230
9 6.30000019 residential 
33.34418580 -118.32833010
33.34417280 -118.32840320
33.34425370 -118.32842360
33.34425140 -118.32843630
33.34426600 -118.32843990
33.34426800 -118.32842860
33.34429860 -118.32843630
33.34431180 -118.32836180
33.34418580 -118.32833010
9 3.59999990 residential 
33.33996020 -118.33544650
33.33992820 -118.33539700
33.33993170 -118.33539370
33.33989900 -118.33534300
33.33986550 -118.33537370
33.33989840 -118.33542470
33.33988490 -118.33543710
33.33991670 -118.33548640
33.33996020 -118.33544650
9 5.59999990 residential 
33.34171830 -118.33147690
33.34169450 -118.33149670
33.34170160 -118.33150880
33.34168420 -118.33152330
33.34174370 -118.33162440
33.34176720 -118.33160480
33.34177570 -118.33161930
33.34179340 -118.33160450
33.34171830 -118.33147690
9 9.39999962 residential 
33.33984520 -118.33141260
33.33979740 -118.33138270
33.33980300 -118.33136980
33.33976300 -118.33134480
33.33975750 -118.33135740
33.33973010 -118.33134030
33.33965370 -118.33151420
33.33976900 -118.33158610
33.33984520 -118.33141260
9 9.10000038 residential 
33.34080860 -118.33144630
33.34072190 -118.33156240
33.34073900 -118.33158050
33.34072290 -118.33160200
33.34078620 -118.33166910
33.34080260 -118.33164720
33.34082120 -118.33166690
33.34090760 -118.33155120
33.34080860 -118.33144630
9 4.69999981 residential 
33.34164830 -118.33134060
33.34162770 -118.33135410
33.34163410 -118.33136770
33.34161150 -118.33138250
33.34166180 -118.33149100
33.34168970 -118.33147260
33.34169460 -118.33148310
33.34170970 -118.33147320
33.34164830 -118.33134060
9 7.40000010 residential 
33.34239070 -118.32900700
33.34245250 -118.32895360
33.34240520 -118.32887580
33.34241900 -118.32886390
33.34240010 -118.32883280
33.34238500 -118.32884580
33.34237740 -118.32883330
33.34231690 -118.32888550
33.34239070 -118.32900700
9 4.59999990 residential 
33.34314600 -118.33112390
33.34315880 -118.33124470
33.34328990 -118.33122490
33.34329200 -118.33124470
33.34335810 -118.33123470
33.34335140 -118.33117180
33.34337690 -118.33116800
33.34336870 -118.33109030
33.34314600 -118.33112390
9 15.10000038 residential 
33.33496880 -118.33273930
33.33494940 -118.33285250
33.33500330 -118.33294020
33.33509510 -118.33296810
33.33517310 -118.33290670
33.33519420 -118.33279450
33.33514230 -118.33269730
33.33504800 -118.33267650
33.33496880 -118.33273930
9 3.20000005 residential 
33.34407100 -118.32859890
33.34404950 -118.32871850
33.34408870 -118.32872840
33.34409870 -118.32867260
33.34409300 -118.32867110
33.34410010 -118.32863120
33.34412170 -118.32863670
33.34412600 -118.32861290
33.34407100 -118.32859890
9 9.10000038 residential 
33.34191220 -118.32955990
33.34191950 -118.32957170
33.34181940 -118.32965980
33.34180420 -118.32963530
33.34176460 -118.32967020
33.34183740 -118.32978780
33.34205880 -118.32959300
33.34199380 -118.32948810
33.34191220 -118.32955990
10 8.10000038 apartments 
33.34187500 -118.32809820
33.34186600 -118.32810620
33.34184480 -118.32807220
33.34184160 -118.32807510
33.34183500 -118.32806460
33.34180640 -118.32809000
33.34177040 -118.32812180
33.34187500 -118.32828960
33.34195190 -118.32822150
33.34187500 -118.32809820
9 4.50000000 residential 
33.34109870 -118.32833580
33.34109720 -118.32833710
33.34107440 -118.32830080
33.34104970 -118.32832270
33.34104720 -118.32831870
33.34102660 -118.32833720
33.34110760 -118.32846620
33.34115440 -118.32842450
33.34109870 -118.32833580
9 7.30000019 residential 
33.34334030 -118.33096090
33.34326490 -118.33096900
33.34326450 -118.33096460
33.34317560 -118.33097420
33.34318490 -118.33109760
33.34327450 -118.33108800
33.34327430 -118.33108550
33.34334910 -118.33107750
33.34334030 -118.33096090
9 4.80000019 residential 
33.34338610 -118.33140540
33.34338220 -118.33136050
33.34338840 -118.33135970
33.34338400 -118.33130870
33.34321020 -118.33133000
33.34321630 -118.33140070
33.34323780 -118.33139810
33.34323990 -118.33142320
33.34338610 -118.33140540
10 2.90000010 residential 
33.34039570 -118.33548840
33.34039680 -118.33545790
33.34043360 -118.33545980
33.34042160 -118.33537860
33.34037830 -118.33538010
33.34034950 -118.33537770
33.34029810 -118.33545450
33.34028460 -118.33545520
33.34028530 -118.33548260
33.34039570 -118.33548840
10 9.00000000 apartments 
33.34187290 -118.32848520
33.34184160 -118.32843810
33.34183180 -118.32844740
33.34182070 -118.32843060
33.34175990 -118.32848790
33.34180400 -118.32855430
33.34186170 -118.32849980
33.34186010 -118.32849740
33.34186710 -118.32849070
33.34187290 -118.32848520
11 11.60000038 commercial 
33.34213920 -118.32791390
33.34213180 -118.32792060
33.34220170 -118.32803070
33.34226740 -118.32797150
33.34219870 -118.32786330
33.34219170 -118.32786960
33.34213060 -118.32777340
33.34210600 -118.32779560
33.34207940 -118.32781950
33.34211020 -118.32786810
33.34213920 -118.32791390
19 3.40000010 residential 
33.33070590 -118.30959430
33.33070520 -118.30958400
33.33070220 -118.30957520
33.33069750 -118.30956800
33.33069000 -118.30956380
33.33068030 -118.30956010
33.33067180 -118.30956140
33.33066390 -118.30956450
33.33066010 -118.30956960
33.33065580 -118.30957860
33.33065310 -118.30959270
33.33065570 -118.30960370
33.33066110 -118.30961300
33.33066750 -118.30961800
33.33067540 -118.30962050
33.33068830 -118.30961820
33.33069680 -118.30961520
33.33070350 -118.30960580
33.33070590 -118.30959430
21 2.40000010 residential 
33.32921990 -118.30862320
33.32921290 -118.30863270
33.32920920 -118.30864440
33.32920900 -118.30865700
33.32921030 -118.30866320
33.32921250 -118.30866890
33.32921910 -118.30867870
33.32922820 -118.30868520
33.32923860 -118.30868760
33.32924900 -118.30868560
33.32925830 -118.30867950
33.32926520 -118.30866990
33.32926750 -118.30866430
33.32926950 -118.30865190
33.32926780 -118.30863950
33.32926570 -118.30863370
33.32925900 -118.30862390
33.32924990 -118.30861740
33.32923960 -118.30861510
33.32922910 -118.30861700
33.32921990 -118.30862320
30 6.09999990 residential 
33.33243430 -118.30961350
33.33243330 -118.30962020
33.33243360 -118.30962500
33.33243640 -118.30963320
33.33244660 -118.30963880
33.33245190 -118.30963910
33.33245940 -118.30963260
33.33246120 -118.30962870
33.33246160 -118.30961660
33.33245950 -118.30961040
33.33247180 -118.30960440
33.33247370 -118.30961010
33.33248540 -118.30961500
33.33249180 -118.30961430
33.33249710 -118.30961170
33.33250030 -118.30960690
33.33250180 -118.30959820
33.33250040 -118.30958990
33.33249790 -118.30958650
33.33249170 -118.30958180
33.33248370 -118.30958030
33.33247790 -118.30958320
33.33247330 -118.30958710
33.33246970 -118.30959550
33.33247110 -118.30960030
33.33245690 -118.30960610
33.33244490 -118.30960380
33.33244140 -118.30960450
33.33243690 -118.30960770
33.33243430 -118.30961350
37 7.50000000 residential 
33.33297310 -118.30976770
33.33296660 -118.30977180
33.33296080 -118.30977720
33.33295590 -118.30978360
33.33295200 -118.30979100
33.33294930 -118.30979910
33.33294770 -118.30980760
33.33294740 -118.30981630
33.33294840 -118.30982500
33.33295070 -118.30983330
33.33295410 -118.30984110
33.33295860 -118.30984790
33.33296410 -118.30985380
33.33297030 -118.30985840
33.33297700 -118.30986170
33.33298420 -118.30986350
33.33299150 -118.30986390
33.33299880 -118.30986270
33.33300580 -118.30986000
33.33301220 -118.30985590
33.33301800 -118.30985050
33.33302290 -118.30984410
33.33302680 -118.30983670
33.33302960 -118.30982860
33.33303110 -118.30982010
33.33303140 -118.30981130
33.33303040 -118.30980270
33.33302820 -118.30979440
33.33302470 -118.30978660
33.33302020 -118.30977980
33.33301480 -118.30977390
33.33300860 -118.30976930
33.33300180 -118.30976600
33.33299460 -118.30976410
33.33298730 -118.30976380
33.33298010 -118.30976500
33.33297310 -118.30976770
37 7.40000010 residential 
33.33302870 -118.30959850
33.33302200 -118.30960190
33.33301590 -118.30960660
33.33301060 -118.30961250
33.33300620 -118.30961950
33.33300290 -118.30962720
33.33300080 -118.30963540
33.33300000 -118.30964400
33.33300040 -118.30965270
33.33300200 -118.30966110
33.33300480 -118.30966910
33.33300880 -118.30967630
33.33301380 -118.30968260
33.33301960 -118.30968780
33.33302610 -118.30969170
33.33303300 -118.30969420
33.33304020 -118.30969530
33.33304740 -118.30969490
33.33305450 -118.30969290
33.33306120 -118.30968950
33.33306730 -118.30968480
33.33307260 -118.30967890
33.33307700 -118.30967200
33.33308030 -118.30966420
33.33308240 -118.30965600
33.33308320 -118.30964740
33.33308280 -118.30963880
33.33308120 -118.30963030
33.33307840 -118.30962240
33.33307440 -118.30961510
33.33306950 -118.30960880
33.33306360 -118.30960360
33.33305720 -118.30959970
33.33305020 -118.30959720
33.33304300 -118.30959610
33.33303580 -118.30959660
33.33302870 -118.30959850
11 2.90000010 industrial 
33.33424540 -118.31107110
33.33428980 -118.31109100
33.33428510 -118.31110560
33.33433830 -118.31112940
33.33435390 -118.31108000
33.33434390 -118.31107540
33.33434780 -118.31106310
33.33430630 -118.31104440
33.33431160 -118.31102770
33.33426570 -118.31100710
33.33424540 -118.31107110
11 3.79999995 residential 
33.33482230 -118.31226770
33.33482790 -118.31227000
33.33481850 -118.31230340
33.33483730 -118.31231090
33.33484070 -118.31229900
33.33488010 -118.31231470
33.33488680 -118.31229080
33.33489030 -118.31229220
33.33492100 -118.31218300
33.33485370 -118.31215610
33.33482230 -118.31226770
11 2.50000000 industrial 
33.32875770 -118.30880600
33.32874490 -118.30886960
33.32878830 -118.30888210
33.32879070 -118.30886960
33.32881140 -118.30887550
33.32880910 -118.30888720
33.32889430 -118.30891160
33.32888970 -118.30893450
33.32891300 -118.30894110
33.32893030 -118.30885540
33.32875770 -118.30880600
11 4.59999990 industrial 
33.33248550 -118.30972680
33.33246860 -118.30970820
33.33248050 -118.30969300
33.33243840 -118.30964650
33.33243530 -118.30965040
33.33241350 -118.30962630
33.33236730 -118.30966740
33.33239640 -118.30970040
33.33239320 -118.30970430
33.33246830 -118.30978940
33.33248550 -118.30972680
12 4.09999990 residential 
33.33449420 -118.31240740
33.33449260 -118.31241250
33.33447520 -118.31240450
33.33446720 -118.31242920
33.33448400 -118.31243700
33.33447240 -118.31247270
33.33450560 -118.31248790
33.33451030 -118.31247350
33.33456740 -118.31249980
33.33458400 -118.31244870
33.33449970 -118.31240900
33.33449420 -118.31240740
13 4.59999990 residential 
33.33502540 -118.31222200
33.33494810 -118.31219610
33.33491720 -118.31232710
33.33492470 -118.31232960
33.33492210 -118.31234040
33.33493270 -118.31234400
33.33492670 -118.31236950
33.33495920 -118.31238040
33.33496770 -118.31234460
33.33497710 -118.31234770
33.33498380 -118.31231930
33.33500100 -118.31232510
33.33502540 -118.31222200
13 2.70000005 industrial 
33.33313540 -118.30995140
33.33313400 -118.30995930
33.33313490 -118.30996490
33.33313950 -118.30997050
33.33314350 -118.30997290
33.33315090 -118.30997340
33.33328880 -118.30987170
33.33329050 -118.30986180
33.33329060 -118.30985660
33.33328860 -118.30985110
33.33328530 -118.30984740
33.33328070 -118.30984620
33.33313540 -118.30995140
13 2.40000010 residential 
33.33449320 -118.31306130
33.33450420 -118.31306640
33.33449130 -118.31310580
33.33454320 -118.31313000
33.33455250 -118.31310160
33.33458510 -118.31311680
33.33461020 -118.31304010
33.33456900 -118.31302090
33.33457120 -118.31301440
33.33455140 -118.31300520
33.33454930 -118.31301170
33.33451470 -118.31299560
33.33449320 -118.31306130
13 2.70000005 industrial 
33.33317640 -118.31002810
33.33317470 -118.31003530
33.33317500 -118.31004120
33.33317660 -118.31004680
33.33318120 -118.31005050
33.33319120 -118.31005290
33.33332880 -118.30995200
33.33333080 -118.30994770
33.33333190 -118.30993540
33.33333000 -118.30992900
33.33332640 -118.30992580
33.33332070 -118.30992490
33.33317640 -118.31002810
13 7.09999990 industrial 
33.33470380 -118.31148750
33.33472830 -118.31150220
33.33471920 -118.31152360
33.33475190 -118.31154320
33.33476050 -118.31152270
33.33486220 -118.31158360
33.33484660 -118.31162070
33.33493840 -118.31167570
33.33495410 -118.31163850
33.33495060 -118.31163650
33.33507580 -118.31133990
33.33482850 -118.31119190
33.33470380 -118.31148750
13 2.70000005 residential 
33.33455440 -118.31298160
33.33455120 -118.31299170
33.33458310 -118.31300580
33.33458600 -118.31299630
33.33461770 -118.31301030
33.33464370 -118.31292660
33.33455070 -118.31288560
33.33453130 -118.31294790
33.33452460 -118.31294500
33.33452050 -118.31295820
33.33452660 -118.31296090
33.33452430 -118.31296830
33.33455440 -118.31298160
13 3.00000000 industrial 
33.33435770 -118.31064040
33.33435210 -118.31063830
33.33434440 -118.31066770
33.33435170 -118.31067030
33.33434510 -118.31069560
33.33445260 -118.31073530
33.33446710 -118.31067940
33.33440790 -118.31065760
33.33442490 -118.31059230
33.33447930 -118.31061250
33.33448850 -118.31057710
33.33438430 -118.31053850
33.33435770 -118.31064040
13 3.90000010 residential 
33.33441650 -118.31263270
33.33441330 -118.31264270
33.33437870 -118.31262700
33.33437030 -118.31265330
33.33438470 -118.31265980
33.33438160 -118.31266950
33.33440150 -118.31267850
33.33439510 -118.31269850
33.33444350 -118.31272040
33.33444630 -118.31271160
33.33449730 -118.31273470
33.33451550 -118.31267760
33.33441650 -118.31263270
13 4.00000000 industrial 
33.33680990 -118.31220120
33.33678660 -118.31218940
33.33679820 -118.31215640
33.33681850 -118.31216660
33.33686120 -118.31204590
33.33706870 -118.31193230
33.33704440 -118.31186920
33.33683720 -118.31198250
33.33676550 -118.31219730
33.33677020 -118.31221100
33.33669850 -118.31243100
33.33671440 -118.31247090
33.33680990 -118.31220120
13 3.09999990 residential 
33.33438030 -118.31313040
33.33439630 -118.31307760
33.33440220 -118.31308020
33.33440690 -118.31306450
33.33440160 -118.31306220
33.33440370 -118.31305520
33.33435680 -118.31303500
33.33435970 -118.31302560
33.33434290 -118.31301840
33.33433960 -118.31302930
33.33430620 -118.31301490
33.33428380 -118.31308890
33.33438030 -118.31313040
14 2.70000005 industrial 
33.33315440 -118.30998970
33.33315370 -118.30999570
33.33315460 -118.31000290
33.33315690 -118.31000800
33.33316290 -118.31001210
33.33316890 -118.31001340
33.33317320 -118.31001220
33.33330810 -118.30991290
33.33331220 -118.30990260
33.33331190 -118.30989540
33.33331000 -118.30989020
33.33330700 -118.30988740
33.33330030 -118.30988620
33.33315440 -118.30998970
14 2.70000005 residential 
33.33319610 -118.31006770
33.33319510 -118.31007490
33.33319600 -118.31008320
33.33319760 -118.31008720
33.33320290 -118.31009090
33.33320860 -118.31009170
33.33321460 -118.31009020
33.33334950 -118.30999040
33.33335290 -118.30998010
33.33335260 -118.30997420
33.33335100 -118.30996940
33.33334800 -118.30996500
33.33334040 -118.30996330
33.33319610 -118.31006770
14 4.30000019 residential Buffalo Nickel Restaurant
33.33636290 -118.31230430
33.33642100 -118.31233240
33.33644060 -118.31227470
33.33645520 -118.31228180
33.33646640 -118.31227070
33.33647730 -118.31223690
33.33648810 -118.31224180
33.33649870 -118.31220890
33.33649000 -118.31218270
33.33642080 -118.31215040
33.33640250 -118.31215930
33.33637210 -118.31224380
33.33638210 -118.31224780
33.33636290 -118.31230430
15 3.20000005 industrial 
33.33485620 -118.31116770
33.33485830 -118.31116260
33.33500130 -118.31124900
33.33504520 -118.31114580
33.33498460 -118.31110930
33.33498030 -118.31111940
33.33492510 -118.31108610
33.33490400 -118.31113570
33.33488820 -118.31112620
33.33487990 -118.31114570
33.33486720 -118.31113800
33.33486570 -118.31114150
33.33481810 -118.31111280
33.33480730 -118.31113820
33.33485620 -118.31116770
15 5.40000010 industrial 
33.33498570 -118.31090910
33.33498970 -118.31089900
33.33496490 -118.31088480
33.33493240 -118.31096520
33.33490780 -118.31095110
33.33488280 -118.31101300
33.33489820 -118.31102180
33.33488430 -118.31105630
33.33496960 -118.31110510
33.33498030 -118.31107880
33.33494910 -118.31106090
33.33497750 -118.31099050
33.33500050 -118.31100370
33.33502870 -118.31093370
33.33498570 -118.31090910
15 3.70000005 residential 
33.33475010 -118.31187460
33.33467950 -118.31184010
33.33465160 -118.31192110
33.33462130 -118.31190630
33.33460820 -118.31194420
33.33461290 -118.31194640
33.33460790 -118.31196090
33.33461280 -118.31196330
33.33461140 -118.31196740
33.33462390 -118.31197360
33.33463040 -118.31195480
33.33463940 -118.31195920
33.33463800 -118.31196320
33.33470780 -118.31199740
33.33475010 -118.31187460
17 6.59999990 industrial 
33.33545430 -118.31193770
33.33543880 -118.31192800
33.33543480 -118.31193700
33.33542060 -118.31192810
33.33540380 -118.31196610
33.33547840 -118.31201310
33.33548790 -118.31199160
33.33556170 -118.31203800
33.33557190 -118.31201500
33.33562530 -118.31204860
33.33570930 -118.31185900
33.33572470 -118.31186870
33.33574890 -118.31181410
33.33573400 -118.31180470
33.33581840 -118.31161410
33.33564580 -118.31150550
33.33545430 -118.31193770
17 2.90000010 residential 
33.33461390 -118.31269360
33.33460590 -118.31271860
33.33460000 -118.31271590
33.33459510 -118.31273110
33.33460130 -118.31273390
33.33459430 -118.31275570
33.33460170 -118.31275910
33.33459990 -118.31276470
33.33465260 -118.31278860
33.33465600 -118.31277790
33.33466460 -118.31278170
33.33466070 -118.31279400
33.33467700 -118.31280140
33.33467870 -118.31279590
33.33471820 -118.31281390
33.33473860 -118.31275020
33.33461390 -118.31269360
19 7.59999990 residential 
33.32936790 -118.30865490
33.32948430 -118.30869610
33.32946540 -118.30877170
33.32983030 -118.30890090
33.32984990 -118.30882270
33.32986130 -118.30882670
33.32992530 -118.30857030
33.32995070 -118.30857930
33.32998000 -118.30846170
33.32990920 -118.30843660
33.32990460 -118.30845510
33.32974860 -118.30839980
33.32973910 -118.30843810
33.32969760 -118.30842340
33.32970700 -118.30838570
33.32963280 -118.30835940
33.32962090 -118.30840690
33.32944530 -118.30834480
33.32936790 -118.30865490
19 5.00000000 industrial 
33.33511280 -118.31083760
33.33509100 -118.31089500
33.33506700 -118.31088200
33.33501650 -118.31101450
33.33498760 -118.31099890
33.33498180 -118.31101430
33.33501080 -118.31103000
33.33498340 -118.31110180
33.33505210 -118.31113890
33.33507710 -118.31107320
33.33507380 -118.31107140
33.33508040 -118.31105380
33.33513860 -118.31108520
33.33516390 -118.31101880
33.33510440 -118.31098660
33.33512390 -118.31093550
33.33518550 -118.31096880
33.33521450 -118.31089260
33.33511280 -118.31083760
19 4.09999990 residential 
33.33465220 -118.31257030
33.33462360 -118.31265400
33.33464460 -118.31266410
33.33464830 -118.31265340
33.33465630 -118.31265720
33.33466200 -118.31264050
33.33467240 -118.31264550
33.33467040 -118.31265140
33.33467520 -118.31265370
33.33466750 -118.31267640
33.33468620 -118.31268550
33.33469440 -118.31266140
33.33471720 -118.31267250
33.33471900 -118.31266720
33.33475880 -118.31268650
33.33476070 -118.31268080
33.33480650 -118.31270290
33.33482350 -118.31265310
33.33465220 -118.31257030
21 6.19999981 residential 
33.33315330 -118.31051950
33.33315620 -118.31052520
33.33313650 -118.31053970
33.33316000 -118.31058510
33.33318160 -118.31056920
33.33317700 -118.31056020
33.33329770 -118.31047190
33.33327630 -118.31043050
33.33333750 -118.31038580
33.33328210 -118.31027840
33.33330280 -118.31026330
33.33329140 -118.31024130
33.33327060 -118.31025660
33.33326460 -118.31024510
33.33305740 -118.31039670
33.33305500 -118.31039190
33.33303140 -118.31040920
33.33304440 -118.31043450
33.33301220 -118.31045810
33.33307390 -118.31057760
33.33315330 -118.31051950
23 4.40000010 industrial 
33.33645060 -118.31110810
33.33640590 -118.31107950
33.33640750 -118.31107590
33.33633190 -118.31102760
33.33634360 -118.31100160
33.33629570 -118.31097100
33.33628480 -118.31099530
33.33628240 -118.31099380
33.33627220 -118.31101640
33.33625170 -118.31100330
33.33623120 -118.31104890
33.33621680 -118.31103970
33.33617680 -118.31112870
33.33617870 -118.31112990
33.33616500 -118.31116020
33.33619670 -118.31118050
33.33617350 -118.31123200
33.33622780 -118.31126680
33.33626600 -118.31118190
33.33633830 -118.31122810
33.33634000 -118.31122430
33.33638520 -118.31125320
33.33645060 -118.31110810
5 2.59999990 residential 
33.33402920 -118.31091610
33.33407640 -118.31093230
33.33410700 -118.31080610
33.33405990 -118.31078980
33.33402920 -118.31091610
5 3.79999995 industrial 
33.33189560 -118.31055390
33.33192880 -118.31054590
33.33191440 -118.31046120
33.33188470 -118.31049010
33.33189560 -118.31055390
5 4.50000000 residential 
33.33383710 -118.31005900
33.33395710 -118.31012670
33.33397130 -118.31009100
33.33385130 -118.31002340
33.33383710 -118.31005900
5 2.70000005 industrial 
33.33486480 -118.31089240
33.33488410 -118.31090410
33.33493300 -118.31078920
33.33491370 -118.31077750
33.33486480 -118.31089240
5 7.59999990 industrial 
33.33151920 -118.31139840
33.33160850 -118.31146930
33.33173210 -118.31124800
33.33164280 -118.31117710
33.33151920 -118.31139840
5 2.50000000 industrial 
33.33526640 -118.31105760
33.33530090 -118.31107810
33.33536420 -118.31092630
33.33532970 -118.31090590
33.33526640 -118.31105760
5 4.30000019 industrial 
33.33218300 -118.31047650
33.33213530 -118.31038650
33.33201690 -118.31047550
33.33206470 -118.31056560
33.33218300 -118.31047650
5 4.00000000 industrial 
33.33232810 -118.30982270
33.33235680 -118.30980310
33.33231590 -118.30971810
33.33228720 -118.30973770
33.33232810 -118.30982270
5 3.09999990 industrial 
33.33422480 -118.31089710
33.33418900 -118.31102760
33.33424280 -118.31104850
33.33427860 -118.31091810
33.33422480 -118.31089710
5 3.09999990 industrial 
33.33194560 -118.31009550
33.33197990 -118.31014460
33.33213960 -118.30998620
33.33210530 -118.30993720
33.33194560 -118.31009550
5 3.09999990 industrial 
33.33213530 -118.30984900
33.33219110 -118.30992980
33.33222880 -118.30989290
33.33219750 -118.30978790
33.33213530 -118.30984900
5 2.50000000 industrial 
33.33477120 -118.31111670
33.33480290 -118.31113330
33.33481930 -118.31108880
33.33478760 -118.31107220
33.33477120 -118.31111670
5 2.50000000 residential 
33.33476400 -118.31041810
33.33479550 -118.31042980
33.33481190 -118.31036760
33.33478040 -118.31035590
33.33476400 -118.31041810
5 7.69999981 industrial 
33.33224620 -118.31030370
33.33220060 -118.31033720
33.33224330 -118.31041990
33.33228900 -118.31038640
33.33224620 -118.31030370
5 2.50000000 residential 
33.33397490 -118.31089110
33.33402140 -118.31090730
33.33405250 -118.31078040
33.33400600 -118.31076420
33.33397490 -118.31089110
5 2.70000005 industrial 
33.33513650 -118.31097260
33.33512730 -118.31099510
33.33522700 -118.31105270
33.33523620 -118.31103020
33.33513650 -118.31097260
5 2.50000000 industrial 
33.33497140 -118.31126810
33.33498210 -118.31124230
33.33488370 -118.31118420
33.33487300 -118.31121000
33.33497140 -118.31126810
5 2.70000005 industrial 
33.33466970 -118.31290290
33.33465890 -118.31294000
33.33469630 -118.31295530
33.33470700 -118.31291820
33.33466970 -118.31290290
5 2.59999990 industrial 
33.33508340 -118.31152580
33.33510240 -118.31153660
33.33514870 -118.31142090
33.33512970 -118.31141010
33.33508340 -118.31152580
5 2.70000005 industrial 
33.33484820 -118.31048760
33.33489520 -118.31051770
33.33491130 -118.31048200
33.33486430 -118.31045180
33.33484820 -118.31048760
5 3.20000005 industrial 
33.33531240 -118.31083010
33.33525290 -118.31079780
33.33518850 -118.31096590
33.33524800 -118.31099830
33.33531240 -118.31083010
5 2.70000005 industrial 
33.33510580 -118.31217460
33.33512520 -118.31220670
33.33517330 -118.31216530
33.33515390 -118.31213330
33.33510580 -118.31217460
5 3.09999990 industrial 
33.33041730 -118.31119910
33.33040510 -118.31113630
33.33031770 -118.31116050
33.33033000 -118.31122330
33.33041730 -118.31119910
5 2.50000000 industrial 
33.32895860 -118.30892680
33.32898060 -118.30893440
33.32901140 -118.30880720
33.32898940 -118.30879960
33.32895860 -118.30892680
5 2.90000010 industrial 
33.33430040 -118.31087270
33.33440660 -118.31090830
33.33441950 -118.31085330
33.33431340 -118.31081780
33.33430040 -118.31087270
5 3.00000000 residential 
33.33387460 -118.31080730
33.33392760 -118.31082740
33.33406360 -118.31031940
33.33401060 -118.31029930
33.33387460 -118.31080730
5 3.40000010 industrial 
33.32888880 -118.30834560
33.32887520 -118.30840510
33.32897520 -118.30843760
33.32898880 -118.30837820
33.32888880 -118.30834560
5 2.50000000 industrial 
33.33543660 -118.31090660
33.33541030 -118.31096470
33.33554590 -118.31105190
33.33557220 -118.31099390
33.33543660 -118.31090660
5 4.40000010 industrial 
33.33219590 -118.31034850
33.33214270 -118.31038760
33.33218700 -118.31047320
33.33224020 -118.31043410
33.33219590 -118.31034850
5 2.50000000 industrial 
33.33522610 -118.31085590
33.33524840 -118.31079610
33.33496700 -118.31064740
33.33494470 -118.31070720
33.33522610 -118.31085590
5 4.69999981 industrial 
33.33546920 -118.31122890
33.33538930 -118.31117730
33.33529510 -118.31138450
33.33537510 -118.31143610
33.33546920 -118.31122890
5 2.59999990 industrial 
33.33508420 -118.31109300
33.33518510 -118.31114870
33.33519590 -118.31112080
33.33509500 -118.31106520
33.33508420 -118.31109300
5 3.90000010 industrial 
33.33456870 -118.31118370
33.33460330 -118.31111020
33.33450670 -118.31104570
33.33447220 -118.31111920
33.33456870 -118.31118370
5 2.70000005 industrial 
33.33495000 -118.31076910
33.33493040 -118.31081510
33.33502810 -118.31087430
33.33504780 -118.31082830
33.33495000 -118.31076910
5 4.59999990 industrial Buffalo Nickel
33.33608500 -118.31188790
33.33600690 -118.31184960
33.33593850 -118.31204760
33.33601660 -118.31208590
33.33608500 -118.31188790
5 2.79999995 industrial 
33.33514900 -118.31073190
33.33516490 -118.31068820
33.33501630 -118.31061150
33.33500040 -118.31065530
33.33514900 -118.31073190
5 4.30000019 residential 
33.33379740 -118.31009530
33.33389940 -118.31015150
33.33391350 -118.31011520
33.33381150 -118.31005900
33.33379740 -118.31009530
5 2.79999995 residential 
33.33442600 -118.31034800
33.33443270 -118.31032180
33.33432790 -118.31028370
33.33432120 -118.31030980
33.33442600 -118.31034800
5 4.19999981 residential 
33.33443890 -118.31255370
33.33441660 -118.31262390
33.33451800 -118.31266960
33.33454030 -118.31259930
33.33443890 -118.31255370
5 3.09999990 industrial 
33.33209010 -118.30989960
33.33214360 -118.30997440
33.33218380 -118.30993370
33.33213030 -118.30985890
33.33209010 -118.30989960
5 5.90000010 industrial Avalon Freight Services, LLC
33.33745060 -118.31273060
33.33758110 -118.31260810
33.33732040 -118.31221390
33.33718990 -118.31233640
33.33745060 -118.31273060
5 3.09999990 residential 
33.33405480 -118.31053790
33.33410870 -118.31055860
33.33416340 -118.31035690
33.33410950 -118.31033610
33.33405480 -118.31053790
5 5.19999981 industrial 
33.33609020 -118.31176500
33.33617260 -118.31181460
33.33629290 -118.31153100
33.33621050 -118.31148140
33.33609020 -118.31176500
5 4.00000000 industrial 
33.33575870 -118.31116570
33.33572720 -118.31123570
33.33585260 -118.31131580
33.33588410 -118.31124580
33.33575870 -118.31116570
5 7.19999981 industrial 
33.33568130 -118.31135590
33.33562710 -118.31147860
33.33588100 -118.31163770
33.33593520 -118.31151500
33.33568130 -118.31135590
6 3.70000005 industrial 
33.32876110 -118.30876780
33.32892670 -118.30881630
33.32895420 -118.30868360
33.32878850 -118.30863500
33.32877610 -118.30869530
33.32876110 -118.30876780
7 3.90000010 residential 
33.33457360 -118.31204420
33.33455360 -118.31211040
33.33464140 -118.31214810
33.33464410 -118.31213940
33.33468080 -118.31215510
33.33469820 -118.31209770
33.33457360 -118.31204420
7 3.40000010 industrial 
33.33586470 -118.31132900
33.33598190 -118.31140700
33.33599270 -118.31138400
33.33589500 -118.31131890
33.33591130 -118.31128410
33.33589180 -118.31127120
33.33586470 -118.31132900
7 4.09999990 residential 
33.33466500 -118.31253830
33.33467900 -118.31254460
33.33467110 -118.31256990
33.33478000 -118.31261830
33.33480420 -118.31254120
33.33468130 -118.31248650
33.33466500 -118.31253830
7 2.50000000 residential 
33.33441840 -118.31329300
33.33451260 -118.31333710
33.33454340 -118.31324360
33.33449740 -118.31322210
33.33449190 -118.31323860
33.33444370 -118.31321600
33.33441840 -118.31329300
7 5.40000010 industrial 
33.33466570 -118.31063550
33.33465260 -118.31062650
33.33461700 -118.31070090
33.33472620 -118.31077500
33.33481800 -118.31058290
33.33472200 -118.31051770
33.33466570 -118.31063550
7 5.90000010 residential 
33.33411930 -118.31055540
33.33431280 -118.31062790
33.33434340 -118.31051190
33.33438670 -118.31052810
33.33440790 -118.31044770
33.33417110 -118.31035900
33.33411930 -118.31055540
7 4.40000010 residential 
33.33375060 -118.31009550
33.33379210 -118.30998780
33.33369180 -118.30993310
33.33367750 -118.30997010
33.33362720 -118.30994260
33.33360000 -118.31001330
33.33375060 -118.31009550
8 8.30000019 residential Southern California Edison
33.33360290 -118.31060440
33.33363060 -118.31050390
33.33379400 -118.31056780
33.33387830 -118.31026150
33.33354970 -118.31013300
33.33343770 -118.31053990
33.33344050 -118.31054090
33.33360290 -118.31060440
9 4.69999981 residential Island Express Helicopters
33.33656610 -118.31194720
33.33649330 -118.31198460
33.33650320 -118.31201180
33.33648850 -118.31201940
33.33650730 -118.31207130
33.33652320 -118.31206310
33.33654330 -118.31211860
33.33661490 -118.31208180
33.33656610 -118.31194720
9 2.70000005 residential 
33.33453370 -118.31331450
33.33454420 -118.31331960
33.33453920 -118.31333430
33.33455520 -118.31334210
33.33455990 -118.31332840
33.33457920 -118.31333770
33.33459490 -118.31329160
33.33454910 -118.31326940
33.33453370 -118.31331450
9 3.09999990 residential 
33.33432480 -118.31325310
33.33432760 -118.31327230
33.33435860 -118.31326580
33.33435600 -118.31324820
33.33438760 -118.31324160
33.33437490 -118.31315530
33.33427550 -118.31317610
33.33428800 -118.31326080
33.33432480 -118.31325310
9 4.69999981 industrial 
33.33286130 -118.30994320
33.33287070 -118.30995450
33.33290230 -118.30991740
33.33289410 -118.30990740
33.33289720 -118.30990370
33.33283640 -118.30983020
33.33269800 -118.30999300
33.33275760 -118.31006510
33.33286130 -118.30994320
9 5.40000010 industrial 
33.33569910 -118.31129700
33.33563890 -118.31125840
33.33563440 -118.31126830
33.33561480 -118.31125580
33.33559130 -118.31130790
33.33561110 -118.31132050
33.33556050 -118.31143300
33.33562060 -118.31147140
33.33569910 -118.31129700
9 2.59999990 industrial 
33.33446870 -118.31129780
33.33451180 -118.31132780
33.33455810 -118.31123360
33.33455090 -118.31122850
33.33456420 -118.31120140
33.33453570 -118.31118160
33.33452240 -118.31120870
33.33451510 -118.31120350
33.33446870 -118.31129780
9 3.70000005 residential 
33.33443560 -118.31246150
33.33442400 -118.31249810
33.33446130 -118.31251490
33.33445300 -118.31254110
33.33449900 -118.31256190
33.33450190 -118.31255290
33.33454630 -118.31257290
33.33456340 -118.31251900
33.33443560 -118.31246150
9 2.50000000 industrial 
33.33481770 -118.31100620
33.33483730 -118.31101780
33.33483370 -118.31102650
33.33488110 -118.31105450
33.33489160 -118.31102910
33.33484450 -118.31100130
33.33486170 -118.31096000
33.33484190 -118.31094830
33.33481770 -118.31100620
9 3.70000005 industrial 
33.33543990 -118.31062310
33.33540840 -118.31069070
33.33545760 -118.31072320
33.33546190 -118.31071390
33.33548540 -118.31072950
33.33549160 -118.31071620
33.33561470 -118.31079750
33.33563570 -118.31075250
33.33543990 -118.31062310
9 4.09999990 residential 
33.33456180 -118.31220550
33.33456080 -118.31220840
33.33451390 -118.31218740
33.33449390 -118.31225090
33.33459300 -118.31229540
33.33459620 -118.31228530
33.33463360 -118.31230200
33.33465140 -118.31224570
33.33456180 -118.31220550
9 4.40000010 residential 
33.33453930 -118.31211240
33.33452930 -118.31214340
33.33455180 -118.31215370
33.33454050 -118.31218870
33.33462170 -118.31222580
33.33462550 -118.31221430
33.33465750 -118.31222890
33.33467500 -118.31217440
33.33453930 -118.31211240
9 2.79999995 industrial 
33.33427950 -118.31095550
33.33435720 -118.31097930
33.33435440 -118.31099230
33.33437750 -118.31099940
33.33438050 -118.31098580
33.33438830 -118.31098820
33.33439980 -118.31093490
33.33429110 -118.31090170
33.33427950 -118.31095550
9 2.50000000 industrial 
33.33516720 -118.31067710
33.33517450 -118.31065810
33.33517190 -118.31065670
33.33518100 -118.31063280
33.33511400 -118.31059650
33.33510470 -118.31062090
33.33511270 -118.31062530
33.33510570 -118.31064370
33.33516720 -118.31067710
9 3.09999990 industrial 
33.33442810 -118.31082850
33.33445090 -118.31073650
33.33434290 -118.31069840
33.33432910 -118.31075390
33.33438870 -118.31077490
33.33438640 -118.31078420
33.33432790 -118.31076360
33.33432110 -118.31079080
33.33442810 -118.31082850
9 3.40000010 residential 
33.33431680 -118.31298770
33.33433870 -118.31299760
33.33433520 -118.31300830
33.33437890 -118.31302820
33.33438250 -118.31301680
33.33441050 -118.31302960
33.33443670 -118.31294820
33.33434310 -118.31290560
33.33431680 -118.31298770
9 2.79999995 residential 
33.33456290 -118.31285220
33.33468660 -118.31290850
33.33470650 -118.31284640
33.33467380 -118.31283150
33.33467860 -118.31281630
33.33461540 -118.31278750
33.33461030 -118.31280320
33.33458260 -118.31279050
33.33456290 -118.31285220
9 2.90000010 industrial 
33.33500610 -118.31053900
33.33498400 -118.31059640
33.33499010 -118.31059980
33.33497290 -118.31064440
33.33499320 -118.31065550
33.33502280 -118.31057880
33.33504730 -118.31059230
33.33505710 -118.31056690
33.33500610 -118.31053900
9 2.50000000 industrial 
33.33641870 -118.31099020
33.33641580 -118.31099630
33.33643140 -118.31100670
33.33643440 -118.31100040
33.33648030 -118.31103100
33.33649460 -118.31100060
33.33637980 -118.31092400
33.33636540 -118.31095460
33.33641870 -118.31099020
9 4.09999990 residential 
33.33447810 -118.31310220
33.33444930 -118.31319000
33.33446930 -118.31319930
33.33446570 -118.31321030
33.33449280 -118.31322290
33.33449680 -118.31321080
33.33454770 -118.31323450
33.33457620 -118.31314790
33.33447810 -118.31310220
9 5.59999990 industrial 
33.33667570 -118.31231960
33.33663620 -118.31230010
33.33663920 -118.31229150
33.33658550 -118.31226480
33.33654280 -118.31238710
33.33659370 -118.31241230
33.33659170 -118.31241800
33.33663400 -118.31243890
33.33667570 -118.31231960
9 4.80000019 residential 
33.33471210 -118.31237750
33.33468490 -118.31246420
33.33470310 -118.31247230
33.33470000 -118.31248200
33.33473040 -118.31249550
33.33473380 -118.31248470
33.33478390 -118.31250690
33.33481070 -118.31242130
33.33471210 -118.31237750
10 5.90000010 industrial 
33.33516480 -118.31122830
33.33518830 -118.31117020
33.33519930 -118.31117660
33.33520440 -118.31116420
33.33507860 -118.31109180
33.33507400 -118.31110310
33.33506890 -118.31110020
33.33505210 -118.31113890
33.33504490 -118.31115920
33.33516480 -118.31122830
10 4.00000000 residential 
33.33448850 -118.31225520
33.33446230 -118.31233610
33.33446670 -118.31233810
33.33445100 -118.31238660
33.33449420 -118.31240740
33.33449970 -118.31240900
33.33451290 -118.31236820
33.33459960 -118.31240800
33.33462830 -118.31231940
33.33448850 -118.31225520
15 6.69999981 industrial 
33.32213820 -118.30597730
33.32217440 -118.30600460
33.32218240 -118.30598950
33.32222640 -118.30602270
33.32226790 -118.30594460
33.32233490 -118.30599510
33.32239990 -118.30587280
33.32223740 -118.30575020
33.32217720 -118.30586340
33.32215710 -118.30584830
33.32213920 -118.30588190
33.32215870 -118.30589660
33.32213100 -118.30594860
33.32214700 -118.30596070
33.32213820 -118.30597730
5 2.79999995 industrial 
33.32212420 -118.30619130
33.32210590 -118.30617660
33.32207540 -118.30623040
33.32209380 -118.30624510
33.32212420 -118.30619130
5 2.50000000 industrial 
33.32522530 -118.30809850
33.32522030 -118.30811850
33.32526060 -118.30813290
33.32526560 -118.30811290
33.32522530 -118.30809850
5 3.09999990 industrial 
33.32158520 -118.30533860
33.32160330 -118.30531280
33.32157450 -118.30528410
33.32155620 -118.30530970
33.32158520 -118.30533860
5 2.50000000 industrial 
33.32215160 -118.30609250
33.32217110 -118.30610650
33.32219970 -118.30604960
33.32218030 -118.30603570
33.32215160 -118.30609250
5 5.59999990 industrial 
33.31833390 -118.30407990
33.31837650 -118.30402210
33.31832130 -118.30396430
33.31827870 -118.30402210
33.31833390 -118.30407990
5 4.80000019 industrial 
33.32305520 -118.30727910
33.32304810 -118.30735930
33.32318480 -118.30737650
33.32319190 -118.30729630
33.32305520 -118.30727910
5 7.19999981 industrial 
33.32148000 -118.30507550
33.32141840 -118.30515490
33.32150050 -118.30524530
33.32156210 -118.30516590
33.32148000 -118.30507550
5 2.70000005 industrial 
33.32266990 -118.30612740
33.32265080 -118.30611650
33.32263350 -118.30615920
33.32265260 -118.30617020
33.32266990 -118.30612740
5 2.70000005 industrial 
33.32128960 -118.30497970
33.32127450 -118.30499990
33.32136030 -118.30509090
33.32137540 -118.30507070
33.32128960 -118.30497970
5 3.50000000 industrial 
33.32221940 -118.30632310
33.32222920 -118.30630090
33.32213220 -118.30624020
33.32212240 -118.30626230
33.32221940 -118.30632310
7 4.19999981 industrial 
33.32140950 -118.30509190
33.32143210 -118.30511810
33.32147300 -118.30506820
33.32146590 -118.30506000
33.32146740 -118.30505820
33.32145180 -118.30504010
33.32140950 -118.30509190
7 4.50000000 industrial 
33.31931160 -118.30402320
33.31932400 -118.30397970
33.31929460 -118.30396790
33.31930040 -118.30394740
33.31919020 -118.30390300
33.31917210 -118.30396700
33.31931160 -118.30402320
9 3.79999995 industrial 
33.31771970 -118.30398280
33.31770580 -118.30400720
33.31775380 -118.30404600
33.31776770 -118.30402160
33.31774440 -118.30400270
33.31777690 -118.30394570
33.31766970 -118.30385900
33.31763720 -118.30391610
33.31771970 -118.30398280
9 4.09999990 industrial 
33.32240380 -118.30597620
33.32237470 -118.30595410
33.32234780 -118.30600420
33.32233780 -118.30599650
33.32232220 -118.30602550
33.32233250 -118.30603340
33.32228560 -118.30612060
33.32231440 -118.30614260
33.32240380 -118.30597620
11 9.00000000 residential 
33.33530440 -118.33411730
33.33524910 -118.33413870
33.33524390 -118.33411960
33.33517160 -118.33414750
33.33513870 -118.33402550
33.33517100 -118.33401300
33.33516840 -118.33400320
33.33526370 -118.33396640
33.33527270 -118.33399990
33.33528270 -118.33403680
33.33530440 -118.33411730
11 5.19999981 residential 
33.33285780 -118.33649180
33.33290120 -118.33642140
33.33287260 -118.33639640
33.33288400 -118.33637800
33.33283120 -118.33633180
33.33281540 -118.33635720
33.33277670 -118.33632330
33.33275460 -118.33635910
33.33279150 -118.33639140
33.33277450 -118.33641900
33.33285780 -118.33649180
13 9.00000000 residential 
33.33538230 -118.33476750
33.33529300 -118.33480280
33.33526280 -118.33469310
33.33525060 -118.33469790
33.33523770 -118.33465110
33.33525050 -118.33464600
33.33522680 -118.33456010
33.33531800 -118.33452400
33.33533990 -118.33460320
33.33536130 -118.33459470
33.33537860 -118.33465730
33.33535450 -118.33466680
33.33538230 -118.33476750
13 4.40000010 residential 
33.33276170 -118.33619070
33.33276730 -118.33620510
33.33285580 -118.33615610
33.33284950 -118.33614010
33.33282590 -118.33615320
33.33280270 -118.33609370
33.33276990 -118.33611190
33.33276360 -118.33609580
33.33274320 -118.33610720
33.33274950 -118.33612340
33.33268860 -118.33615710
33.33271230 -118.33621800
33.33276170 -118.33619070
13 5.00000000 residential 
33.33271460 -118.33578630
33.33273130 -118.33577390
33.33271990 -118.33575200
33.33270470 -118.33576330
33.33267410 -118.33570470
33.33258370 -118.33577160
33.33262780 -118.33585610
33.33264170 -118.33584580
33.33265020 -118.33586220
33.33268060 -118.33583970
33.33269310 -118.33586380
33.33273780 -118.33583080
33.33271460 -118.33578630
13 5.69999981 residential 
33.32628320 -118.33942970
33.32629170 -118.33943960
33.32626780 -118.33946920
33.32635710 -118.33957160
33.32640570 -118.33951150
33.32643860 -118.33954920
33.32647250 -118.33950730
33.32641390 -118.33944000
33.32640950 -118.33944530
33.32638650 -118.33941890
33.32638880 -118.33941610
33.32633970 -118.33935980
33.32628320 -118.33942970
13 9.00000000 residential 
33.33519560 -118.33428950
33.33511590 -118.33431830
33.33511850 -118.33432840
33.33506470 -118.33434790
33.33501320 -118.33414380
33.33500130 -118.33414810
33.33497360 -118.33403870
33.33510300 -118.33399190
33.33513100 -118.33410300
33.33511870 -118.33410740
33.33513980 -118.33419090
33.33516810 -118.33418060
33.33519560 -118.33428950
15 4.30000019 residential 
33.33313770 -118.33556280
33.33314540 -118.33558050
33.33320490 -118.33554360
33.33319790 -118.33552760
33.33327470 -118.33547980
33.33322560 -118.33536760
33.33313750 -118.33542240
33.33313980 -118.33542790
33.33313020 -118.33543380
33.33310880 -118.33538480
33.33302200 -118.33543880
33.33304790 -118.33549800
33.33306430 -118.33548780
33.33310580 -118.33558250
33.33313770 -118.33556280
15 4.90000010 residential 
33.32794880 -118.33994270
33.32795180 -118.33990210
33.32791730 -118.33989850
33.32791900 -118.33987670
33.32791550 -118.33987630
33.32791780 -118.33984590
33.32788940 -118.33983770
33.32788940 -118.33984160
33.32778160 -118.33983870
33.32778110 -118.33986780
33.32789520 -118.33987090
33.32788730 -118.33992910
33.32790870 -118.33993330
33.32790800 -118.33993840
33.32794880 -118.33994270
15 9.00000000 residential 
33.33567740 -118.33471340
33.33562380 -118.33473360
33.33560520 -118.33466260
33.33550500 -118.33470040
33.33548380 -118.33461980
33.33544850 -118.33463310
33.33543560 -118.33458420
33.33547100 -118.33457090
33.33544310 -118.33446510
33.33555610 -118.33442250
33.33558370 -118.33452730
33.33559490 -118.33452310
33.33560960 -118.33457880
33.33563910 -118.33456770
33.33567740 -118.33471340
17 4.09999990 residential 
33.32685880 -118.33985550
33.32686050 -118.33987180
33.32687440 -118.33986970
33.32687270 -118.33985410
33.32692900 -118.33984560
33.32692370 -118.33979560
33.32693450 -118.33979400
33.32693230 -118.33977310
33.32692130 -118.33977470
33.32692010 -118.33976320
33.32689770 -118.33976660
33.32689600 -118.33975100
33.32688360 -118.33975290
33.32688540 -118.33977000
33.32678420 -118.33978530
33.32679280 -118.33986550
33.32685880 -118.33985550
17 4.90000010 residential 
33.32609990 -118.33935060
33.32609680 -118.33934300
33.32610710 -118.33933710
33.32608870 -118.33929170
33.32607920 -118.33929720
33.32606400 -118.33925980
33.32603680 -118.33927540
33.32602650 -118.33925010
33.32601090 -118.33925910
33.32602560 -118.33929540
33.32601380 -118.33930230
33.32602710 -118.33933520
33.32603250 -118.33933210
33.32603510 -118.33933860
33.32601310 -118.33935130
33.32602930 -118.33939120
33.32609990 -118.33935060
20 3.29999995 residential 
33.33378700 -118.33464490
33.33378280 -118.33464220
33.33383570 -118.33454560
33.33381110 -118.33452650
33.33382280 -118.33450510
33.33379280 -118.33448180
33.33375190 -118.33455640
33.33373860 -118.33454600
33.33371410 -118.33459070
33.33372830 -118.33460180
33.33372150 -118.33461430
33.33369730 -118.33465840
33.33370380 -118.33466340
33.33369180 -118.33468520
33.33370340 -118.33469430
33.33360570 -118.33487240
33.33365560 -118.33491120
33.33371800 -118.33481800
33.33371020 -118.33481100
33.33378700 -118.33464490
25 9.00000000 residential 
33.33542910 -118.33391390
33.33537520 -118.33393440
33.33537030 -118.33391620
33.33534280 -118.33392660
33.33534700 -118.33394260
33.33530350 -118.33395910
33.33531050 -118.33398550
33.33527270 -118.33399990
33.33528270 -118.33403680
33.33532850 -118.33401940
33.33534960 -118.33409890
33.33532200 -118.33410940
33.33534660 -118.33420230
33.33538230 -118.33418880
33.33538720 -118.33420710
33.33542930 -118.33419110
33.33543270 -118.33420400
33.33548770 -118.33418320
33.33548250 -118.33416370
33.33547510 -118.33416660
33.33545060 -118.33407420
33.33545840 -118.33407120
33.33543500 -118.33398270
33.33544620 -118.33397840
33.33542910 -118.33391390
5 3.59999990 residential TC 7
33.32913290 -118.33960380
33.32911870 -118.33955680
33.32906850 -118.33957830
33.32908270 -118.33962530
33.32913290 -118.33960380
5 3.20000005 residential 
33.32617150 -118.34033990
33.32612880 -118.34037660
33.32615770 -118.34042440
33.32620100 -118.34038870
33.32617150 -118.34033990
5 3.59999990 residential 
33.33584130 -118.33630580
33.33582420 -118.33632370
33.33585980 -118.33637210
33.33587700 -118.33635420
33.33584130 -118.33630580
5 3.00000000 residential TC 4
33.32930070 -118.33951180
33.32927440 -118.33947040
33.32923120 -118.33950950
33.32925750 -118.33955080
33.32930070 -118.33951180
5 4.00000000 residential 
33.32753730 -118.33997970
33.32753330 -118.33995550
33.32749620 -118.33996420
33.32750020 -118.33998850
33.32753730 -118.33997970
5 3.29999995 residential 
33.33597080 -118.33634040
33.33595750 -118.33632330
33.33588440 -118.33640400
33.33589780 -118.33642120
33.33597080 -118.33634040
5 3.09999990 residential 
33.32644850 -118.33982280
33.32646660 -118.33985630
33.32652370 -118.33981240
33.32650560 -118.33977890
33.32644850 -118.33982280
5 2.70000005 residential 
33.32622890 -118.34014410
33.32623930 -118.34016720
33.32628470 -118.34013820
33.32627420 -118.34011500
33.32622890 -118.34014410
5 2.70000005 residential 
33.32952920 -118.33835910
33.32955170 -118.33838090
33.32959050 -118.33832400
33.32956810 -118.33830220
33.32952920 -118.33835910
5 3.40000010 residential TC 6
33.32914990 -118.33949830
33.32912010 -118.33953790
33.32916070 -118.33958130
33.32919060 -118.33954170
33.32914990 -118.33949830
5 3.90000010 residential 
33.32888790 -118.33951940
33.32892590 -118.33947500
33.32890260 -118.33944670
33.32886460 -118.33949110
33.32888790 -118.33951940
5 4.50000000 residential 
33.32910620 -118.33894460
33.32914870 -118.33900230
33.32921870 -118.33892910
33.32917630 -118.33887140
33.32910620 -118.33894460
5 3.70000005 residential 
33.32649470 -118.34034530
33.32647660 -118.34035750
33.32649590 -118.34039830
33.32651400 -118.34038610
33.32649470 -118.34034530
5 3.00000000 residential 
33.32611170 -118.34029710
33.32609460 -118.34031020
33.32612280 -118.34036200
33.32613980 -118.34034890
33.32611170 -118.34029710
5 4.30000019 residential 
33.32798330 -118.33993900
33.32800620 -118.33994120
33.32800900 -118.33989930
33.32798620 -118.33989700
33.32798330 -118.33993900
5 2.70000005 residential 
33.33222110 -118.33637710
33.33222290 -118.33642930
33.33225780 -118.33642760
33.33225600 -118.33637550
33.33222110 -118.33637710
5 3.59999990 residential 
33.32599020 -118.33923720
33.32602170 -118.33921730
33.32600260 -118.33917450
33.32597110 -118.33919430
33.32599020 -118.33923720
5 3.40000010 residential 
33.33278280 -118.33594790
33.33281450 -118.33593370
33.33279170 -118.33586140
33.33275990 -118.33587560
33.33278280 -118.33594790
7 2.59999990 residential 
33.32603060 -118.34011830
33.32607230 -118.34019550
33.32613440 -118.34014780
33.32612470 -118.34012980
33.32617880 -118.34008840
33.32614680 -118.34002920
33.32603060 -118.34011830
7 3.50000000 residential 
33.33275740 -118.33478750
33.33271670 -118.33469520
33.33259820 -118.33476920
33.33261670 -118.33481100
33.33258830 -118.33482870
33.33261050 -118.33487930
33.33275740 -118.33478750
7 5.19999981 residential 
33.33260830 -118.33585580
33.33257100 -118.33579060
33.33250090 -118.33584750
33.33251900 -118.33587920
33.33251370 -118.33588350
33.33253290 -118.33591710
33.33260830 -118.33585580
7 5.09999990 residential 
33.32859130 -118.34003950
33.32856100 -118.34009660
33.32858460 -118.34011440
33.32859110 -118.34010210
33.32861400 -118.34011940
33.32863790 -118.34007460
33.32859130 -118.34003950
9 3.00000000 residential 
33.32641330 -118.34023480
33.32643590 -118.34028650
33.32644360 -118.34028180
33.32645880 -118.34031650
33.32647920 -118.34030380
33.32646470 -118.34027060
33.32649140 -118.34025390
33.32646810 -118.34020070
33.32641330 -118.34023480
9 6.59999990 garage 
33.33306770 -118.33568380
33.33311380 -118.33579140
33.33322550 -118.33572350
33.33322380 -118.33571950
33.33324250 -118.33570820
33.33321990 -118.33565550
33.33319990 -118.33566770
33.33317810 -118.33561670
33.33306770 -118.33568380
9 3.20000005 residential TC 8
33.32904000 -118.33968080
33.32901190 -118.33965480
33.32900510 -118.33966520
33.32898880 -118.33965010
33.32896810 -118.33968200
33.32898530 -118.33969790
33.32898190 -118.33970310
33.32900910 -118.33972830
33.32904000 -118.33968080
9 4.69999981 residential TC 9
33.32890950 -118.33985770
33.32892760 -118.33982520
33.32891890 -118.33981840
33.32893140 -118.33979590
33.32890320 -118.33977360
33.32889120 -118.33979500
33.32888090 -118.33978680
33.32886200 -118.33982020
33.32890950 -118.33985770
9 3.09999990 residential TC 5
33.32923860 -118.33946280
33.32921390 -118.33943150
33.32920550 -118.33944090
33.32919140 -118.33942310
33.32916690 -118.33945060
33.32918130 -118.33946880
33.32917360 -118.33947730
33.32919800 -118.33950820
33.32923860 -118.33946280
9 3.09999990 residential TC 3
33.32903770 -118.33932600
33.32907260 -118.33932530
33.32907250 -118.33931220
33.32909420 -118.33931170
33.32909360 -118.33927110
33.32907310 -118.33927150
33.32907290 -118.33925920
33.32903680 -118.33925990
33.32903770 -118.33932600
9 3.59999990 residential 
33.32631110 -118.33991400
33.32633870 -118.33996410
33.32642470 -118.33989700
33.32641360 -118.33987680
33.32641700 -118.33987410
33.32641200 -118.33986490
33.32642250 -118.33985670
33.32641110 -118.33983600
33.32631110 -118.33991400
9 3.50000000 residential TC 1
33.32907070 -118.33915150
33.32909980 -118.33916840
33.32910390 -118.33915830
33.32912280 -118.33916920
33.32913810 -118.33913180
33.32912270 -118.33912300
33.32912770 -118.33911080
33.32909490 -118.33909190
33.32907070 -118.33915150
9 3.40000010 residential TC 2
33.32903510 -118.33923100
33.32906890 -118.33924520
33.32907300 -118.33923130
33.32909250 -118.33923940
33.32910330 -118.33920260
33.32908220 -118.33919380
33.32908600 -118.33918110
33.32905370 -118.33916770
33.32903510 -118.33923100
5 3.90000010 apartments 
33.46984610 -118.53156730
33.46988090 -118.53160900
33.46991580 -118.53156770
33.46988100 -118.53152590
33.46984610 -118.53156730
5 3.70000005 apartments 
33.46986680 -118.53140930
33.46983410 -118.53145310
33.46987110 -118.53149240
33.46990370 -118.53144860
33.46986680 -118.53140930
5 3.09999990 residential 
33.46928220 -118.53310250
33.46923010 -118.53311070
33.46923600 -118.53316470
33.46928820 -118.53315650
33.46928220 -118.53310250
5 4.69999981 residential 
33.46903600 -118.53734930
33.46908290 -118.53729400
33.46902860 -118.53722850
33.46898170 -118.53728380
33.46903600 -118.53734930
5 4.09999990 residential 
33.47048980 -118.53404040
33.47048150 -118.53409520
33.47074890 -118.53415330
33.47075720 -118.53409850
33.47048980 -118.53404040
5 3.50000000 apartments 
33.46962200 -118.53181610
33.46958760 -118.53177640
33.46955350 -118.53181850
33.46958790 -118.53185820
33.46962200 -118.53181610
5 4.40000010 apartments 
33.46980910 -118.53175170
33.46976330 -118.53176900
33.46977840 -118.53182630
33.46982420 -118.53180910
33.46980910 -118.53175170
5 3.90000010 residential 
33.46976560 -118.53161780
33.46971770 -118.53164230
33.46974270 -118.53171190
33.46979060 -118.53168740
33.46976560 -118.53161780
5 3.40000010 residential 
33.46919570 -118.53319590
33.46912710 -118.53320860
33.46914010 -118.53330980
33.46920880 -118.53329720
33.46919570 -118.53319590
5 4.09999990 apartments 
33.46987070 -118.53172640
33.46982620 -118.53174700
33.46984440 -118.53180300
33.46988890 -118.53178240
33.46987070 -118.53172640
5 5.30000019 residential 
33.46835120 -118.53140710
33.46828920 -118.53133840
33.46821710 -118.53146310
33.46829040 -118.53153350
33.46835120 -118.53140710
5 3.79999995 apartments 
33.46983060 -118.53158200
33.46979170 -118.53161530
33.46982080 -118.53166370
33.46985980 -118.53163040
33.46983060 -118.53158200
5 4.00000000 apartments 
33.46952870 -118.53217530
33.46947900 -118.53217170
33.46947560 -118.53223890
33.46952520 -118.53224250
33.46952870 -118.53217530
5 3.70000005 residential 
33.46904220 -118.53464840
33.46903520 -118.53458310
33.46896030 -118.53459470
33.46896730 -118.53465990
33.46904220 -118.53464840
5 3.90000010 apartments 
33.46953620 -118.53208500
33.46948580 -118.53207970
33.46948090 -118.53214660
33.46953120 -118.53215200
33.46953620 -118.53208500
5 4.40000010 apartments 
33.46976080 -118.53151450
33.46971740 -118.53154020
33.46974020 -118.53159510
33.46978360 -118.53156940
33.46976080 -118.53151450
5 4.40000010 apartments 
33.46952640 -118.53245390
33.46947640 -118.53245390
33.46947640 -118.53251840
33.46952640 -118.53251840
33.46952640 -118.53245390
5 3.50000000 apartments 
33.46960460 -118.53175470
33.46963880 -118.53179490
33.46967380 -118.53175240
33.46963960 -118.53171230
33.46960460 -118.53175470
5 4.30000019 residential 
33.47102120 -118.53414950
33.47100690 -118.53420400
33.47129660 -118.53431240
33.47131100 -118.53425780
33.47102120 -118.53414950
5 5.40000010 residential 
33.46818960 -118.53141840
33.46827390 -118.53129320
33.46819510 -118.53122850
33.46812080 -118.53134510
33.46818960 -118.53141840
5 4.00000000 apartments 
33.46981850 -118.53147170
33.46977970 -118.53150360
33.46980770 -118.53155220
33.46984650 -118.53152020
33.46981850 -118.53147170
5 4.40000010 residential 
33.46952240 -118.53226410
33.46946750 -118.53226340
33.46946680 -118.53234000
33.46952160 -118.53234070
33.46952240 -118.53226410
5 5.80000019 commercial 
33.46888530 -118.53271770
33.46891700 -118.53292320
33.46902010 -118.53290060
33.46898830 -118.53269500
33.46888530 -118.53271770
7 3.59999990 residential 
33.46903490 -118.53413600
33.46897490 -118.53415280
33.46897780 -118.53416780
33.46895590 -118.53417390
33.46896870 -118.53423890
33.46905070 -118.53421590
33.46903490 -118.53413600
7 4.40000010 apartments 
33.46952390 -118.53236360
33.46950710 -118.53236410
33.46950700 -118.53236050
33.46947400 -118.53236150
33.46947530 -118.53242850
33.46952510 -118.53242710
33.46952390 -118.53236360
7 3.29999995 residential 
33.46894260 -118.53476080
33.46899970 -118.53475100
33.46899900 -118.53474470
33.46904650 -118.53473660
33.46903840 -118.53466940
33.46893370 -118.53468740
33.46894260 -118.53476080
9 4.30000019 residential 
33.46893080 -118.53730010
33.46888830 -118.53735240
33.46892790 -118.53739820
33.46893200 -118.53739320
33.46896270 -118.53742870
33.46899720 -118.53738630
33.46896660 -118.53735080
33.46897040 -118.53734610
33.46893080 -118.53730010
11 2.59999990 residential 
33.44064280 -118.49704610
33.44062770 -118.49702470
33.44062330 -118.49702920
33.44061200 -118.49701320
33.44060960 -118.49701560
33.44060250 -118.49700560
33.44058750 -118.49702070
33.44060680 -118.49704820
33.44060480 -118.49705020
33.44061870 -118.49707010
33.44064280 -118.49704610
11 4.59999990 residential 
33.45108030 -118.50834280
33.45107700 -118.50834430
33.45106540 -118.50830630
33.45103140 -118.50832110
33.45102050 -118.50828510
33.45095400 -118.50831400
33.45096530 -118.50835100
33.45095810 -118.50835410
33.45098620 -118.50844610
33.45109720 -118.50839790
33.45108030 -118.50834280
11 4.90000010 residential 
33.44107240 -118.50074780
33.44098830 -118.50079770
33.44100700 -118.50084270
33.44109650 -118.50078960
33.44108350 -118.50075850
33.44111470 -118.50073990
33.44108860 -118.50067730
33.44108460 -118.50067960
33.44106840 -118.50064080
33.44103570 -118.50066000
33.44107240 -118.50074780
12 3.90000010 residential 
33.43771940 -118.49775970
33.43772980 -118.49770490
33.43774800 -118.49770980
33.43775040 -118.49769690
33.43775770 -118.49769890
33.43776760 -118.49768820
33.43774900 -118.49768310
33.43774780 -118.49766890
33.43775370 -118.49763790
33.43768920 -118.49762040
33.43766540 -118.49774510
33.43771940 -118.49775970
13 2.59999990 industrial 
33.43288190 -118.50240430
33.43287890 -118.50243580
33.43298320 -118.50245010
33.43298040 -118.50247960
33.43300180 -118.50248250
33.43300440 -118.50245600
33.43300290 -118.50245580
33.43300580 -118.50242550
33.43300410 -118.50242530
33.43300560 -118.50240920
33.43297560 -118.50240510
33.43297470 -118.50241700
33.43288190 -118.50240430
13 6.59999990 residential 
33.44005000 -118.50011580
33.44011830 -118.50006870
33.44009510 -118.50002100
33.44009720 -118.50001950
33.44008460 -118.49999350
33.44009160 -118.49998860
33.44009610 -118.49997540
33.44008650 -118.49995500
33.44007650 -118.49995260
33.44006740 -118.49995880
33.44003720 -118.49989660
33.43996710 -118.49994500
33.44005000 -118.50011580
13 2.59999990 residential 
33.43965220 -118.49657030
33.43965750 -118.49657200
33.43964940 -118.49660750
33.43967570 -118.49661600
33.43968370 -118.49658110
33.43970690 -118.49658860
33.43972200 -118.49652250
33.43969760 -118.49651460
33.43969850 -118.49651050
33.43967890 -118.49650420
33.43967800 -118.49650810
33.43966730 -118.49650440
33.43965220 -118.49657030
13 3.20000005 residential 
33.45099690 -118.50666880
33.45099700 -118.50662200
33.45096730 -118.50662200
33.45096730 -118.50660110
33.45097730 -118.50660110
33.45097730 -118.50656420
33.45096430 -118.50656410
33.45096440 -118.50654200
33.45090460 -118.50654180
33.45090450 -118.50663290
33.45089980 -118.50663290
33.45089980 -118.50666860
33.45099690 -118.50666880
11 3.40000010 residential Ranger Station
33.43992870 -118.49145660
33.43990880 -118.49145340
33.43990950 -118.49144670
33.43989070 -118.49144360
33.43988960 -118.49145270
33.43987930 -118.49145110
33.43986760 -118.49155510
33.43988490 -118.49155790
33.43988070 -118.49159590
33.43991250 -118.49160100
33.43992870 -118.49145660
15 3.09999990 residential 
33.44014990 -118.49683050
33.44018470 -118.49681190
33.44018190 -118.49680450
33.44020870 -118.49679020
33.44020120 -118.49677000
33.44023180 -118.49675360
33.44021510 -118.49670920
33.44018350 -118.49672620
33.44017700 -118.49670910
33.44015700 -118.49671970
33.44015260 -118.49670790
33.44012800 -118.49672100
33.44013250 -118.49673290
33.44011650 -118.49674150
33.44014990 -118.49683050
15 4.00000000 residential 
33.44271430 -118.49956850
33.44264080 -118.49958470
33.44264720 -118.49962530
33.44265160 -118.49962430
33.44265590 -118.49965190
33.44261080 -118.49966190
33.44261950 -118.49971840
33.44267920 -118.49970520
33.44267710 -118.49969190
33.44270550 -118.49970090
33.44271460 -118.49970760
33.44272950 -118.49970430
33.44272230 -118.49965770
33.44272800 -118.49965650
33.44271430 -118.49956850
15 2.50000000 industrial 
33.43266770 -118.50241370
33.43271220 -118.50243620
33.43272030 -118.50241360
33.43274140 -118.50242430
33.43274670 -118.50240950
33.43277240 -118.50242250
33.43277820 -118.50240610
33.43278470 -118.50240940
33.43279250 -118.50238730
33.43278720 -118.50238460
33.43278890 -118.50237990
33.43276710 -118.50236880
33.43276780 -118.50236690
33.43269710 -118.50233110
33.43266770 -118.50241370
16 3.40000010 residential 
33.44254460 -118.49943700
33.44254550 -118.49942920
33.44251510 -118.49942420
33.44251420 -118.49943250
33.44250520 -118.49943100
33.44250930 -118.49939540
33.44247220 -118.49938920
33.44246020 -118.49949310
33.44251620 -118.49950240
33.44251530 -118.49950960
33.44253680 -118.49951310
33.44253740 -118.49950840
33.44259770 -118.49951830
33.44260430 -118.49946060
33.44259450 -118.49944520
33.44254460 -118.49943700
17 5.00000000 residential 
33.44164930 -118.49835440
33.44165410 -118.49835090
33.44166990 -118.49838150
33.44166440 -118.49838560
33.44167920 -118.49841430
33.44171430 -118.49838850
33.44170030 -118.49836140
33.44170420 -118.49835860
33.44169250 -118.49833610
33.44168580 -118.49834100
33.44167710 -118.49833510
33.44166760 -118.49831680
33.44169820 -118.49829430
33.44167760 -118.49825430
33.44162540 -118.49829270
33.44162400 -118.49830550
33.44164930 -118.49835440
17 4.09999990 residential 
33.44242580 -118.49969820
33.44243480 -118.49971660
33.44246720 -118.49969400
33.44247890 -118.49971780
33.44251490 -118.49969250
33.44249520 -118.49965250
33.44251420 -118.49963920
33.44249160 -118.49959320
33.44244650 -118.49962480
33.44243870 -118.49960890
33.44240420 -118.49963310
33.44241730 -118.49965970
33.44237090 -118.49969230
33.44238370 -118.49971830
33.44240010 -118.49970680
33.44240360 -118.49971380
33.44242580 -118.49969820
17 3.79999995 residential 
33.44105520 -118.49978580
33.44105840 -118.49979300
33.44108890 -118.49977350
33.44106040 -118.49971020
33.44096420 -118.49977170
33.44096840 -118.49978120
33.44092470 -118.49980910
33.44094630 -118.49985720
33.44093350 -118.49986550
33.44094510 -118.49989140
33.44094170 -118.49989350
33.44095600 -118.49992550
33.44098970 -118.49990400
33.44097330 -118.49986750
33.44100210 -118.49984910
33.44099190 -118.49982630
33.44105520 -118.49978580
19 4.00000000 residential 
33.46333550 -118.52343790
33.46333710 -118.52344690
33.46334280 -118.52345720
33.46335150 -118.52346370
33.46336160 -118.52346550
33.46336670 -118.52346450
33.46337150 -118.52346230
33.46337770 -118.52345680
33.46338320 -118.52344650
33.46338450 -118.52344050
33.46338480 -118.52343440
33.46338200 -118.52342260
33.46337550 -118.52341310
33.46336880 -118.52340860
33.46335860 -118.52340680
33.46334870 -118.52341000
33.46334250 -118.52341550
33.46333700 -118.52342580
33.46333550 -118.52343790
21 2.50000000 residential 
33.43993290 -118.49675890
33.43993220 -118.49674920
33.43991260 -118.49675140
33.43991300 -118.49675620
33.43988330 -118.49675950
33.43988350 -118.49676220
33.43987470 -118.49676320
33.43987640 -118.49678450
33.43988020 -118.49678400
33.43988110 -118.49679630
33.43988520 -118.49679580
33.43988860 -118.49683920
33.43989690 -118.49683820
33.43989740 -118.49684440
33.43991970 -118.49684190
33.43991920 -118.49683590
33.43993320 -118.49683430
33.43993160 -118.49681410
33.43995430 -118.49681160
33.43995000 -118.49675680
33.43993290 -118.49675890
21 6.19999981 residential 
33.45109970 -118.50851920
33.45109210 -118.50852990
33.45108970 -118.50853630
33.45108760 -118.50855000
33.45108970 -118.50856380
33.45109550 -118.50857590
33.45110450 -118.50858480
33.45111550 -118.50858960
33.45112130 -118.50859020
33.45113290 -118.50858780
33.45114300 -118.50858080
33.45115050 -118.50857010
33.45115450 -118.50855700
33.45115450 -118.50854300
33.45115300 -118.50853630
33.45114710 -118.50852420
33.45113820 -118.50851520
33.45113290 -118.50851220
33.45112140 -118.50850980
33.45110980 -118.50851220
33.45109970 -118.50851920
5 3.59999990 residential 
33.44108230 -118.49728480
33.44104680 -118.49730270
33.44106920 -118.49736610
33.44110470 -118.49734820
33.44108230 -118.49728480
5 4.59999990 residential 
33.43880060 -118.49926870
33.43884390 -118.49935840
33.43892230 -118.49930470
33.43887900 -118.49921490
33.43880060 -118.49926870
5 4.40000010 residential 
33.44081160 -118.50134370
33.44079620 -118.50131080
33.44066990 -118.50139500
33.44068530 -118.50142790
33.44081160 -118.50134370
5 2.70000005 residential 
33.44076150 -118.50022860
33.44079370 -118.50021520
33.44077370 -118.50014730
33.44074160 -118.50016070
33.44076150 -118.50022860
5 3.70000005 residential 
33.46145800 -118.52250440
33.46142980 -118.52251130
33.46143670 -118.52255160
33.46146520 -118.52254630
33.46145800 -118.52250440
5 4.59999990 residential 
33.44011740 -118.50189690
33.44012840 -118.50191860
33.44019240 -118.50187210
33.44018130 -118.50185040
33.44011740 -118.50189690
5 4.19999981 residential 
33.44211900 -118.49944340
33.44214310 -118.49941510
33.44209540 -118.49935740
33.44207130 -118.49938580
33.44211900 -118.49944340
5 2.70000005 residential 
33.45091810 -118.50686360
33.45098640 -118.50685800
33.45098390 -118.50681440
33.45091560 -118.50682000
33.45091810 -118.50686360
5 3.09999990 residential 
33.46103450 -118.52435870
33.46099460 -118.52433340
33.46097350 -118.52438060
33.46101320 -118.52440640
33.46103450 -118.52435870
5 3.59999990 industrial 
33.43275730 -118.50845500
33.43278230 -118.50843060
33.43267500 -118.50827370
33.43264990 -118.50829810
33.43275730 -118.50845500
5 3.59999990 residential 
33.45088670 -118.50972080
33.45082810 -118.50969750
33.45081260 -118.50975300
33.45087120 -118.50977630
33.45088670 -118.50972080
5 3.20000005 residential 
33.46089410 -118.52427990
33.46088010 -118.52432180
33.46094280 -118.52435150
33.46095680 -118.52430960
33.46089410 -118.52427990
5 3.00000000 residential 
33.45238570 -118.50445340
33.45238250 -118.50448570
33.45239210 -118.50449440
33.45241630 -118.50447870
33.45238570 -118.50445340
5 3.29999995 residential 
33.44198440 -118.50007220
33.44199550 -118.50009560
33.44204240 -118.50006390
33.44203130 -118.50004050
33.44198440 -118.50007220
5 4.40000010 residential 
33.46132900 -118.52382010
33.46132830 -118.52375970
33.46125660 -118.52376090
33.46125730 -118.52382130
33.46132900 -118.52382010
5 3.00000000 industrial 
33.43519400 -118.50332440
33.43515920 -118.50335580
33.43519580 -118.50341340
33.43523050 -118.50338200
33.43519400 -118.50332440
5 2.59999990 residential 
33.44030570 -118.50036170
33.44027520 -118.50037610
33.44029770 -118.50044380
33.44032820 -118.50042930
33.44030570 -118.50036170
5 3.90000010 residential 
33.44012010 -118.49665510
33.44008810 -118.49667070
33.44010230 -118.49671180
33.44013430 -118.49669620
33.44012010 -118.49665510
5 3.09999990 residential 
33.43724780 -118.49732150
33.43726190 -118.49729640
33.43719710 -118.49724450
33.43718300 -118.49726960
33.43724780 -118.49732150
5 4.00000000 residential 
33.45094510 -118.51028040
33.45094270 -118.51022470
33.45088440 -118.51022830
33.45088680 -118.51028400
33.45094510 -118.51028040
5 2.70000005 residential 
33.44001990 -118.49688630
33.44004940 -118.49690180
33.44006410 -118.49686210
33.44003460 -118.49684640
33.44001990 -118.49688630
5 3.59999990 residential 
33.46152980 -118.52242900
33.46151160 -118.52244790
33.46153040 -118.52247360
33.46154860 -118.52245470
33.46152980 -118.52242900
5 4.69999981 residential 
33.43718480 -118.49740280
33.43713580 -118.49737100
33.43709830 -118.49745330
33.43714730 -118.49748510
33.43718480 -118.49740280
5 4.30000019 residential 
33.43758550 -118.49755840
33.43754290 -118.49752680
33.43749540 -118.49761790
33.43753800 -118.49764950
33.43758550 -118.49755840
5 3.70000005 residential 
33.44117510 -118.50040120
33.44120700 -118.50037930
33.44117290 -118.50030890
33.44114100 -118.50033080
33.44117510 -118.50040120
5 3.29999995 industrial 
33.43305630 -118.50864950
33.43298820 -118.50873890
33.43300480 -118.50875680
33.43307330 -118.50866670
33.43305630 -118.50864950
5 2.79999995 residential 
33.45063900 -118.50596610
33.45063830 -118.50601600
33.45070410 -118.50601720
33.45070470 -118.50596730
33.45063900 -118.50596610
5 3.40000010 residential 
33.44209020 -118.49982510
33.44202970 -118.49987310
33.44207110 -118.49994710
33.44213150 -118.49989900
33.44209020 -118.49982510
5 3.09999990 residential 
33.44223630 -118.49962210
33.44226160 -118.49960460
33.44222600 -118.49953150
33.44220070 -118.49954900
33.44223630 -118.49962210
5 2.59999990 residential 
33.44051300 -118.49693730
33.44048440 -118.49695690
33.44050290 -118.49699550
33.44053150 -118.49697600
33.44051300 -118.49693730
5 2.50000000 residential 
33.44119070 -118.50032890
33.44121280 -118.50031370
33.44116930 -118.50022390
33.44114730 -118.50023900
33.44119070 -118.50032890
5 2.90000010 residential 
33.45105170 -118.50728400
33.45105040 -118.50725400
33.45097840 -118.50725810
33.45097960 -118.50728820
33.45105170 -118.50728400
5 3.20000005 residential 
33.44684340 -118.50232590
33.44684820 -118.50225560
33.44680630 -118.50225160
33.44680150 -118.50232190
33.44684340 -118.50232590
5 2.70000005 residential 
33.46205720 -118.52337990
33.46204380 -118.52341500
33.46211210 -118.52345220
33.46212550 -118.52341720
33.46205720 -118.52337990
5 4.30000019 residential 
33.43870970 -118.49515360
33.43873760 -118.49517300
33.43875860 -118.49512990
33.43873080 -118.49511050
33.43870970 -118.49515360
5 2.79999995 residential 
33.45062200 -118.50986370
33.45064260 -118.50986740
33.45065020 -118.50980720
33.45062950 -118.50980350
33.45062200 -118.50986370
5 2.59999990 residential 
33.44054540 -118.50017530
33.44055880 -118.50021260
33.44058990 -118.50019670
33.44057650 -118.50015940
33.44054540 -118.50017530
5 2.70000005 industrial 
33.44485830 -118.48315880
33.44485880 -118.48318810
33.44490660 -118.48318700
33.44490610 -118.48315770
33.44485830 -118.48315880
5 2.50000000 industrial 
33.43261170 -118.50239430
33.43264960 -118.50242030
33.43266980 -118.50237870
33.43263200 -118.50235260
33.43261170 -118.50239430
5 3.59999990 residential 
33.43694150 -118.46053100
33.43697350 -118.46051490
33.43694120 -118.46042350
33.43690920 -118.46043970
33.43694150 -118.46053100
5 3.90000010 residential 
33.44129650 -118.49899830
33.44124830 -118.49903070
33.44129340 -118.49912630
33.44134170 -118.49909390
33.44129650 -118.49899830
5 3.90000010 residential 
33.45035060 -118.51287100
33.45032930 -118.51290360
33.45035720 -118.51294260
33.45037590 -118.51291770
33.45035060 -118.51287100
5 3.29999995 residential 
33.46087090 -118.52434720
33.46085280 -118.52439000
33.46091240 -118.52442580
33.46093050 -118.52438300
33.46087090 -118.52434720
5 2.59999990 residential 
33.44462330 -118.48289910
33.44462400 -118.48292820
33.44465150 -118.48292730
33.44465080 -118.48289820
33.44462330 -118.48289910
5 2.70000005 industrial 
33.44525080 -118.47873300
33.44527200 -118.47873990
33.44528660 -118.47867570
33.44526550 -118.47866880
33.44525080 -118.47873300
5 3.09999990 residential 
33.44013210 -118.49995730
33.44009730 -118.49998310
33.44013060 -118.50004700
33.44016540 -118.50002120
33.44013210 -118.49995730
5 3.70000005 residential 
33.43868840 -118.49509770
33.43870740 -118.49507620
33.43867670 -118.49503780
33.43865780 -118.49505950
33.43868840 -118.49509770
5 3.20000005 residential 
33.43734440 -118.46104320
33.43735500 -118.46103020
33.43729090 -118.46095620
33.43728000 -118.46096970
33.43734440 -118.46104320
5 6.59999990 residential 
33.46039390 -118.52552900
33.46032960 -118.52549940
33.46029720 -118.52559940
33.46036150 -118.52562910
33.46039390 -118.52552900
5 3.79999995 residential 
33.46080690 -118.52448250
33.46078370 -118.52453690
33.46082760 -118.52456350
33.46085080 -118.52450910
33.46080690 -118.52448250
5 4.59999990 residential 
33.43966330 -118.49889560
33.43965030 -118.49886750
33.43956480 -118.49892390
33.43957780 -118.49895200
33.43966330 -118.49889560
5 5.30000019 residential 
33.44720610 -118.50215710
33.44715230 -118.50214650
33.44713220 -118.50229120
33.44718590 -118.50230180
33.44720610 -118.50215710
5 2.59999990 residential Blue Water Cruising Club Hut
33.45880070 -118.51834500
33.45876320 -118.51827930
33.45871670 -118.51831700
33.45875420 -118.51838270
33.45880070 -118.51834500
5 3.09999990 residential 
33.45034610 -118.50590490
33.45042840 -118.50590520
33.45042870 -118.50579340
33.45034640 -118.50579310
33.45034610 -118.50590490
5 3.00000000 residential 
33.44048560 -118.49901310
33.44044780 -118.49903590
33.44047140 -118.49909170
33.44050920 -118.49906890
33.44048560 -118.49901310
5 3.09999990 residential 
33.46201910 -118.52288410
33.46200560 -118.52291330
33.46206030 -118.52294900
33.46207370 -118.52291990
33.46201910 -118.52288410
5 3.09999990 residential 
33.43717460 -118.46078870
33.43716090 -118.46080220
33.43721610 -118.46088200
33.43722990 -118.46086850
33.43717460 -118.46078870
5 3.59999990 residential 
33.46161970 -118.52363790
33.46158740 -118.52361060
33.46153590 -118.52369740
33.46156820 -118.52372470
33.46161970 -118.52363790
5 3.90000010 residential 
33.44101100 -118.49725090
33.44097910 -118.49726540
33.44099260 -118.49730780
33.44102440 -118.49729330
33.44101100 -118.49725090
5 3.29999995 residential 
33.46096910 -118.52422210
33.46092860 -118.52419740
33.46090580 -118.52425060
33.46094640 -118.52427530
33.46096910 -118.52422210
5 3.59999990 residential 
33.46133260 -118.52248040
33.46131800 -118.52250730
33.46133870 -118.52252330
33.46135330 -118.52249640
33.46133260 -118.52248040
5 3.29999995 residential 
33.46074160 -118.52411700
33.46072600 -118.52414340
33.46076730 -118.52417800
33.46078280 -118.52415160
33.46074160 -118.52411700
5 3.29999995 residential 
33.43851650 -118.49127410
33.43849550 -118.49126700
33.43848050 -118.49133030
33.43850150 -118.49133730
33.43851650 -118.49127410
5 2.70000005 residential 
33.45057580 -118.50979370
33.45056880 -118.50985530
33.45058930 -118.50985860
33.45059620 -118.50979700
33.45057580 -118.50979370
5 3.59999990 residential 
33.43995670 -118.49916380
33.43994420 -118.49913680
33.43989520 -118.49916890
33.43990770 -118.49919600
33.43995670 -118.49916380
5 2.70000005 residential 
33.46109610 -118.52466110
33.46107520 -118.52464990
33.46102960 -118.52477010
33.46105050 -118.52478140
33.46109610 -118.52466110
6 7.00000000 residential 
33.44165600 -118.49164150
33.44158780 -118.49164630
33.44159020 -118.49169490
33.44164230 -118.49170920
33.44166610 -118.49167310
33.44165600 -118.49164150
6 2.70000005 residential 
33.45677150 -118.51586510
33.45678860 -118.51591000
33.45682830 -118.51588850
33.45682470 -118.51586310
33.45681120 -118.51584360
33.45677150 -118.51586510
6 3.50000000 residential 
33.43954820 -118.49189780
33.43960930 -118.49191260
33.43964270 -118.49185500
33.43959910 -118.49180050
33.43954500 -118.49182550
33.43954820 -118.49189780
7 3.40000010 residential 
33.44256640 -118.50005820
33.44252250 -118.50007110
33.44253080 -118.50011130
33.44256120 -118.50010230
33.44256380 -118.50011510
33.44257740 -118.50011120
33.44256640 -118.50005820
7 3.50000000 residential 
33.44094860 -118.49303990
33.44096490 -118.49300760
33.44096220 -118.49300570
33.44097090 -118.49298870
33.44095080 -118.49297410
33.44092580 -118.49302340
33.44094860 -118.49303990
7 3.79999995 residential Ranger House
33.43988500 -118.49134000
33.43988340 -118.49137920
33.43991570 -118.49138110
33.43991620 -118.49136850
33.43993930 -118.49136990
33.43994040 -118.49134320
33.43988500 -118.49134000
7 2.50000000 industrial 
33.44523650 -118.47866970
33.44519150 -118.47865720
33.44517990 -118.47871650
33.44520300 -118.47872300
33.44520210 -118.47872740
33.44522400 -118.47873350
33.44523650 -118.47866970
7 2.70000005 industrial 
33.44515670 -118.47864870
33.44513630 -118.47864860
33.44513630 -118.47864450
33.44510960 -118.47864440
33.44510940 -118.47870990
33.44515650 -118.47871010
33.44515670 -118.47864870
7 3.29999995 residential 
33.46170190 -118.52335470
33.46166990 -118.52332730
33.46164310 -118.52337170
33.46165950 -118.52338580
33.46165840 -118.52338760
33.46167400 -118.52340100
33.46170190 -118.52335470
7 6.00000000 residential 
33.44165370 -118.49819900
33.44162980 -118.49813190
33.44158990 -118.49806830
33.44153080 -118.49811250
33.44155520 -118.49818560
33.44159090 -118.49824130
33.44165370 -118.49819900
7 4.30000019 residential 
33.44137910 -118.49915730
33.44136780 -118.49913520
33.44133720 -118.49915750
33.44132400 -118.49913170
33.44126170 -118.49917710
33.44128630 -118.49922500
33.44137910 -118.49915730
7 2.90000010 residential 
33.46195240 -118.52363860
33.46192340 -118.52366950
33.46193000 -118.52367830
33.46192560 -118.52368290
33.46194150 -118.52370420
33.46197490 -118.52366870
33.46195240 -118.52363860
9 3.50000000 residential TC-H
33.43940080 -118.49136240
33.43942760 -118.49138680
33.43943470 -118.49137580
33.43945260 -118.49139220
33.43947250 -118.49136120
33.43945440 -118.49134470
33.43946180 -118.49133310
33.43943520 -118.49130880
33.43940080 -118.49136240
9 3.20000005 residential TC-A
33.43898110 -118.49177310
33.43901430 -118.49178300
33.43901720 -118.49176900
33.43903950 -118.49177570
33.43904690 -118.49174050
33.43902380 -118.49173360
33.43902690 -118.49171870
33.43899460 -118.49170900
33.43898110 -118.49177310
9 3.09999990 residential 
33.45078280 -118.50377010
33.45078080 -118.50381550
33.45081540 -118.50381760
33.45081610 -118.50380540
33.45082110 -118.50380570
33.45082160 -118.50379540
33.45081660 -118.50379500
33.45081790 -118.50377340
33.45078280 -118.50377010
9 3.20000005 residential 
33.43854890 -118.49503940
33.43853430 -118.49501960
33.43852310 -118.49503130
33.43865630 -118.49521220
33.43867200 -118.49519570
33.43865630 -118.49517450
33.43866340 -118.49516700
33.43856050 -118.49502730
33.43854890 -118.49503940
9 3.29999995 residential 
33.46118550 -118.52413320
33.46122780 -118.52416430
33.46125070 -118.52411980
33.46125600 -118.52412370
33.46126240 -118.52411130
33.46125600 -118.52410660
33.46127240 -118.52407470
33.46123130 -118.52404450
33.46118550 -118.52413320
9 3.00000000 residential 
33.44670650 -118.50385850
33.44669970 -118.50385390
33.44670640 -118.50383960
33.44668050 -118.50382230
33.44667410 -118.50383590
33.44666660 -118.50383090
33.44663050 -118.50390760
33.44667070 -118.50393450
33.44670650 -118.50385850
9 4.09999990 residential 
33.46172860 -118.52305880
33.46168870 -118.52313540
33.46169570 -118.52314060
33.46169190 -118.52314800
33.46172930 -118.52317580
33.46173590 -118.52316300
33.46177490 -118.52319200
33.46181210 -118.52312070
33.46172860 -118.52305880
9 4.09999990 residential 
33.44152930 -118.49960470
33.44147510 -118.49949170
33.44153820 -118.49944860
33.44152100 -118.49941270
33.44139010 -118.49950200
33.44143940 -118.49960470
33.44141200 -118.49962340
33.44143410 -118.49966960
33.44152930 -118.49960470
9 2.70000005 residential TC-X
33.43903570 -118.49193310
33.43906100 -118.49190690
33.43905410 -118.49189750
33.43907130 -118.49187960
33.43905000 -118.49185030
33.43903310 -118.49186770
33.43902540 -118.49185710
33.43899970 -118.49188380
33.43903570 -118.49193310
9 4.00000000 commercial 
33.44115450 -118.49891970
33.44114780 -118.49890710
33.44112980 -118.49892060
33.44115840 -118.49897490
33.44117620 -118.49896160
33.44117490 -118.49895900
33.44121800 -118.49892660
33.44119730 -118.49888750
33.44115450 -118.49891970
9 2.59999990 residential TC-F
33.43927330 -118.49132510
33.43929090 -118.49135850
33.43930120 -118.49135080
33.43931240 -118.49137220
33.43933950 -118.49135200
33.43932790 -118.49132990
33.43933790 -118.49132250
33.43932150 -118.49128920
33.43927330 -118.49132510
9 3.20000005 residential 
33.43863100 -118.49505800
33.43865380 -118.49503310
33.43859900 -118.49496170
33.43858740 -118.49497440
33.43857490 -118.49495820
33.43856710 -118.49496560
33.43857980 -118.49498470
33.43857690 -118.49498750
33.43863100 -118.49505800
9 4.50000000 residential 
33.44098540 -118.50125110
33.44099580 -118.50124400
33.44097880 -118.50120880
33.44096990 -118.50121500
33.44095520 -118.50118440
33.44089640 -118.50122480
33.44096760 -118.50137220
33.44102480 -118.50133290
33.44098540 -118.50125110
9 2.40000010 residential TC-C
33.43934940 -118.49183700
33.43938270 -118.49183640
33.43938250 -118.49182250
33.43940500 -118.49182210
33.43940450 -118.49178470
33.43938210 -118.49178510
33.43938190 -118.49177040
33.43934860 -118.49177100
33.43934940 -118.49183700
9 2.59999990 industrial 
33.44560050 -118.48286220
33.44559660 -118.48285920
33.44558930 -118.48285870
33.44558250 -118.48285980
33.44557810 -118.48286220
33.44557900 -118.48299530
33.44559370 -118.48299770
33.44560240 -118.48299360
33.44560050 -118.48286220
9 2.59999990 residential 
33.46076240 -118.52534790
33.46072570 -118.52533640
33.46072370 -118.52534550
33.46071900 -118.52534400
33.46071530 -118.52536080
33.46072170 -118.52536280
33.46071760 -118.52538100
33.46075280 -118.52539200
33.46076240 -118.52534790
9 3.20000005 residential TC-L
33.44056600 -118.49123400
33.44059460 -118.49125440
33.44060090 -118.49124170
33.44062070 -118.49125580
33.44063640 -118.49122440
33.44061660 -118.49121030
33.44062360 -118.49119620
33.44059510 -118.49117580
33.44056600 -118.49123400
9 4.90000010 industrial 
33.43293430 -118.50867840
33.43298100 -118.50873100
33.43307820 -118.50860830
33.43307320 -118.50860270
33.43308850 -118.50858330
33.43304880 -118.50853850
33.43303260 -118.50855910
33.43303060 -118.50855690
33.43293430 -118.50867840
9 2.50000000 residential TC-B
33.43926120 -118.49193830
33.43929470 -118.49193300
33.43929320 -118.49191940
33.43931490 -118.49191610
33.43931030 -118.49187380
33.43928820 -118.49187720
33.43928710 -118.49186730
33.43925400 -118.49187240
33.43926120 -118.49193830
9 2.70000005 residential 
33.44161310 -118.49936830
33.44162240 -118.49939570
33.44166560 -118.49937480
33.44166470 -118.49937200
33.44167110 -118.49936890
33.44166330 -118.49934600
33.44165660 -118.49934930
33.44165600 -118.49934760
33.44161310 -118.49936830
9 3.29999995 residential TC-J
33.43959800 -118.49133410
33.43963070 -118.49132290
33.43962750 -118.49130980
33.43964910 -118.49130240
33.43964040 -118.49126620
33.43961820 -118.49127380
33.43961500 -118.49126060
33.43958300 -118.49127160
33.43959800 -118.49133410
9 3.20000005 residential TC-I
33.43961530 -118.49149890
33.43964890 -118.49149450
33.43964750 -118.49147900
33.43966920 -118.49147620
33.43966620 -118.49144320
33.43964410 -118.49144610
33.43964260 -118.49142990
33.43960950 -118.49143420
33.43961530 -118.49149890
9 2.59999990 residential TC-E
33.43919040 -118.49146380
33.43920410 -118.49142880
33.43919130 -118.49142170
33.43920100 -118.49139730
33.43917460 -118.49138260
33.43916490 -118.49140750
33.43915370 -118.49140130
33.43914020 -118.49143580
33.43919040 -118.49146380
9 4.69999981 residential 
33.46118730 -118.52382640
33.46118640 -118.52376570
33.46108890 -118.52376770
33.46108900 -118.52377330
33.46107830 -118.52377350
33.46107900 -118.52382110
33.46109110 -118.52382080
33.46109120 -118.52382840
33.46118730 -118.52382640
9 3.50000000 residential TC-K
33.44063650 -118.49141790
33.44066540 -118.49139470
33.44065850 -118.49138240
33.44067690 -118.49136760
33.44066010 -118.49133780
33.44064140 -118.49135290
33.44063380 -118.49133940
33.44060520 -118.49136240
33.44063650 -118.49141790
9 2.70000005 residential 
33.44477230 -118.48314220
33.44478670 -118.48314220
33.44478670 -118.48312550
33.44477230 -118.48312540
33.44477230 -118.48300000
33.44474510 -118.48300000
33.44474510 -118.48316670
33.44477230 -118.48316670
33.44477230 -118.48314220
9 2.59999990 residential TC-G
33.43944730 -118.49160420
33.43947980 -118.49161450
33.43948310 -118.49159960
33.43950370 -118.49160620
33.43951130 -118.49157210
33.43949010 -118.49156540
33.43949330 -118.49155100
33.43946140 -118.49154090
33.43944730 -118.49160420
9 2.70000005 residential 
33.46214750 -118.52341280
33.46215170 -118.52341530
33.46214760 -118.52342480
33.46216380 -118.52343480
33.46216770 -118.52342560
33.46218570 -118.52343670
33.46222500 -118.52334540
33.46218670 -118.52332190
33.46214750 -118.52341280
9 2.59999990 residential TC-D
33.43923390 -118.49177470
33.43926950 -118.49177240
33.43926880 -118.49175740
33.43928910 -118.49175610
33.43928750 -118.49172060
33.43926520 -118.49172200
33.43926450 -118.49170660
33.43923090 -118.49170880
33.43923390 -118.49177470
9 4.80000019 residential 
33.44108790 -118.49859400
33.44110460 -118.49858250
33.44104720 -118.49846390
33.44103030 -118.49847550
33.44101370 -118.49844130
33.44095500 -118.49848180
33.44104380 -118.49866520
33.44110270 -118.49862450
33.44108790 -118.49859400
11 3.09999990 residential 
33.42744930 -118.44250370
33.42745920 -118.44250140
33.42745630 -118.44248270
33.42744660 -118.44248480
33.42744260 -118.44245940
33.42740330 -118.44246820
33.42741030 -118.44251230
33.42739220 -118.44251640
33.42740070 -118.44257070
33.42745790 -118.44255790
33.42744930 -118.44250370
11 5.80000019 industrial 
33.43351930 -118.45606260
33.43357870 -118.45596770
33.43348560 -118.45588480
33.43348420 -118.45588700
33.43340800 -118.45581920
33.43341270 -118.45581170
33.43340620 -118.45580590
33.43337030 -118.45586320
33.43345280 -118.45593660
33.43342510 -118.45597880
33.43351930 -118.45606260
5 2.70000005 residential 
33.42787890 -118.44044820
33.42788710 -118.44042040
33.42784600 -118.44040330
33.42783780 -118.44043110
33.42787890 -118.44044820
5 2.70000005 residential 
33.42817590 -118.43966290
33.42815140 -118.43965910
33.42814780 -118.43969070
33.42817230 -118.43969460
33.42817590 -118.43966290
5 2.50000000 residential 
33.42615960 -118.44236380
33.42614210 -118.44237310
33.42617960 -118.44247370
33.42619710 -118.44246440
33.42615960 -118.44236380
5 2.59999990 residential 
33.42744460 -118.44121710
33.42743150 -118.44126130
33.42751770 -118.44129760
33.42753080 -118.44125340
33.42744460 -118.44121710
5 2.59999990 residential 
33.42731460 -118.44142920
33.42728440 -118.44145790
33.42731280 -118.44150050
33.42734300 -118.44147170
33.42731460 -118.44142920
5 2.50000000 residential 
33.42618950 -118.44234580
33.42617200 -118.44235520
33.42620210 -118.44243480
33.42621960 -118.44242540
33.42618950 -118.44234580
5 3.20000005 industrial 
33.43344800 -118.45548770
33.43342410 -118.45551660
33.43348350 -118.45558630
33.43350740 -118.45555740
33.43344800 -118.45548770
5 2.59999990 residential 
33.42741740 -118.44107750
33.42741020 -118.44110220
33.42748110 -118.44113150
33.42748830 -118.44110680
33.42741740 -118.44107750
5 2.50000000 residential 
33.42604430 -118.44241360
33.42600670 -118.44240260
33.42599590 -118.44245470
33.42603360 -118.44246570
33.42604430 -118.44241360
5 2.70000005 residential 
33.42605240 -118.44234000
33.42602020 -118.44233820
33.42601820 -118.44239150
33.42605040 -118.44239320
33.42605240 -118.44234000
5 2.59999990 residential 
33.42771960 -118.43971040
33.42770340 -118.43972250
33.42772220 -118.43975840
33.42773840 -118.43974630
33.42771960 -118.43971040
7 6.19999981 industrial 
33.43331710 -118.45541310
33.43334980 -118.45537610
33.43331490 -118.45533240
33.43331090 -118.45533690
33.43330260 -118.45532650
33.43327400 -118.45535890
33.43331710 -118.45541310
7 2.59999990 residential 
33.42806600 -118.44022880
33.42805870 -118.44025300
33.42808030 -118.44026240
33.42807860 -118.44026800
33.42810620 -118.44028000
33.42811530 -118.44025010
33.42806600 -118.44022880
7 2.79999995 industrial 
33.43356250 -118.45560050
33.43354250 -118.45557810
33.43354020 -118.45558100
33.43352800 -118.45556740
33.43349700 -118.45560680
33.43352870 -118.45564350
33.43356250 -118.45560050
8 2.70000005 residential 
33.42604820 -118.44248370
33.42603880 -118.44248220
33.42603910 -118.44247960
33.42601920 -118.44247630
33.42601330 -118.44252780
33.42601080 -118.44257660
33.42603760 -118.44257620
33.42604820 -118.44248370
9 2.70000005 residential 
33.42814350 -118.44002400
33.42814340 -118.44002150
33.42813720 -118.44002180
33.42813820 -118.44005150
33.42815910 -118.44005050
33.42815880 -118.44004300
33.42816060 -118.44004290
33.42815990 -118.44002320
33.42814350 -118.44002400
9 3.40000010 residential 
33.42742860 -118.44238770
33.42739280 -118.44239720
33.42739670 -118.44241860
33.42739450 -118.44241920
33.42740090 -118.44245430
33.42740290 -118.44245380
33.42740430 -118.44246130
33.42744050 -118.44245200
33.42742860 -118.44238770
9 2.59999990 residential 
33.42746220 -118.44168030
33.42746140 -118.44168010
33.42746290 -118.44167260
33.42744420 -118.44166740
33.42744290 -118.44167400
33.42744140 -118.44167360
33.42743340 -118.44171450
33.42745430 -118.44172040
33.42746220 -118.44168030
9 2.50000000 residential 
33.42807010 -118.43996880
33.42806760 -118.43996820
33.42805970 -118.44001270
33.42808570 -118.44001920
33.42808970 -118.43999650
33.42810750 -118.44000100
33.42811470 -118.43996000
33.42807360 -118.43994880
33.42807010 -118.43996880
14 3.40000010 residential 
33.40408480 -118.36962190
33.40408890 -118.36962380
33.40409330 -118.36961020
33.40408970 -118.36960860
33.40409110 -118.36960440
33.40404090 -118.36958100
33.40403990 -118.36958420
33.40403430 -118.36958160
33.40402970 -118.36959570
33.40403490 -118.36959810
33.40399460 -118.36972110
33.40404470 -118.36974440
33.40405460 -118.36971420
33.40408480 -118.36962190
5 2.70000005 residential 
33.40417890 -118.37007700
33.40418940 -118.37003740
33.40415280 -118.37002350
33.40414220 -118.37006310
33.40417890 -118.37007700
5 2.79999995 residential 
33.40388140 -118.37052170
33.40387160 -118.37054770
33.40392450 -118.37057620
33.40393440 -118.37055030
33.40388140 -118.37052170
5 3.90000010 residential 
33.40596530 -118.37080370
33.40599170 -118.37078770
33.40595960 -118.37071250
33.40593310 -118.37072850
33.40596530 -118.37080370
5 3.90000010 residential 
33.40528530 -118.36981840
33.40531040 -118.36989050
33.40540710 -118.36984260
33.40538200 -118.36977060
33.40528530 -118.36981840
5 2.70000005 residential 
33.40385830 -118.37026340
33.40388980 -118.37026090
33.40388750 -118.37022090
33.40385600 -118.37022340
33.40385830 -118.37026340
5 4.30000019 residential 
33.40560500 -118.36996100
33.40565080 -118.37005890
33.40574480 -118.36999640
33.40569900 -118.36989850
33.40560500 -118.36996100
5 2.70000005 residential 
33.40411940 -118.37005290
33.40413060 -118.37001670
33.40409580 -118.37000130
33.40408460 -118.37003760
33.40411940 -118.37005290
5 2.79999995 residential 
33.40386990 -118.37055640
33.40386180 -118.37058370
33.40391500 -118.37060600
33.40392300 -118.37057870
33.40386990 -118.37055640
5 2.70000005 residential 
33.40619100 -118.37250150
33.40618730 -118.37252860
33.40624450 -118.37253960
33.40624820 -118.37251250
33.40619100 -118.37250150
5 3.70000005 residential 
33.40533560 -118.37006630
33.40549140 -118.36997010
33.40546150 -118.36990080
33.40530580 -118.36999700
33.40533560 -118.37006630
5 2.90000010 residential 
33.40388700 -118.37048650
33.40387860 -118.37051390
33.40393200 -118.37053710
33.40394040 -118.37050980
33.40388700 -118.37048650
5 5.69999981 residential 
33.40602200 -118.37001790
33.40603580 -118.37008610
33.40610100 -118.37006730
33.40608710 -118.36999910
33.40602200 -118.37001790
5 2.50000000 residential 
33.40406540 -118.37003080
33.40407570 -118.36999350
33.40403800 -118.36997870
33.40402770 -118.37001610
33.40406540 -118.37003080
7 4.30000019 residential 
33.40368690 -118.36959840
33.40368770 -118.36963790
33.40370920 -118.36966220
33.40375880 -118.36964210
33.40376150 -118.36960200
33.40373950 -118.36957830
33.40368690 -118.36959840
7 4.50000000 residential 
33.40441340 -118.36932160
33.40444060 -118.36931130
33.40444360 -118.36924180
33.40441620 -118.36922940
33.40438690 -118.36924170
33.40438690 -118.36930830
33.40441340 -118.36932160
7 4.00000000 residential 
33.40372530 -118.36969890
33.40372750 -118.36973370
33.40374310 -118.36976220
33.40379520 -118.36973850
33.40379390 -118.36970490
33.40377290 -118.36967580
33.40372530 -118.36969890
7 4.30000019 residential 
33.40413750 -118.36920810
33.40411150 -118.36919070
33.40408190 -118.36919550
33.40407340 -118.36926390
33.40409650 -118.36928120
33.40412530 -118.36927400
33.40413750 -118.36920810
7 5.00000000 residential 
33.40433930 -118.36922730
33.40431090 -118.36923850
33.40430920 -118.36930450
33.40433740 -118.36931930
33.40436370 -118.36930800
33.40436710 -118.36924010
33.40433930 -118.36922730
7 4.90000010 residential 
33.40449180 -118.36922860
33.40446420 -118.36924200
33.40446460 -118.36930800
33.40449460 -118.36932030
33.40452130 -118.36930800
33.40452090 -118.36924050
33.40449180 -118.36922860
7 4.69999981 residential 
33.40422860 -118.36929620
33.40425550 -118.36931250
33.40428350 -118.36930430
33.40428940 -118.36923480
33.40426290 -118.36921900
33.40423460 -118.36922870
33.40422860 -118.36929620
7 4.09999990 residential 
33.40387460 -118.36958520
33.40385060 -118.36956200
33.40379730 -118.36959280
33.40380350 -118.36962890
33.40382810 -118.36965580
33.40387890 -118.36962420
33.40387460 -118.36958520
7 4.00000000 residential 
33.40383640 -118.36953050
33.40383320 -118.36949020
33.40381150 -118.36946690
33.40375680 -118.36949890
33.40376450 -118.36953380
33.40378410 -118.36956010
33.40383640 -118.36953050
7 4.00000000 residential 
33.40390810 -118.36931510
33.40389590 -118.36928410
33.40383820 -118.36928600
33.40383200 -118.36932030
33.40384060 -118.36935590
33.40389640 -118.36935000
33.40390810 -118.36931510
7 5.80000019 residential 
33.40605340 -118.37011390
33.40604190 -118.37014950
33.40605120 -118.37018520
33.40610190 -118.37018770
33.40611330 -118.37015570
33.40610450 -118.37011790
33.40605340 -118.37011390
7 4.90000010 residential 
33.40456920 -118.36922290
33.40454160 -118.36924020
33.40454700 -118.36930730
33.40457740 -118.36931660
33.40460370 -118.36929870
33.40459740 -118.36923370
33.40456920 -118.36922290
7 4.50000000 residential 
33.40418740 -118.36920810
33.40415860 -118.36921440
33.40414850 -118.36927980
33.40417410 -118.36929910
33.40420240 -118.36929190
33.40421340 -118.36922600
33.40418740 -118.36920810
10 6.50000000 residential 
33.40465180 -118.36962110
33.40464090 -118.36961810
33.40464500 -118.36959960
33.40458680 -118.36958130
33.40458150 -118.36960520
33.40457330 -118.36960260
33.40455750 -118.36969090
33.40459190 -118.36971020
33.40463350 -118.36970720
33.40465180 -118.36962110
5 2.50000000 residential 
33.40390640 -118.41391600
33.40389300 -118.41393570
33.40391880 -118.41396070
33.40393230 -118.41394100
33.40390640 -118.41391600
5 2.79999995 residential 
33.40328940 -118.41471550
33.40330040 -118.41472550
33.40331990 -118.41469500
33.40330880 -118.41468500
33.40328940 -118.41471550
5 2.70000005 residential 
33.40198470 -118.41481340
33.40198800 -118.41484720
33.40201890 -118.41484290
33.40201560 -118.41480910
33.40198470 -118.41481340
9 4.30000019 residential 
33.40355040 -118.41446330
33.40355990 -118.41440770
33.40354720 -118.41440460
33.40354800 -118.41440020
33.40353800 -118.41439770
33.40353730 -118.41440170
33.40352580 -118.41439890
33.40351620 -118.41445500
33.40355040 -118.41446330
5 4.69999981 residential 
33.38596640 -118.45289080
33.38599430 -118.45287690
33.38597880 -118.45283270
33.38595090 -118.45284660
33.38596640 -118.45289080
5 5.00000000 residential 
33.38556570 -118.45252970
33.38552560 -118.45250970
33.38550640 -118.45256520
33.38554650 -118.45258520
33.38556570 -118.45252970
5 4.30000019 residential 
33.37790310 -118.45898740
33.37787710 -118.45897400
33.37786400 -118.45901040
33.37789000 -118.45902370
33.37790310 -118.45898740
5 4.19999981 residential 
33.37777100 -118.45853410
33.37777220 -118.45856310
33.37779930 -118.45856140
33.37779810 -118.45853250
33.37777100 -118.45853410
9 6.69999981 residential 
33.38653660 -118.44989910
33.38650780 -118.44999720
33.38663220 -118.45004960
33.38663330 -118.45004570
33.38665270 -118.45005380
33.38667560 -118.44997570
33.38665650 -118.44996770
33.38666130 -118.44995160
33.38653660 -118.44989910
9 5.09999990 residential 
33.38552850 -118.45153440
33.38555900 -118.45155760
33.38557250 -118.45153210
33.38559460 -118.45154900
33.38562480 -118.45149210
33.38560230 -118.45147500
33.38564380 -118.45139660
33.38561370 -118.45137370
33.38552850 -118.45153440
5 6.50000000 garage 
33.35612660 -118.44574400
33.35613990 -118.44566600
33.35605610 -118.44564550
33.35604280 -118.44572350
33.35612660 -118.44574400
13 4.19999981 residential 
33.35700820 -118.43741240
33.35710080 -118.43742850
33.35710360 -118.43740520
33.35714680 -118.43741270
33.35714810 -118.43740190
33.35715790 -118.43740360
33.35716320 -118.43736010
33.35715340 -118.43735850
33.35715470 -118.43734750
33.35711070 -118.43733990
33.35711680 -118.43729030
33.35702510 -118.43727390
33.35700820 -118.43741240
13 3.29999995 residential 
33.35645680 -118.44148430
33.35642570 -118.44144920
33.35643970 -118.44143160
33.35641310 -118.44140160
33.35640090 -118.44141700
33.35639810 -118.44141390
33.35633850 -118.44148890
33.35633130 -118.44148080
33.35631270 -118.44150430
33.35631850 -118.44151080
33.35630280 -118.44153060
33.35636460 -118.44160030
33.35645680 -118.44148430
13 6.19999981 residential 
33.35822960 -118.45269090
33.35828420 -118.45266100
33.35826650 -118.45261530
33.35829450 -118.45260000
33.35828490 -118.45257530
33.35830450 -118.45256450
33.35828460 -118.45251280
33.35828690 -118.45251150
33.35827610 -118.45248380
33.35820880 -118.45252110
33.35821830 -118.45254550
33.35818140 -118.45256590
33.35822960 -118.45269090
13 4.30000019 residential 
33.35504480 -118.43442780
33.35510470 -118.43434500
33.35506760 -118.43430690
33.35507620 -118.43429500
33.35508730 -118.43430640
33.35512630 -118.43425250
33.35504930 -118.43417340
33.35501180 -118.43422520
33.35505100 -118.43426560
33.35504180 -118.43427830
33.35500080 -118.43423620
33.35494000 -118.43432010
33.35504480 -118.43442780
16 7.19999981 residential 
33.35610350 -118.43538840
33.35612640 -118.43541140
33.35614150 -118.43539000
33.35611900 -118.43536730
33.35612920 -118.43535300
33.35605990 -118.43528330
33.35602630 -118.43533070
33.35601430 -118.43531860
33.35603370 -118.43529120
33.35601210 -118.43526940
33.35594540 -118.43536350
33.35594560 -118.43540930
33.35595750 -118.43542130
33.35593730 -118.43544970
33.35600890 -118.43552190
33.35610350 -118.43538840
5 3.50000000 garage 
33.35677750 -118.43623960
33.35676190 -118.43620110
33.35668300 -118.43628380
33.35670570 -118.43631490
33.35677750 -118.43623960
5 3.09999990 residential 
33.35527300 -118.43998980
33.35527840 -118.44001460
33.35530000 -118.44000790
33.35529460 -118.43998320
33.35527300 -118.43998980
5 3.90000010 residential 
33.35509270 -118.44016330
33.35506010 -118.44017430
33.35508190 -118.44026540
33.35511440 -118.44025440
33.35509270 -118.44016330
5 2.59999990 residential 
33.35805210 -118.46103790
33.35802450 -118.46101400
33.35797570 -118.46109390
33.35800310 -118.46111810
33.35805210 -118.46103790
5 2.90000010 garage 
33.35645210 -118.43664550
33.35643000 -118.43663240
33.35641210 -118.43667540
33.35643420 -118.43668850
33.35645210 -118.43664550
5 3.90000010 garage 
33.35577160 -118.44529230
33.35582340 -118.44529180
33.35582280 -118.44520510
33.35577100 -118.44520560
33.35577160 -118.44529230
5 4.80000019 residential 
33.35624070 -118.43712350
33.35617700 -118.43710530
33.35613140 -118.43724270
33.35619040 -118.43728070
33.35624070 -118.43712350
5 2.50000000 residential 
33.35868710 -118.46105610
33.35865680 -118.46104090
33.35864320 -118.46107920
33.35867350 -118.46109450
33.35868710 -118.46105610
5 3.79999995 residential 
33.35628120 -118.43559120
33.35629810 -118.43557380
33.35622610 -118.43547490
33.35620920 -118.43549240
33.35628120 -118.43559120
5 3.00000000 residential 
33.35566270 -118.43726050
33.35566570 -118.43729680
33.35577840 -118.43725700
33.35577090 -118.43722930
33.35566270 -118.43726050
5 4.59999990 residential 
33.35604960 -118.44194620
33.35612180 -118.44192860
33.35609400 -118.44176610
33.35602180 -118.44178370
33.35604960 -118.44194620
5 3.70000005 residential 
33.35519370 -118.43979770
33.35518780 -118.43976660
33.35515010 -118.43977690
33.35515600 -118.43980800
33.35519370 -118.43979770
5 3.90000010 residential 
33.35504630 -118.44021100
33.35500170 -118.44022500
33.35502750 -118.44034090
33.35507200 -118.44032680
33.35504630 -118.44021100
5 3.20000005 residential 
33.35514220 -118.43428810
33.35512330 -118.43427000
33.35510060 -118.43430380
33.35511950 -118.43432200
33.35514220 -118.43428810
5 4.00000000 residential 
33.35263000 -118.42216840
33.35260920 -118.42215950
33.35257540 -118.42227160
33.35259620 -118.42228050
33.35263000 -118.42216840
5 3.20000005 garage 
33.35578360 -118.44099300
33.35577680 -118.44095850
33.35573890 -118.44096910
33.35574570 -118.44100360
33.35578360 -118.44099300
5 4.69999981 residential 
33.35640710 -118.43669890
33.35634150 -118.43665400
33.35627140 -118.43679960
33.35633710 -118.43684450
33.35640710 -118.43669890
5 3.59999990 garage 
33.35595320 -118.44050990
33.35592160 -118.44039090
33.35586310 -118.44041300
33.35589470 -118.44053190
33.35595320 -118.44050990
5 2.59999990 residential 
33.35861080 -118.46051490
33.35863400 -118.46048580
33.35857270 -118.46041650
33.35854950 -118.46044560
33.35861080 -118.46051490
5 3.70000005 residential 
33.35612770 -118.43608910
33.35614390 -118.43610560
33.35621460 -118.43600750
33.35619840 -118.43599090
33.35612770 -118.43608910
5 2.59999990 residential 
33.35875580 -118.46077780
33.35878870 -118.46076450
33.35876190 -118.46067050
33.35872900 -118.46068380
33.35875580 -118.46077780
5 2.70000005 residential 
33.35131030 -118.43419430
33.35131510 -118.43421990
33.35135550 -118.43420910
33.35135070 -118.43418350
33.35131030 -118.43419430
5 5.80000019 residential 
33.35492930 -118.43906250
33.35490490 -118.43903240
33.35486350 -118.43908020
33.35488780 -118.43911020
33.35492930 -118.43906250
5 3.90000010 industrial James H. Ackerman Native Plant Nursery
33.35578090 -118.43727190
33.35567390 -118.43730520
33.35571260 -118.43748850
33.35582350 -118.43745610
33.35578090 -118.43727190
5 4.69999981 commercial 
33.35565970 -118.44536610
33.35558470 -118.44534580
33.35557190 -118.44541310
33.35564690 -118.44543340
33.35565970 -118.44536610
5 3.59999990 residential 
33.35511200 -118.43982070
33.35510620 -118.43978750
33.35506880 -118.43979680
33.35507460 -118.43983000
33.35511200 -118.43982070
5 3.20000005 residential 
33.35653410 -118.43948760
33.35651430 -118.43947650
33.35647930 -118.43956510
33.35649910 -118.43957630
33.35653410 -118.43948760
5 4.09999990 residential 
33.35595610 -118.44108500
33.35602650 -118.44106210
33.35599020 -118.44090310
33.35591970 -118.44092590
33.35595610 -118.44108500
5 2.50000000 residential 
33.35813310 -118.46090480
33.35810510 -118.46088130
33.35805750 -118.46096170
33.35808520 -118.46098550
33.35813310 -118.46090480
5 2.50000000 residential 
33.35097230 -118.43359670
33.35098110 -118.43362120
33.35104240 -118.43359040
33.35103360 -118.43356580
33.35097230 -118.43359670
5 4.09999990 residential 
33.35698060 -118.43664500
33.35689020 -118.43667370
33.35692030 -118.43680880
33.35701080 -118.43678010
33.35698060 -118.43664500
5 2.70000005 residential 
33.35279270 -118.43438860
33.35278270 -118.43438170
33.35276130 -118.43442510
33.35277130 -118.43443200
33.35279270 -118.43438860
5 3.59999990 residential 
33.35515400 -118.43980980
33.35514740 -118.43977670
33.35510890 -118.43978760
33.35511550 -118.43982070
33.35515400 -118.43980980
5 3.09999990 residential 
33.35522770 -118.43983030
33.35518460 -118.43984490
33.35519260 -118.43987830
33.35523560 -118.43986370
33.35522770 -118.43983030
5 3.59999990 residential 
33.35504850 -118.43987990
33.35505860 -118.43992540
33.35517030 -118.43989000
33.35516020 -118.43984450
33.35504850 -118.43987990
5 3.70000005 residential 
33.35606700 -118.43602990
33.35608300 -118.43604660
33.35615590 -118.43594730
33.35613990 -118.43593060
33.35606700 -118.43602990
5 2.59999990 residential 
33.35621700 -118.44096210
33.35624350 -118.44094510
33.35621700 -118.44088650
33.35619050 -118.44090350
33.35621700 -118.44096210
5 2.70000005 residential 
33.35871120 -118.46062270
33.35873510 -118.46059160
33.35867320 -118.46052400
33.35864930 -118.46055510
33.35871120 -118.46062270
5 3.59999990 residential 
33.35494430 -118.44010650
33.35498560 -118.44009420
33.35496950 -118.44001730
33.35492820 -118.44002960
33.35494430 -118.44010650
5 4.19999981 residential 
33.35593780 -118.44064900
33.35586420 -118.44066730
33.35589280 -118.44083060
33.35596640 -118.44081230
33.35593780 -118.44064900
5 2.70000005 residential 
33.35865290 -118.46115260
33.35862250 -118.46113680
33.35858900 -118.46122780
33.35861940 -118.46124370
33.35865290 -118.46115260
5 3.90000010 residential 
33.35509680 -118.44030240
33.35510300 -118.44033380
33.35513830 -118.44032390
33.35513200 -118.44029250
33.35509680 -118.44030240
5 2.90000010 garage 
33.35623920 -118.43705360
33.35626200 -118.43706370
33.35627520 -118.43702150
33.35625240 -118.43701130
33.35623920 -118.43705360
5 4.30000019 residential 
33.35120210 -118.43445340
33.35117570 -118.43447260
33.35119850 -118.43451690
33.35122490 -118.43449760
33.35120210 -118.43445340
5 4.00000000 residential 
33.35703380 -118.43662420
33.35700730 -118.43662910
33.35701340 -118.43667620
33.35703990 -118.43667130
33.35703380 -118.43662420
5 2.59999990 residential 
33.35235340 -118.42245290
33.35239050 -118.42246800
33.35249460 -118.42210440
33.35245750 -118.42208930
33.35235340 -118.42245290
7 3.79999995 residential 
33.35509220 -118.43930020
33.35506810 -118.43930260
33.35507120 -118.43934970
33.35506850 -118.43934990
33.35507060 -118.43938150
33.35509750 -118.43937890
33.35509220 -118.43930020
7 3.09999990 residential 
33.35280160 -118.43431850
33.35282010 -118.43433130
33.35282550 -118.43432030
33.35283900 -118.43432970
33.35285100 -118.43430520
33.35281900 -118.43428300
33.35280160 -118.43431850
7 5.80000019 commercial 
33.35574150 -118.44539010
33.35569590 -118.44537610
33.35568830 -118.44541070
33.35567170 -118.44540560
33.35566370 -118.44544260
33.35572590 -118.44546180
33.35574150 -118.44539010
9 2.79999995 residential 
33.35807330 -118.45114020
33.35805370 -118.45115350
33.35804300 -118.45113090
33.35799460 -118.45116360
33.35800560 -118.45118670
33.35805380 -118.45115420
33.35810770 -118.45126730
33.35812760 -118.45125420
33.35807330 -118.45114020
9 3.50000000 residential 
33.35507280 -118.43983100
33.35506750 -118.43979960
33.35504420 -118.43980520
33.35504260 -118.43979610
33.35502910 -118.43979930
33.35503050 -118.43980750
33.35502790 -118.43980820
33.35503340 -118.43984050
33.35507280 -118.43983100
9 3.50000000 garage 
33.35624540 -118.44181100
33.35628660 -118.44179320
33.35628290 -118.44178100
33.35629750 -118.44177470
33.35628820 -118.44174420
33.35627140 -118.44175150
33.35626920 -118.44174440
33.35623020 -118.44176130
33.35624540 -118.44181100
9 3.79999995 residential 
33.35641480 -118.44128260
33.35648110 -118.44124730
33.35647160 -118.44122200
33.35646620 -118.44122490
33.35645900 -118.44120550
33.35643860 -118.44121640
33.35641360 -118.44114950
33.35637300 -118.44117110
33.35641480 -118.44128260
5 3.90000010 residential 
33.35559720 -118.43732260
33.35562240 -118.43746140
33.35565900 -118.43744520
33.35562310 -118.43731090
33.35559720 -118.43732260
9 2.70000005 residential 
33.35876070 -118.46084580
33.35872920 -118.46082940
33.35871340 -118.46087280
33.35873240 -118.46088260
33.35873020 -118.46088850
33.35874050 -118.46089390
33.35874230 -118.46088890
33.35874460 -118.46089010
33.35876070 -118.46084580
9 3.70000005 apartments 
33.35597200 -118.44523550
33.35596460 -118.44523090
33.35599240 -118.44516610
33.35593240 -118.44512930
33.35585290 -118.44531470
33.35589720 -118.44534190
33.35591430 -118.44530200
33.35593740 -118.44531620
33.35597200 -118.44523550
5 2.59999990 residential 
33.38680570 -118.40116350
33.38679140 -118.40116840
33.38680020 -118.40120460
33.38681450 -118.40119970
33.38680570 -118.40116350
5 2.50000000 residential 
33.37792410 -118.40903460
33.37790380 -118.40904100
33.37791160 -118.40907690
33.37793190 -118.40907060
33.37792410 -118.40903460
5 3.40000010 residential 
33.37422550 -118.40532340
33.37423450 -118.40535620
33.37427030 -118.40534220
33.37426130 -118.40530950
33.37422550 -118.40532340
5 4.00000000 residential 
33.36228590 -118.38285530
33.36233280 -118.38288660
33.36240420 -118.38273470
33.36235730 -118.38270340
33.36228590 -118.38285530
7 4.30000019 residential 
33.36241680 -118.38271280
33.36244700 -118.38273450
33.36244480 -118.38273880
33.36245310 -118.38274480
33.36249120 -118.38266960
33.36245270 -118.38264190
33.36241680 -118.38271280
5 3.20000005 residential 
33.36169230 -118.37162570
33.36172830 -118.37160720
33.36171070 -118.37155870
33.36167470 -118.37157730
33.36169230 -118.37162570
5 2.59999990 residential 
33.35701670 -118.35982170
33.35706080 -118.35978290
33.35703530 -118.35974140
33.35699130 -118.35978020
33.35701670 -118.35982170
5 3.50000000 residential 
33.35765050 -118.36050530
33.35765870 -118.36043300
33.35760780 -118.36042480
33.35759970 -118.36049710
33.35765050 -118.36050530
5 2.79999995 residential 
33.35755740 -118.36052820
33.35756940 -118.36045720
33.35752590 -118.36044660
33.35751380 -118.36051760
33.35755740 -118.36052820
5 2.70000005 residential 
33.35697270 -118.35975110
33.35702480 -118.35970520
33.35700020 -118.35966530
33.35694820 -118.35971130
33.35697270 -118.35975110
7 3.29999995 residential 
33.35766400 -118.36006140
33.35768640 -118.36006740
33.35768860 -118.36005580
33.35770120 -118.36005920
33.35770730 -118.36002690
33.35767230 -118.36001750
33.35766400 -118.36006140
5 3.50000000 residential 
33.35001650 -118.35262720
33.34999380 -118.35262990
33.34999750 -118.35267360
33.35002020 -118.35267090
33.35001650 -118.35262720
5 3.40000010 residential 
33.34987670 -118.35289360
33.34990650 -118.35290460
33.34992850 -118.35281980
33.34989870 -118.35280880
33.34987670 -118.35289360
9 4.69999981 residential 
33.35002610 -118.35265420
33.35007820 -118.35264730
33.35007340 -118.35259650
33.35009890 -118.35259300
33.35009530 -118.35255390
33.35008690 -118.35255500
33.35008150 -118.35249800
33.35001220 -118.35250720
33.35002610 -118.35265420
7 2.90000010 residential 
33.35482190 -118.33502170
33.35481810 -118.33499490
33.35481380 -118.33499580
33.35480920 -118.33496410
33.35476000 -118.33497410
33.35476830 -118.33503260
33.35482190 -118.33502170
15 2.59999990 residential 
33.39074110 -118.37090150
33.39073530 -118.37090110
33.39073530 -118.37089450
33.39066050 -118.37089070
33.39066110 -118.37088050
33.39063900 -118.37087920
33.39063830 -118.37089090
33.39063220 -118.37089050
33.39063000 -118.37094610
33.39063550 -118.37094640
33.39063510 -118.37095760
33.39065820 -118.37095910
33.39065880 -118.37094900
33.39073990 -118.37095320
33.39074110 -118.37090150
5 3.70000005 residential 
33.39054250 -118.37189360
33.39057270 -118.37192300
33.39061290 -118.37186440
33.39058260 -118.37183500
33.39054250 -118.37189360
5 2.50000000 residential 
33.39068950 -118.37059470
33.39071260 -118.37061730
33.39073400 -118.37058630
33.39071090 -118.37056370
33.39068950 -118.37059470
5 2.50000000 residential 
33.39059590 -118.37041090
33.39061580 -118.37043640
33.39064000 -118.37040940
33.39062010 -118.37038400
33.39059590 -118.37041090
5 3.29999995 residential 
33.39119860 -118.37065990
33.39118060 -118.37069410
33.39121360 -118.37071890
33.39123170 -118.37068470
33.39119860 -118.37065990
5 3.70000005 residential 
33.39496100 -118.37091610
33.39496640 -118.37089150
33.39491420 -118.37087540
33.39490890 -118.37090000
33.39496100 -118.37091610
5 3.09999990 residential 
33.38825350 -118.36739820
33.38826380 -118.36741600
33.38830570 -118.36738110
33.38829530 -118.36736340
33.38825350 -118.36739820
5 3.29999995 residential 
33.39113420 -118.37019630
33.39111190 -118.37016890
33.39108570 -118.37019930
33.39110810 -118.37022670
33.39113420 -118.37019630
5 3.70000005 residential 
33.39463770 -118.37090660
33.39462940 -118.37086780
33.39459750 -118.37087750
33.39460580 -118.37091630
33.39463770 -118.37090660
5 2.40000010 residential 
33.39068590 -118.37159760
33.39071060 -118.37162780
33.39073870 -118.37159520
33.39071400 -118.37156500
33.39068590 -118.37159760
5 2.59999990 residential 
33.39078650 -118.37261160
33.39082090 -118.37261510
33.39082430 -118.37256740
33.39079000 -118.37256380
33.39078650 -118.37261160
5 2.70000005 residential 
33.39057740 -118.37013820
33.39060550 -118.37013610
33.39060360 -118.37010220
33.39057560 -118.37010430
33.39057740 -118.37013820
5 2.90000010 residential 
33.39085880 -118.37027430
33.39082970 -118.37025530
33.39081130 -118.37029530
33.39084030 -118.37031430
33.39085880 -118.37027430
5 2.90000010 residential 
33.39095870 -118.37250950
33.39099280 -118.37251310
33.39099640 -118.37246530
33.39096240 -118.37246160
33.39095870 -118.37250950
5 2.79999995 residential 
33.39080780 -118.37140690
33.39083080 -118.37143760
33.39086050 -118.37140600
33.39083740 -118.37137530
33.39080780 -118.37140690
5 3.09999990 residential 
33.39169950 -118.37027530
33.39169430 -118.37031850
33.39173090 -118.37032480
33.39173610 -118.37028150
33.39169950 -118.37027530
5 2.70000005 residential 
33.39078480 -118.37015920
33.39075640 -118.37013950
33.39073760 -118.37017790
33.39076600 -118.37019760
33.39078480 -118.37015920
5 2.90000010 residential 
33.39083720 -118.37177550
33.39085390 -118.37179020
33.39087090 -118.37176260
33.39085420 -118.37174790
33.39083720 -118.37177550
5 2.70000005 residential 
33.39067630 -118.37116970
33.39070090 -118.37119860
33.39072850 -118.37116520
33.39070390 -118.37113630
33.39067630 -118.37116970
5 2.70000005 residential 
33.39057260 -118.37033680
33.39059390 -118.37036230
33.39061780 -118.37033400
33.39059650 -118.37030850
33.39057260 -118.37033680
5 3.79999995 residential 
33.39113380 -118.37070300
33.39110980 -118.37075310
33.39119700 -118.37081250
33.39122100 -118.37076240
33.39113380 -118.37070300
5 2.70000005 residential 
33.39020130 -118.37297450
33.39018340 -118.37295520
33.39016870 -118.37297450
33.39018660 -118.37299390
33.39020130 -118.37297450
5 2.59999990 residential 
33.39067860 -118.37127960
33.39070300 -118.37130930
33.39073090 -118.37127660
33.39070650 -118.37124690
33.39067860 -118.37127960
5 3.40000010 residential 
33.39123450 -118.37058750
33.39121740 -118.37062260
33.39125130 -118.37064610
33.39126840 -118.37061100
33.39123450 -118.37058750
5 2.90000010 residential 
33.39086760 -118.37180160
33.39088320 -118.37181610
33.39090030 -118.37178980
33.39088470 -118.37177530
33.39086760 -118.37180160
5 2.59999990 residential 
33.39073640 -118.37064150
33.39075970 -118.37066450
33.39078180 -118.37063280
33.39075860 -118.37060970
33.39073640 -118.37064150
5 3.00000000 residential 
33.39105210 -118.36995520
33.39107400 -118.36998390
33.39110190 -118.36995360
33.39108000 -118.36992490
33.39105210 -118.36995520
5 3.00000000 residential 
33.39111690 -118.37007660
33.39109410 -118.37004590
33.39106610 -118.37007550
33.39108890 -118.37010620
33.39111690 -118.37007660
5 2.50000000 residential 
33.39058870 -118.37026720
33.39056770 -118.37024120
33.39054350 -118.37026890
33.39056460 -118.37029490
33.39058870 -118.37026720
5 2.59999990 residential 
33.39052860 -118.36968080
33.39054270 -118.36972030
33.39060450 -118.36968880
33.39059040 -118.36964930
33.39052860 -118.36968080
5 4.69999981 residential 
33.39168020 -118.37119750
33.39161250 -118.37116980
33.39158900 -118.37125120
33.39165670 -118.37127900
33.39168020 -118.37119750
5 2.90000010 residential 
33.39071270 -118.36966520
33.39063840 -118.36973110
33.39070610 -118.36983950
33.39078040 -118.36977360
33.39071270 -118.36966520
5 3.29999995 residential 
33.39121540 -118.37062430
33.39119860 -118.37065770
33.39123300 -118.37068240
33.39124980 -118.37064900
33.39121540 -118.37062430
5 2.59999990 residential 
33.39085350 -118.37261770
33.39088790 -118.37262050
33.39089050 -118.37257440
33.39085610 -118.37257160
33.39085350 -118.37261770
5 2.50000000 residential 
33.39094920 -118.37092690
33.39097500 -118.37095200
33.39099990 -118.37091560
33.39097410 -118.37089050
33.39094920 -118.37092690
5 2.59999990 residential 
33.39045640 -118.36999420
33.39045190 -118.37002820
33.39048030 -118.37003360
33.39048490 -118.36999960
33.39045640 -118.36999420
5 2.79999995 residential 
33.39098470 -118.37262740
33.39101870 -118.37263130
33.39102240 -118.37258500
33.39098840 -118.37258110
33.39098470 -118.37262740
5 4.19999981 residential 
33.39464050 -118.37089550
33.39464930 -118.37094210
33.39469380 -118.37093000
33.39468500 -118.37088340
33.39464050 -118.37089550
5 2.70000005 residential 
33.39091810 -118.37262150
33.39095240 -118.37262550
33.39095620 -118.37257910
33.39092190 -118.37257510
33.39091810 -118.37262150
5 2.50000000 residential 
33.39078390 -118.37098140
33.39080730 -118.37101180
33.39083640 -118.37097990
33.39081290 -118.37094960
33.39078390 -118.37098140
5 2.79999995 residential 
33.39051220 -118.37014390
33.39054090 -118.37014320
33.39054030 -118.37010940
33.39051170 -118.37011010
33.39051220 -118.37014390
5 2.90000010 residential 
33.39068440 -118.37149130
33.39070890 -118.37152130
33.39073770 -118.37148790
33.39071310 -118.37145790
33.39068440 -118.37149130
5 2.70000005 residential 
33.39051610 -118.36998510
33.39052460 -118.37001750
33.39055190 -118.37000720
33.39054340 -118.36997490
33.39051610 -118.36998510
5 4.09999990 residential 
33.38821920 -118.36722310
33.38818990 -118.36717560
33.38815650 -118.36720480
33.38818580 -118.36725240
33.38821920 -118.36722310
5 2.59999990 residential 
33.39046430 -118.36961750
33.39048030 -118.36963520
33.39050630 -118.36960190
33.39049030 -118.36958420
33.39046430 -118.36961750
5 3.09999990 residential 
33.39076460 -118.37023650
33.39080690 -118.37026750
33.39083760 -118.37020790
33.39079530 -118.37017690
33.39076460 -118.37023650
5 2.79999995 residential 
33.39080210 -118.37129940
33.39082540 -118.37132910
33.39085510 -118.37129610
33.39083180 -118.37126630
33.39080210 -118.37129940
5 2.59999990 residential 
33.39091070 -118.37085370
33.39093650 -118.37088110
33.39096240 -118.37084640
33.39093660 -118.37081900
33.39091070 -118.37085370
5 2.79999995 residential 
33.39082790 -118.37249720
33.39086160 -118.37250200
33.39086630 -118.37245550
33.39083260 -118.37245070
33.39082790 -118.37249720
5 2.59999990 residential 
33.39079020 -118.37108670
33.39081500 -118.37111630
33.39084380 -118.37108200
33.39081900 -118.37105240
33.39079020 -118.37108670
5 2.70000005 residential 
33.39103900 -118.37098350
33.39101270 -118.37095850
33.39098800 -118.37099550
33.39101430 -118.37102050
33.39103900 -118.37098350
5 2.79999995 residential 
33.39089350 -118.37250380
33.39092730 -118.37250740
33.39093090 -118.37245960
33.39089700 -118.37245600
33.39089350 -118.37250380
5 3.00000000 residential 
33.39081080 -118.37173700
33.39082850 -118.37175540
33.39084390 -118.37173430
33.39082620 -118.37171590
33.39081080 -118.37173700
5 2.59999990 residential 
33.39068110 -118.37139030
33.39070590 -118.37141940
33.39073430 -118.37138510
33.39070950 -118.37135600
33.39068110 -118.37139030
5 2.59999990 residential 
33.39087450 -118.37078410
33.39090170 -118.37081010
33.39092630 -118.37077360
33.39089910 -118.37074750
33.39087450 -118.37078410
5 3.09999990 residential 
33.39165250 -118.37029770
33.39168690 -118.37030300
33.39169170 -118.37025870
33.39165730 -118.37025340
33.39165250 -118.37029770
7 2.70000005 residential 
33.38827220 -118.36732360
33.38825310 -118.36729080
33.38822530 -118.36731390
33.38823480 -118.36733030
33.38822060 -118.36734200
33.38823010 -118.36735830
33.38827220 -118.36732360
7 3.09999990 residential 
33.39450370 -118.37068510
33.39456410 -118.37069680
33.39458670 -118.37053020
33.39455810 -118.37052470
33.39456330 -118.37048620
33.39453150 -118.37048010
33.39450370 -118.37068510
7 3.70000005 residential 
33.39125480 -118.37019810
33.39127400 -118.37020960
33.39129080 -118.37019730
33.39129110 -118.37017070
33.39127190 -118.37015910
33.39125210 -118.37017320
33.39125480 -118.37019810
7 3.50000000 residential 
33.39131980 -118.37024330
33.39133820 -118.37025440
33.39135580 -118.37023850
33.39135570 -118.37021500
33.39133350 -118.37020200
33.39131630 -118.37021840
33.39131980 -118.37024330
7 4.50000000 residential 
33.39120520 -118.37023050
33.39115740 -118.37033100
33.39129640 -118.37042580
33.39127640 -118.37046790
33.39138910 -118.37054490
33.39145700 -118.37040240
33.39120520 -118.37023050
7 3.59999990 residential 
33.39144640 -118.37033220
33.39146730 -118.37034200
33.39148390 -118.37032280
33.39148200 -118.37030170
33.39146160 -118.37029090
33.39144540 -118.37030620
33.39144640 -118.37033220
7 3.40000010 residential 
33.39139730 -118.37029840
33.39141880 -118.37028470
33.39141950 -118.37025920
33.39140290 -118.37024690
33.39138180 -118.37025660
33.39138230 -118.37028610
33.39139730 -118.37029840
7 2.40000010 residential 
33.39049390 -118.36977050
33.39047120 -118.36978250
33.39048180 -118.36981090
33.39048490 -118.36980930
33.39049670 -118.36984110
33.39051630 -118.36983080
33.39049390 -118.36977050
9 2.70000005 residential 
33.39445300 -118.37109130
33.39444970 -118.37112500
33.39447370 -118.37112850
33.39447290 -118.37113610
33.39448350 -118.37113750
33.39448420 -118.37113140
33.39448830 -118.37113200
33.39449170 -118.37109670
33.39445300 -118.37109130
9 2.70000005 residential 
33.39051500 -118.36954190
33.39049460 -118.36957060
33.39050100 -118.36957700
33.39049580 -118.36958430
33.39050740 -118.36959600
33.39051950 -118.36957910
33.39052440 -118.36958400
33.39053790 -118.36956510
33.39051500 -118.36954190
9 2.70000005 residential 
33.39118670 -118.37205670
33.39113350 -118.37203800
33.39113200 -118.37204400
33.39110450 -118.37203440
33.39109120 -118.37208600
33.39111920 -118.37209510
33.39111810 -118.37210090
33.39117230 -118.37211940
33.39118670 -118.37205670
9 2.70000005 residential 
33.39054640 -118.36961370
33.39052470 -118.36962410
33.39052620 -118.36962850
33.39051720 -118.36963280
33.39053160 -118.36967560
33.39054210 -118.36967060
33.39054010 -118.36966460
33.39056030 -118.36965490
33.39054640 -118.36961370
9 5.09999990 residential 
33.39472910 -118.37084970
33.39471950 -118.37092070
33.39474910 -118.37092630
33.39474540 -118.37095370
33.39479440 -118.37096300
33.39479790 -118.37093700
33.39483420 -118.37094400
33.39484390 -118.37087160
33.39472910 -118.37084970
11 5.30000019 residential 
33.37374670 -118.35473370
33.37375930 -118.35469370
33.37372380 -118.35467790
33.37371420 -118.35470850
33.37367910 -118.35469290
33.37367590 -118.35470300
33.37363180 -118.35468330
33.37360620 -118.35476470
33.37380140 -118.35485180
33.37382730 -118.35476970
33.37374670 -118.35473370
11 6.59999990 residential 
33.37438670 -118.35633950
33.37438910 -118.35633140
33.37435620 -118.35631740
33.37435410 -118.35632450
33.37432880 -118.35631370
33.37428830 -118.35644860
33.37428230 -118.35644600
33.37427330 -118.35647600
33.37435080 -118.35650910
33.37440010 -118.35634530
33.37438670 -118.35633950
11 5.00000000 residential 
33.37340490 -118.35589040
33.37341520 -118.35585640
33.37342060 -118.35585870
33.37342590 -118.35584140
33.37344500 -118.35584970
33.37346720 -118.35577680
33.37344150 -118.35576570
33.37345690 -118.35571500
33.37338730 -118.35568490
33.37333420 -118.35585980
33.37340490 -118.35589040
13 5.19999981 residential 
33.37465540 -118.35651560
33.37460540 -118.35666700
33.37458010 -118.35665510
33.37455000 -118.35674610
33.37457770 -118.35675910
33.37457380 -118.35677090
33.37461860 -118.35679200
33.37462270 -118.35677970
33.37462690 -118.35678160
33.37465260 -118.35670360
33.37464440 -118.35669970
33.37469860 -118.35653580
33.37465540 -118.35651560
17 4.50000000 residential 
33.37402290 -118.35363220
33.37402490 -118.35363430
33.37406220 -118.35358520
33.37405980 -118.35358270
33.37408850 -118.35354480
33.37404390 -118.35349660
33.37404050 -118.35350110
33.37402900 -118.35348860
33.37400870 -118.35351520
33.37402050 -118.35352790
33.37401400 -118.35353650
33.37401220 -118.35353450
33.37397630 -118.35358180
33.37397880 -118.35358450
33.37391780 -118.35366500
33.37396190 -118.35371260
33.37402290 -118.35363220
19 6.80000019 residential 
33.37441940 -118.35384220
33.37443880 -118.35381440
33.37447010 -118.35384530
33.37451070 -118.35378700
33.37436660 -118.35364480
33.37436430 -118.35364820
33.37433310 -118.35361740
33.37435880 -118.35358040
33.37435180 -118.35357350
33.37436130 -118.35355990
33.37429420 -118.35349370
33.37423180 -118.35358340
33.37426760 -118.35361870
33.37426370 -118.35362420
33.37433490 -118.35369460
33.37434260 -118.35368350
33.37435080 -118.35369160
33.37431660 -118.35374080
33.37441940 -118.35384220
21 2.50000000 residential 
33.36768310 -118.34868400
33.36767340 -118.34869180
33.36766660 -118.34870300
33.36766330 -118.34871630
33.36766410 -118.34873020
33.36766880 -118.34874290
33.36767690 -118.34875300
33.36768740 -118.34875910
33.36769900 -118.34876060
33.36770470 -118.34875950
33.36771540 -118.34875390
33.36772390 -118.34874430
33.36772690 -118.34873830
33.36773010 -118.34872490
33.36772930 -118.34871100
33.36772460 -118.34869830
33.36771650 -118.34868830
33.36771150 -118.34868470
33.36770030 -118.34868080
33.36768870 -118.34868180
33.36768310 -118.34868400
5 5.50000000 residential 
33.36848630 -118.34873600
33.36843160 -118.34869030
33.36837470 -118.34878710
33.36842930 -118.34883280
33.36848630 -118.34873600
5 4.40000010 residential 
33.37107380 -118.34992110
33.37103970 -118.34990750
33.37102690 -118.34995320
33.37106100 -118.34996680
33.37107380 -118.34992110
5 4.40000010 residential 
33.37091090 -118.34986180
33.37085820 -118.34984020
33.37083940 -118.34990540
33.37089210 -118.34992690
33.37091090 -118.34986180
5 3.40000010 residential 
33.36846600 -118.34825960
33.36840830 -118.34831900
33.36843700 -118.34835860
33.36849470 -118.34829920
33.36846600 -118.34825960
5 2.79999995 residential 
33.37284420 -118.35445830
33.37284460 -118.35449880
33.37289010 -118.35449810
33.37288960 -118.35445770
33.37284420 -118.35445830
5 5.00000000 residential 
33.36882450 -118.34879200
33.36885920 -118.34878800
33.36885640 -118.34874720
33.36882110 -118.34875090
33.36882450 -118.34879200
5 2.59999990 residential 
33.36900640 -118.34774800
33.36904010 -118.34771380
33.36901390 -118.34767700
33.36898010 -118.34771100
33.36900640 -118.34774800
5 3.40000010 residential 
33.37361310 -118.35473230
33.37358660 -118.35472160
33.37357220 -118.35477170
33.37359880 -118.35478240
33.37361310 -118.35473230
5 4.09999990 residential 
33.37101800 -118.35006650
33.37098680 -118.35003960
33.37096640 -118.35007310
33.37099770 -118.35010000
33.37101800 -118.35006650
5 3.00000000 residential 
33.37297040 -118.35446010
33.37297230 -118.35450310
33.37306100 -118.35449750
33.37305910 -118.35445450
33.37297040 -118.35446010
5 2.59999990 residential 
33.36815070 -118.34903340
33.36823020 -118.34900970
33.36821950 -118.34895900
33.36814010 -118.34898280
33.36815070 -118.34903340
5 3.00000000 residential 
33.36843180 -118.34896680
33.36844230 -118.34891550
33.36836200 -118.34889220
33.36835150 -118.34894350
33.36843180 -118.34896680
5 3.00000000 residential 
33.37244850 -118.35801290
33.37247670 -118.35800830
33.37247240 -118.35797230
33.37244430 -118.35797690
33.37244850 -118.35801290
5 2.50000000 residential 
33.36966260 -118.34726690
33.36964340 -118.34722360
33.36959820 -118.34725210
33.36961730 -118.34729540
33.36966260 -118.34726690
5 2.70000005 residential 
33.36865800 -118.34886250
33.36856160 -118.34887820
33.36856770 -118.34893080
33.36866400 -118.34891510
33.36865800 -118.34886250
5 2.70000005 residential 
33.36966020 -118.34720310
33.36969740 -118.34716090
33.36966870 -118.34712500
33.36963150 -118.34716720
33.36966020 -118.34720310
5 4.80000019 residential 
33.36928950 -118.34759840
33.36932080 -118.34761120
33.36933790 -118.34755150
33.36930670 -118.34753870
33.36928950 -118.34759840
5 2.70000005 residential 
33.36864650 -118.34813550
33.36865350 -118.34818700
33.36873480 -118.34817140
33.36872790 -118.34811990
33.36864650 -118.34813550
5 4.59999990 residential 
33.37357930 -118.35505700
33.37355480 -118.35513570
33.37369660 -118.35519820
33.37372100 -118.35511940
33.37357930 -118.35505700
5 2.70000005 residential 
33.36905200 -118.34797200
33.36906890 -118.34803530
33.36912380 -118.34801440
33.36910690 -118.34795120
33.36905200 -118.34797200
5 2.59999990 residential 
33.36803350 -118.34854510
33.36798730 -118.34863100
33.36802370 -118.34865880
33.36806960 -118.34857350
33.36803350 -118.34854510
5 2.79999995 residential 
33.36825460 -118.34885960
33.36826100 -118.34878310
33.36816110 -118.34877120
33.36815470 -118.34884770
33.36825460 -118.34885960
5 2.59999990 residential 
33.36856710 -118.34821380
33.36858630 -118.34825380
33.36862230 -118.34822920
33.36860310 -118.34818930
33.36856710 -118.34821380
5 2.70000005 residential 
33.37097270 -118.35027580
33.37094990 -118.35030050
33.37097830 -118.35033780
33.37100110 -118.35031310
33.37097270 -118.35027580
5 2.59999990 residential 
33.37342000 -118.35809250
33.37340120 -118.35810620
33.37343550 -118.35817310
33.37345430 -118.35815940
33.37342000 -118.35809250
5 3.59999990 residential 
33.37105540 -118.35009950
33.37102030 -118.35009810
33.37101910 -118.35014140
33.37105410 -118.35014280
33.37105540 -118.35009950
5 2.70000005 residential 
33.37334540 -118.35815800
33.37335900 -118.35820210
33.37342450 -118.35817320
33.37341080 -118.35812910
33.37334540 -118.35815800
5 2.90000010 residential 
33.36898240 -118.34811930
33.36902020 -118.34807120
33.36897900 -118.34802530
33.36894130 -118.34807340
33.36898240 -118.34811930
5 4.59999990 residential 
33.37108060 -118.34999600
33.37103690 -118.34996290
33.37101790 -118.34999850
33.37106160 -118.35003160
33.37108060 -118.34999600
5 3.90000010 residential 
33.37104600 -118.35019360
33.37099680 -118.35017350
33.37098530 -118.35021360
33.37103450 -118.35023360
33.37104600 -118.35019360
5 3.59999990 residential 
33.37412950 -118.35334570
33.37408510 -118.35340220
33.37414240 -118.35346620
33.37418690 -118.35340970
33.37412950 -118.35334570
5 3.29999995 residential 
33.37319130 -118.35611320
33.37318580 -118.35615620
33.37322510 -118.35616330
33.37323060 -118.35612030
33.37319130 -118.35611320
7 2.50000000 residential 
33.37060520 -118.34934560
33.37063040 -118.34934050
33.37062920 -118.34933270
33.37063730 -118.34933130
33.37063180 -118.34929290
33.37059810 -118.34929970
33.37060520 -118.34934560
7 2.50000000 residential 
33.36801660 -118.34907840
33.36804180 -118.34907330
33.36804060 -118.34906550
33.36804870 -118.34906410
33.36804320 -118.34902570
33.36800950 -118.34903260
33.36801660 -118.34907840
7 7.09999990 residential 
33.37462690 -118.35636020
33.37452180 -118.35631340
33.37449510 -118.35639860
33.37450730 -118.35640410
33.37449500 -118.35644320
33.37458800 -118.35648460
33.37462690 -118.35636020
7 2.90000010 residential 
33.36957090 -118.34746750
33.36956670 -118.34746090
33.36960530 -118.34742600
33.36958100 -118.34738780
33.36950570 -118.34745580
33.36953420 -118.34750070
33.36957090 -118.34746750
7 2.70000005 residential 
33.36893750 -118.34873220
33.36890870 -118.34871250
33.36889280 -118.34874540
33.36894820 -118.34878330
33.36898090 -118.34871570
33.36895430 -118.34869740
33.36893750 -118.34873220
9 2.79999995 residential 
33.36904820 -118.34868990
33.36904020 -118.34868440
33.36902110 -118.34872330
33.36904960 -118.34874330
33.36906520 -118.34871170
33.36908170 -118.34872320
33.36912460 -118.34863610
33.36908750 -118.34861010
33.36904820 -118.34868990
9 2.79999995 residential 
33.36993690 -118.34863220
33.36995170 -118.34863930
33.36996590 -118.34859690
33.36994600 -118.34858750
33.36994520 -118.34858980
33.36990380 -118.34857000
33.36988840 -118.34861570
33.36993500 -118.34863790
33.36993690 -118.34863220
9 7.19999981 residential 
33.36719660 -118.34902750
33.36724910 -118.34909040
33.36725250 -118.34908640
33.36726180 -118.34909750
33.36729790 -118.34905480
33.36728750 -118.34904240
33.36729080 -118.34903850
33.36723940 -118.34897690
33.36719660 -118.34902750
9 5.69999981 residential 
33.36681010 -118.34954980
33.36680350 -118.34953810
33.36679120 -118.34954810
33.36679780 -118.34955980
33.36669310 -118.34964410
33.36674240 -118.34973110
33.36688290 -118.34961810
33.36683350 -118.34953100
33.36681010 -118.34954980
9 2.50000000 residential 
33.37311480 -118.35751920
33.37306520 -118.35754910
33.37306240 -118.35754240
33.37289840 -118.35764120
33.37291850 -118.35768860
33.37296810 -118.35765880
33.37296480 -118.35765110
33.37312890 -118.35755230
33.37311480 -118.35751920
9 2.70000005 residential 
33.37323220 -118.35727730
33.37317620 -118.35725480
33.37316840 -118.35728210
33.37313530 -118.35726880
33.37311580 -118.35733760
33.37314870 -118.35735090
33.37313920 -118.35738450
33.37319540 -118.35740710
33.37323220 -118.35727730
9 3.20000005 residential 
33.37338330 -118.35721040
33.37336930 -118.35723140
33.37342250 -118.35728190
33.37342060 -118.35728470
33.37344380 -118.35730680
33.37346480 -118.35727550
33.37344040 -118.35725220
33.37343530 -118.35725980
33.37338330 -118.35721040
9 3.09999990 residential 
33.37393470 -118.35609100
33.37393070 -118.35610460
33.37392450 -118.35610200
33.37392250 -118.35610900
33.37392830 -118.35611140
33.37392530 -118.35612160
33.37395580 -118.35613440
33.37396480 -118.35610360
33.37393470 -118.35609100
9 7.19999981 residential 
33.36724570 -118.34897020
33.36729620 -118.34903280
33.36729950 -118.34902890
33.36730870 -118.34904040
33.36734610 -118.34899760
33.36733730 -118.34898660
33.36734000 -118.34898350
33.36728930 -118.34892040
33.36724570 -118.34897020
9 4.80000019 residential 
33.37346780 -118.35509610
33.37355480 -118.35513570
33.37357930 -118.35505700
33.37356080 -118.35504850
33.37356460 -118.35503700
33.37354860 -118.35502960
33.37354470 -118.35504160
33.37349340 -118.35501770
33.37346780 -118.35509610
9 3.09999990 residential 
33.37390020 -118.35610820
33.37390930 -118.35607780
33.37390750 -118.35607700
33.37391700 -118.35604490
33.37388210 -118.35603010
33.37387250 -118.35606270
33.37386530 -118.35605970
33.37385640 -118.35608970
33.37390020 -118.35610820
9 7.69999981 residential 
33.36729400 -118.34891390
33.36734480 -118.34897580
33.36734820 -118.34897190
33.36735820 -118.34898400
33.36739450 -118.34894180
33.36738520 -118.34893050
33.36738880 -118.34892620
33.36733740 -118.34886350
33.36729400 -118.34891390
5 9.00000000 residential 
33.36874700 -118.34808100
33.36872310 -118.34810590
33.36870400 -118.34807970
33.36872790 -118.34805480
33.36874700 -118.34808100
5 9.00000000 residential 
33.31149510 -118.33389480
33.31150590 -118.33387750
33.31149000 -118.33386330
33.31147920 -118.33388060
33.31149510 -118.33389480
5 9.00000000 residential Pump
33.35057870 -118.34942830
33.35055610 -118.34941680
33.35056860 -118.34938170
33.35059120 -118.34939320
33.35057870 -118.34942830
9 9.00000000 residential 
33.34167290 -118.32463870
33.34173780 -118.32468320
33.34175730 -118.32464230
33.34176870 -118.32465010
33.34181360 -118.32455620
33.34172290 -118.32449400
33.34170220 -118.32453740
33.34171660 -118.32454720
33.34167290 -118.32463870
10 9.00000000 residential Half Way Water Tank
33.33802130 -118.31605130
33.33800650 -118.31602930
33.33798340 -118.31602380
33.33796260 -118.31603740
33.33795410 -118.31606380
33.33796170 -118.31609060
33.33798190 -118.31610520
33.33800530 -118.31610090
33.33802080 -118.31607960
33.33802130 -118.31605130
5 9.00000000 residential 
33.33912030 -118.32076720
33.33907380 -118.32078220
33.33906320 -118.32073500
33.33910970 -118.32071990
33.33912030 -118.32076720
5 9.00000000 residential 
33.34580440 -118.32926370
33.34583770 -118.32919890
33.34572300 -118.32911440
33.34568970 -118.32917930
33.34580440 -118.32926370
7 9.00000000 residential 
33.34450450 -118.33329290
33.34460520 -118.33322490
33.34451880 -118.33304170
33.34444480 -118.33309170
33.34446950 -118.33314420
33.34444290 -118.33316210
33.34450450 -118.33329290
9 9.00000000 residential 
33.34640790 -118.32893390
33.34635480 -118.32890230
33.34636470 -118.32887850
33.34617890 -118.32876820
33.34613340 -118.32887790
33.34616700 -118.32889790
33.34616260 -118.32890850
33.34636780 -118.32903040
33.34640790 -118.32893390
5 9.00000000 residential Children's Dental Health Clinic
33.33861950 -118.33143210
33.33864410 -118.33128460
33.33870420 -118.33129900
33.33867960 -118.33144650
33.33861950 -118.33143210
5 9.00000000 residential Discount Drive & Marina
33.34029060 -118.33559090
33.34023120 -118.33565660
33.34017520 -118.33559220
33.34024010 -118.33553060
33.34029060 -118.33559090
9 9.00000000 residential 
33.34053240 -118.33535460
33.34052190 -118.33527780
33.34042170 -118.33529740
33.34043400 -118.33538770
33.34045970 -118.33538270
33.34046650 -118.33543320
33.34051870 -118.33542300
33.34051000 -118.33535900
33.34053240 -118.33535460
7 10.50000000 residential 
33.33944380 -118.32875110
33.33939070 -118.32867560
33.33937740 -118.32868900
33.33934710 -118.32864600
33.33910470 -118.32889010
33.33918810 -118.32900870
33.33944380 -118.32875110
9 9.00000000 residential 
33.34067420 -118.33546030
33.34065280 -118.33527970
33.34053970 -118.33529890
33.34056200 -118.33548790
33.34060610 -118.33548050
33.34059400 -118.33537880
33.34063810 -118.33537130
33.34064920 -118.33546460
33.34067420 -118.33546030
14 9.00000000 residential Will Richards Art Studio
33.33542140 -118.33298730
33.33538950 -118.33288340
33.33534630 -118.33290410
33.33534240 -118.33288000
33.33530880 -118.33276530
33.33528580 -118.33267410
33.33535140 -118.33259430
33.33539900 -118.33261710
33.33542090 -118.33259170
33.33547580 -118.33267410
33.33549370 -118.33281090
33.33545000 -118.33285990
33.33547690 -118.33295850
33.33542140 -118.33298730
6 9.00000000 residential 
33.34238040 -118.32638610
33.34231120 -118.32645150
33.34227730 -118.32640020
33.34231800 -118.32636180
33.34234650 -118.32633480
33.34238040 -118.32638610
6 9.00000000 residential Catalina Flying Boat
33.34217030 -118.32662440
33.34207110 -118.32670700
33.34203480 -118.32664470
33.34208650 -118.32660160
33.34213400 -118.32656210
33.34217030 -118.32662440
8 9.00000000 residential 
33.34255730 -118.32622610
33.34254060 -118.32624100
33.34257090 -118.32628940
33.34254560 -118.32631190
33.34248330 -118.32621210
33.34249540 -118.32620120
33.34252510 -118.32617460
33.34255730 -118.32622610
10 7.00000000 residential 
33.34205930 -118.32816140
33.34210060 -118.32812420
33.34207680 -118.32808660
33.34207260 -118.32809040
33.34201930 -118.32800660
33.34201570 -118.32800990
33.34196320 -118.32792720
33.34194900 -118.32794000
33.34192870 -118.32795840
33.34205930 -118.32816140
5 9.00000000 residential Amphitheater
33.32901060 -118.33902370
33.32904480 -118.33899870
33.32902090 -118.33895190
33.32898670 -118.33897690
33.32901060 -118.33902370
5 9.00000000 residential Catalina Island Museum
33.34347520 -118.32832350
33.34323550 -118.32798290
33.34350100 -118.32772800
33.34368250 -118.32796940
33.34347520 -118.32832350
5 9.00000000 residential Guard Station
33.35252990 -118.32980740
33.35254050 -118.32976980
33.35250410 -118.32975510
33.35249350 -118.32979260
33.35252990 -118.32980740
5 9.00000000 residential Propane
33.32918330 -118.33899360
33.32919610 -118.33901260
33.32922520 -118.33898440
33.32921240 -118.33896550
33.32918330 -118.33899360
5 9.00000000 residential Propane
33.32834180 -118.33979290
33.32835070 -118.33977010
33.32831800 -118.33975170
33.32830910 -118.33977450
33.32834180 -118.33979290
5 9.00000000 residential 
33.34630910 -118.32749900
33.34632160 -118.32745830
33.34627560 -118.32743810
33.34626310 -118.32747890
33.34630910 -118.32749900
5 9.00000000 residential 
33.36584230 -118.37488590
33.36586360 -118.37484130
33.36583220 -118.37481980
33.36581090 -118.37486440
33.36584230 -118.37488590
5 9.00000000 residential Ranger Station
33.38639140 -118.47301980
33.38635940 -118.47300590
33.38637460 -118.47295580
33.38640650 -118.47296970
33.38639140 -118.47301980
22 9.00000000 residential 
32.99868490 -118.55576220
32.99875680 -118.55573020
32.99873990 -118.55567620
32.99872530 -118.55567620
32.99873770 -118.55566320
32.99871410 -118.55558520
32.99870060 -118.55558320
32.99871180 -118.55557120
32.99869780 -118.55552380
32.99866880 -118.55553620
32.99867420 -118.55555420
32.99862940 -118.55557320
32.99859180 -118.55558120
32.99860220 -118.55561520
32.99863240 -118.55560220
32.99864770 -118.55565120
32.99861220 -118.55566620
32.99862370 -118.55570320
32.99864920 -118.55569220
32.99866800 -118.55575220
32.99868020 -118.55574720
32.99868490 -118.55576220
19 9.00000000 residential 
32.99869780 -118.55552380
32.99867370 -118.55552100
32.99865910 -118.55551900
32.99867090 -118.55550600
32.99864790 -118.55542300
32.99863830 -118.55542300
32.99864450 -118.55541000
32.99863060 -118.55535900
32.99861840 -118.55532130
32.99855170 -118.55534830
32.99856170 -118.55538330
32.99856710 -118.55548100
32.99853490 -118.55549400
32.99854770 -118.55553900
32.99858800 -118.55552300
32.99862940 -118.55557320
32.99867420 -118.55555420
32.99866880 -118.55553620
32.99869780 -118.55552380
7 9.00000000 residential 
32.99861840 -118.55532130
32.99857320 -118.55522730
32.99848470 -118.55526430
32.99852190 -118.55539230
32.99856170 -118.55538330
32.99855170 -118.55534830
32.99861840 -118.55532130
26 9.00000000 residential 
32.99833190 -118.55586700
32.99833310 -118.55580000
32.99829670 -118.55579900
32.99829770 -118.55574200
32.99833170 -118.55574300
32.99833230 -118.55571200
32.99830760 -118.55571100
32.99830830 -118.55567000
32.99834080 -118.55564480
32.99836080 -118.55564580
32.99838990 -118.55564580
32.99839020 -118.55563280
32.99842900 -118.55563380
32.99842740 -118.55565900
32.99842630 -118.55571700
32.99841370 -118.55571600
32.99841350 -118.55572800
32.99842230 -118.55572800
32.99842080 -118.55581300
32.99841050 -118.55581200
32.99841000 -118.55583800
32.99841980 -118.55583800
32.99841880 -118.55589000
32.99835410 -118.55588900
32.99835440 -118.55586700
32.99833190 -118.55586700
25 9.00000000 residential 
32.99832700 -118.55564180
32.99832820 -118.55557480
32.99829170 -118.55557380
32.99829270 -118.55551680
32.99832680 -118.55551780
32.99832730 -118.55548680
32.99830260 -118.55548580
32.99830340 -118.55544480
32.99836880 -118.55544680
32.99836900 -118.55543280
32.99842240 -118.55543380
32.99842140 -118.55549180
32.99840880 -118.55549180
32.99840860 -118.55550280
32.99841740 -118.55550280
32.99841590 -118.55558780
32.99840550 -118.55558780
32.99840510 -118.55561280
32.99841480 -118.55561280
32.99842900 -118.55563380
32.99839020 -118.55563280
32.99838990 -118.55564580
32.99836080 -118.55564580
32.99834080 -118.55564480
32.99832700 -118.55564180
21 9.00000000 residential 
32.99788980 -118.55561840
32.99808890 -118.55553140
32.99806120 -118.55544140
32.99808120 -118.55543240
32.99805320 -118.55534240
32.99803040 -118.55535240
32.99799640 -118.55524240
32.99804100 -118.55522240
32.99799750 -118.55508140
32.99787650 -118.55513540
32.99786630 -118.55510240
32.99776610 -118.55514640
32.99779950 -118.55525440
32.99775740 -118.55527240
32.99779320 -118.55538840
32.99778420 -118.55539240
32.99779530 -118.55542840
32.99785140 -118.55540340
32.99788350 -118.55550740
32.99785880 -118.55551840
32.99788980 -118.55561840
11 9.00000000 residential 
32.99854120 -118.55519810
32.99853700 -118.55518310
32.99855040 -118.55517810
32.99848200 -118.55494210
32.99841050 -118.55497210
32.99841500 -118.55498710
32.99840100 -118.55499310
32.99846200 -118.55520310
32.99847370 -118.55519810
32.99848080 -118.55522310
32.99854120 -118.55519810
5 9.00000000 residential 
32.99818260 -118.55517160
32.99816200 -118.55510260
32.99819840 -118.55508760
32.99821900 -118.55515560
32.99818260 -118.55517160
5 9.00000000 residential 
32.99833050 -118.55509950
32.99830990 -118.55503050
32.99834630 -118.55501550
32.99836690 -118.55508350
32.99833050 -118.55509950
14 9.00000000 residential 
32.99836310 -118.55498850
32.99841380 -118.55496750
32.99840970 -118.55495350
32.99842840 -118.55494550
32.99840090 -118.55479340
32.99833590 -118.55481740
32.99831000 -118.55484550
32.99831500 -118.55486250
32.99829700 -118.55487050
32.99832340 -118.55495750
32.99833360 -118.55495250
32.99834160 -118.55497850
32.99835790 -118.55497150
32.99836310 -118.55498850
21 9.00000000 residential 
32.99840090 -118.55479340
32.99840730 -118.55478850
32.99839480 -118.55474690
32.99838250 -118.55475190
32.99837920 -118.55473790
32.99839210 -118.55473390
32.99837090 -118.55464890
32.99835970 -118.55464790
32.99835740 -118.55463890
32.99836750 -118.55463190
32.99837510 -118.55457710
32.99833820 -118.55459210
32.99833440 -118.55457810
32.99829800 -118.55459210
32.99826910 -118.55461490
32.99829400 -118.55470790
32.99826180 -118.55471990
32.99827570 -118.55477190
32.99830910 -118.55475890
32.99833590 -118.55481740
32.99840090 -118.55479340
22 9.00000000 residential 
32.99837510 -118.55457710
32.99838050 -118.55457270
32.99836340 -118.55453820
32.99835340 -118.55454220
32.99835070 -118.55453220
32.99835940 -118.55452820
32.99833730 -118.55444820
32.99832690 -118.55445320
32.99832290 -118.55443820
32.99833230 -118.55443420
32.99831820 -118.55438320
32.99825440 -118.55440820
32.99825930 -118.55442620
32.99823860 -118.55443420
32.99825870 -118.55450720
32.99822830 -118.55451920
32.99823910 -118.55455820
32.99826720 -118.55454720
32.99829800 -118.55459210
32.99833440 -118.55457810
32.99833820 -118.55459210
32.99837510 -118.55457710
14 9.00000000 residential 
32.99809980 -118.55510840
32.99815050 -118.55508740
32.99814640 -118.55507340
32.99816510 -118.55506540
32.99812590 -118.55494070
32.99808430 -118.55493730
32.99804670 -118.55496540
32.99805170 -118.55498240
32.99803380 -118.55499040
32.99806010 -118.55507740
32.99807030 -118.55507240
32.99807830 -118.55509840
32.99809460 -118.55509140
32.99809980 -118.55510840
22 9.00000000 residential 
32.99812590 -118.55494070
32.99813000 -118.55492290
32.99811800 -118.55487490
32.99810570 -118.55487990
32.99810240 -118.55486590
32.99811540 -118.55486190
32.99809410 -118.55477690
32.99808290 -118.55477590
32.99808060 -118.55476690
32.99809070 -118.55475990
32.99809340 -118.55472390
32.99808320 -118.55472810
32.99805650 -118.55473890
32.99805270 -118.55472490
32.99801630 -118.55473890
32.99799230 -118.55474290
32.99801720 -118.55483590
32.99798500 -118.55484790
32.99799890 -118.55489990
32.99803240 -118.55488690
32.99808430 -118.55493730
32.99812590 -118.55494070
21 9.00000000 residential 
32.99808320 -118.55472810
32.99806990 -118.55468500
32.99805990 -118.55468900
32.99805720 -118.55467900
32.99806590 -118.55467500
32.99804390 -118.55459500
32.99803340 -118.55460000
32.99802940 -118.55458500
32.99803890 -118.55458100
32.99802480 -118.55453000
32.99796090 -118.55455500
32.99796580 -118.55457300
32.99794510 -118.55458100
32.99796520 -118.55465400
32.99793480 -118.55466600
32.99794560 -118.55470500
32.99797370 -118.55469400
32.99801630 -118.55473890
32.99805270 -118.55472490
32.99805650 -118.55473890
32.99808320 -118.55472810
21 9.00000000 residential 
32.99883480 -118.55483030
32.99885200 -118.55482330
32.99883460 -118.55476030
32.99892160 -118.55472630
32.99894440 -118.55480930
32.99902190 -118.55477830
32.99894680 -118.55450630
32.99897100 -118.55449730
32.99892520 -118.55433130
32.99890780 -118.55433730
32.99889990 -118.55430930
32.99879850 -118.55434830
32.99878730 -118.55430730
32.99871750 -118.55433530
32.99870540 -118.55429130
32.99867810 -118.55430130
32.99871350 -118.55443030
32.99867930 -118.55444330
32.99870030 -118.55452030
32.99874460 -118.55450330
32.99883480 -118.55483030
5 9.00000000 residential 
32.88008030 -118.44173710
32.88027240 -118.44158010
32.88024180 -118.44150940
32.88004970 -118.44166520
32.88008030 -118.44173710
6 9.00000000 residential 
32.88392610 -118.45036280
32.88379600 -118.45037550
32.88382370 -118.45080200
32.88395270 -118.45078170
32.88393780 -118.45054670
32.88392610 -118.45036280
5 9.00000000 residential 
32.88422130 -118.45047830
32.88451760 -118.45061920
32.88448990 -118.45083500
32.88416910 -118.45068010
32.88422130 -118.45047830
5 9.00000000 residential 
32.85868360 -118.46067560
32.85874300 -118.45984910
32.85865020 -118.45983580
32.85857590 -118.46066230
32.85868360 -118.46067560
5 9.00000000 residential 
32.85839250 -118.46090100
32.85837310 -118.46083370
32.85851530 -118.46077210
32.85853790 -118.46084910
32.85839250 -118.46090100
5 9.00000000 residential 
32.85846040 -118.46121460
32.85859450 -118.46116460
32.85854440 -118.46101260
32.85842320 -118.46104720
32.85846040 -118.46121460
9 9.00000000 residential 
33.02014830 -118.58182720
33.02024350 -118.58154830
33.02011600 -118.58147710
33.02010480 -118.58150210
33.01994340 -118.58141940
33.01990630 -118.58152320
33.01994020 -118.58153860
33.01989670 -118.58170600
33.02014830 -118.58182720
5 9.00000000 residential 
33.02182320 -118.56553760
33.02180290 -118.56539030
33.02152200 -118.56546140
33.02154750 -118.56560360
33.02182320 -118.56553760
5 9.00000000 residential 
33.02102920 -118.56554770
33.02104300 -118.56543980
33.02091000 -118.56541190
33.02089830 -118.56551980
33.02102920 -118.56554770
5 9.00000000 residential 
33.02067050 -118.56544240
33.02068440 -118.56533200
33.02056620 -118.56531930
33.02055670 -118.56543100
33.02067050 -118.56544240
5 9.00000000 residential 
33.02073650 -118.56502860
33.02073650 -118.56484960
33.02045560 -118.56483820
33.02044920 -118.56501720
33.02073650 -118.56502860
5 9.00000000 residential 
33.02093450 -118.56505900
33.02093550 -118.56500320
33.02077060 -118.56499690
33.02076950 -118.56505400
33.02093450 -118.56505900
5 9.00000000 residential 
33.02093870 -118.56497910
33.02093660 -118.56492320
33.02076850 -118.56492580
33.02076950 -118.56498040
33.02093870 -118.56497910
5 9.00000000 residential 
33.02367880 -118.56393100
33.02366920 -118.56380280
33.02359690 -118.56380910
33.02361070 -118.56393600
33.02367880 -118.56393100
5 9.00000000 residential 
33.01354240 -118.56938460
33.01355930 -118.56920710
33.01345540 -118.56919030
33.01344130 -118.56937290
33.01354240 -118.56938460
9 9.00000000 commercial Catalina Island Conservancy
33.34276970 -118.32328840
33.34280370 -118.32351560
33.34282260 -118.32364330
33.34275450 -118.32365960
33.34268400 -118.32367290
33.34266560 -118.32354940
33.34263110 -118.32331800
33.34266710 -118.32330670
33.34276970 -118.32328840
5 9.00000000 residential 
33.39175250 -118.37073910
33.39174980 -118.37065820
33.39169710 -118.37066070
33.39169990 -118.37074170
33.39175250 -118.37073910
5 9.00000000 residential 
33.38598110 -118.45042260
33.38599270 -118.45033200
33.38582210 -118.45030060
33.38581050 -118.45039110
33.38598110 -118.45042260
8 9.00000000 residential 
32.91761900 -118.48656560
32.91748820 -118.48672160
32.91746880 -118.48670180
32.91745200 -118.48672640
32.91743300 -118.48670500
32.91743690 -118.48665120
32.91756180 -118.48648210
32.91761900 -118.48656560
5 9.00000000 residential 
32.91753270 -118.48644620
32.91748110 -118.48653360
32.91737560 -118.48640920
32.91743350 -118.48632330
32.91753270 -118.48644620
5 9.00000000 residential 
32.91743790 -118.48628560
32.91738970 -118.48633890
32.91735040 -118.48627800
32.91740500 -118.48622970
32.91743790 -118.48628560
5 9.00000000 residential 
32.81858280 -118.43004690
32.81855610 -118.42998910
32.81853420 -118.43000340
32.81856090 -118.43006120
32.81858280 -118.43004690
5 9.00000000 residential 
32.81924650 -118.43072270
32.81922360 -118.43068090
32.81920030 -118.43069900
32.81922320 -118.43074070
32.81924650 -118.43072270
5 9.00000000 residential 
32.81928090 -118.42842320
32.81923110 -118.42837570
32.81921240 -118.42840350
32.81926230 -118.42845090
32.81928090 -118.42842320
5 9.00000000 residential 
33.02723830 -118.59073280
33.02724760 -118.59064840
33.02720350 -118.59064160
33.02719430 -118.59072600
33.02723830 -118.59073280
5 9.00000000 residential 
33.02723470 -118.59077520
33.02719170 -118.59077130
33.02718740 -118.59083840
33.02723040 -118.59084230
33.02723470 -118.59077520
6 9.00000000 residential 
32.83367610 -118.38269980
32.83364760 -118.38267980
32.83362000 -118.38266980
32.83356320 -118.38282280
32.83361930 -118.38285180
32.83367610 -118.38269980
5 9.00000000 residential 
32.83366500 -118.38300220
32.83355060 -118.38290620
32.83351190 -118.38297220
32.83362630 -118.38306720
32.83366500 -118.38300220
5 9.00000000 residential 
32.83364230 -118.38310050
32.83358820 -118.38305250
32.83352800 -118.38314950
32.83358210 -118.38319750
32.83364230 -118.38310050
5 9.00000000 residential 
32.83342100 -118.38283800
32.83338610 -118.38281900
32.83336780 -118.38286600
32.83340270 -118.38288500
32.83342100 -118.38283800
5 9.00000000 residential 
32.83338600 -118.38299920
32.83335500 -118.38297820
32.83333410 -118.38302120
32.83336510 -118.38304220
32.83338600 -118.38299920
7 9.00000000 residential 
32.83332780 -118.38324260
32.83330340 -118.38322460
32.83325390 -118.38332060
32.83329520 -118.38335060
32.83332780 -118.38328760
32.83331090 -118.38327560
32.83332780 -118.38324260
5 9.00000000 residential 
32.83339500 -118.38359250
32.83336330 -118.38356950
32.83334330 -118.38360950
32.83337500 -118.38363250
32.83339500 -118.38359250
20 9.00000000 residential 
32.83466140 -118.38163000
32.83466670 -118.38163500
32.83467310 -118.38163700
32.83467980 -118.38163700
32.83468600 -118.38163400
32.83469120 -118.38162900
32.83469460 -118.38162200
32.83469600 -118.38161400
32.83469520 -118.38160700
32.83469240 -118.38160000
32.83468790 -118.38159500
32.83468220 -118.38159100
32.83467580 -118.38159000
32.83466950 -118.38159100
32.83466390 -118.38159500
32.83465950 -118.38160100
32.83465690 -118.38160800
32.83465630 -118.38161500
32.83465780 -118.38162300
32.83466140 -118.38163000
7 9.00000000 residential 
32.83589680 -118.37843320
32.83588130 -118.37828850
32.83585310 -118.37829200
32.83585900 -118.37838960
32.83586760 -118.37838830
32.83586970 -118.37844110
32.83589680 -118.37843320
5 9.00000000 residential 
32.91515660 -118.48768400
32.91493770 -118.48775610
32.91496460 -118.48789370
32.91517840 -118.48780120
32.91515660 -118.48768400
7 9.00000000 residential 
32.91489620 -118.48776890
32.91483400 -118.48778680
32.91484670 -118.48787160
32.91481510 -118.48787750
32.91482200 -118.48794000
32.91491840 -118.48791120
32.91489620 -118.48776890
5 9.00000000 residential 
32.93721670 -118.50830940
32.93714240 -118.50824910
32.93710630 -118.50831210
32.93718060 -118.50837240
32.93721670 -118.50830940
20 9.00000000 residential 
32.93873070 -118.51708750
32.93873440 -118.51709200
32.93873910 -118.51709490
32.93874440 -118.51709600
32.93874960 -118.51709500
32.93875440 -118.51709200
32.93875810 -118.51708750
32.93876040 -118.51708180
32.93876120 -118.51707550
32.93876010 -118.51706880
32.93875710 -118.51706290
32.93875270 -118.51705850
32.93874730 -118.51705620
32.93874150 -118.51705620
32.93873610 -118.51705850
32.93873160 -118.51706290
32.93872870 -118.51706880
32.93872760 -118.51707550
32.93872830 -118.51708180
32.93873070 -118.51708750
5 9.00000000 residential 
32.94602150 -118.53397930
32.94583930 -118.53399740
32.94586120 -118.53430990
32.94604340 -118.53429180
32.94602150 -118.53397930
7 9.00000000 residential 
32.94607610 -118.53459860
32.94604910 -118.53460080
32.94604620 -118.53455220
32.94588150 -118.53456590
32.94590150 -118.53490820
32.94609320 -118.53489230
32.94607610 -118.53459860
17 9.00000000 residential 
32.94585820 -118.53137080
32.94571810 -118.53139350
32.94572820 -118.53148140
32.94568380 -118.53148860
32.94570430 -118.53166830
32.94573560 -118.53166320
32.94574120 -118.53171230
32.94559400 -118.53173620
32.94560820 -118.53186090
32.94577880 -118.53183320
32.94578980 -118.53192920
32.94557240 -118.53196460
32.94558890 -118.53210890
32.94580820 -118.53207330
32.94581630 -118.53214360
32.94594410 -118.53212290
32.94585820 -118.53137080
5 9.00000000 residential 
32.94562310 -118.53101560
32.94545850 -118.53104120
32.94547870 -118.53122460
32.94564320 -118.53119900
32.94562310 -118.53101560
5 9.00000000 residential 
32.94457810 -118.53095130
32.94441210 -118.53098370
32.94444450 -118.53121910
32.94461050 -118.53118660
32.94457810 -118.53095130
5 9.00000000 residential 
32.94391950 -118.53034910
32.94367490 -118.53039130
32.94369920 -118.53059060
32.94394370 -118.53054840
32.94391950 -118.53034910
7 9.00000000 residential 
32.94403230 -118.53010900
32.94400440 -118.53011590
32.94402780 -118.53024950
32.94407880 -118.53023680
32.94406660 -118.53016700
32.94404350 -118.53017280
32.94403230 -118.53010900
5 9.00000000 residential 
32.94463270 -118.53027000
32.94435500 -118.53032460
32.94437440 -118.53046430
32.94465210 -118.53040960
32.94463270 -118.53027000
5 9.00000000 residential 
32.94435510 -118.53036190
32.94430960 -118.53036930
32.94432500 -118.53050320
32.94437050 -118.53049580
32.94435510 -118.53036190
19 9.00000000 residential 
32.99861500 -118.55265130
32.99845060 -118.55267530
32.99844620 -118.55263130
32.99833630 -118.55264730
32.99837110 -118.55299330
32.99851730 -118.55297230
32.99851990 -118.55299830
32.99854730 -118.55299430
32.99856260 -118.55314530
32.99870470 -118.55312430
32.99868620 -118.55294230
32.99863120 -118.55295030
32.99862580 -118.55289730
32.99865500 -118.55289330
32.99864950 -118.55283830
32.99867100 -118.55283530
32.99866190 -118.55274530
32.99862500 -118.55275030
32.99861500 -118.55265130
6 9.00000000 residential 
32.99804220 -118.55283400
32.99791850 -118.55285600
32.99800080 -118.55349200
32.99812430 -118.55347000
32.99806630 -118.55302100
32.99804220 -118.55283400
18 9.00000000 residential 
32.99960000 -118.55245470
32.99945140 -118.55248470
32.99947920 -118.55267470
32.99925350 -118.55272170
32.99923190 -118.55257470
32.99922910 -118.55255570
32.99911220 -118.55257970
32.99918050 -118.55304570
32.99929430 -118.55302270
32.99926730 -118.55283770
32.99933560 -118.55282370
32.99934940 -118.55291770
32.99946130 -118.55289470
32.99945380 -118.55284270
32.99947760 -118.55283770
32.99950160 -118.55300270
32.99967490 -118.55296670
32.99960000 -118.55245470
20 9.00000000 residential 
33.00024050 -118.55337900
33.00026690 -118.55340600
33.00029950 -118.55342100
33.00033440 -118.55342300
33.00036770 -118.55341000
33.00039560 -118.55338500
33.00041490 -118.55335000
33.00042340 -118.55331000
33.00042060 -118.55327000
33.00040740 -118.55323400
33.00038520 -118.55320500
33.00035630 -118.55318500
33.00032370 -118.55317700
33.00029070 -118.55318200
33.00026080 -118.55320000
33.00023700 -118.55322700
33.00022180 -118.55326300
33.00021680 -118.55330200
33.00022310 -118.55334300
33.00024050 -118.55337900
9 9.00000000 residential 
33.00111650 -118.55203210
33.00106520 -118.55197310
33.00105270 -118.55198810
33.00101730 -118.55194710
33.00103030 -118.55193110
33.00097390 -118.55186610
33.00088380 -118.55197710
33.00102690 -118.55214210
33.00111650 -118.55203210
20 9.00000000 residential 
33.00116390 -118.55226630
33.00117130 -118.55227400
33.00118030 -118.55227840
33.00119010 -118.55227900
33.00119950 -118.55227580
33.00120750 -118.55226910
33.00121320 -118.55225960
33.00121600 -118.55224840
33.00121560 -118.55223690
33.00121210 -118.55222620
33.00120600 -118.55221740
33.00119770 -118.55221140
33.00118830 -118.55220900
33.00117870 -118.55221020
33.00117000 -118.55221510
33.00116310 -118.55222310
33.00115870 -118.55223330
33.00115730 -118.55224470
33.00115910 -118.55225620
33.00116390 -118.55226630
7 9.00000000 residential 
33.00140550 -118.54916540
33.00135030 -118.54919420
33.00140800 -118.54935130
33.00141800 -118.54934600
33.00143100 -118.54938140
33.00147610 -118.54935780
33.00140550 -118.54916540
5 9.00000000 residential 
33.00177110 -118.55312910
33.00159690 -118.55312010
33.00159510 -118.55317110
33.00176930 -118.55318010
33.00177110 -118.55312910
5 9.00000000 residential 
33.00159120 -118.55314650
33.00141580 -118.55313850
33.00141410 -118.55318850
33.00158960 -118.55319650
33.00159120 -118.55314650
5 9.00000000 residential 
33.00174890 -118.55342960
33.00174980 -118.55322960
33.00169860 -118.55322960
33.00169780 -118.55342860
33.00174890 -118.55342960
5 9.00000000 residential 
33.00165910 -118.55324600
33.00161190 -118.55324600
33.00161240 -118.55344600
33.00165950 -118.55344600
33.00165910 -118.55324600
5 9.00000000 residential 
33.00155160 -118.55324950
33.00150380 -118.55324950
33.00150420 -118.55345350
33.00155200 -118.55345350
33.00155160 -118.55324950
5 9.00000000 residential 
33.00230620 -118.55302350
33.00223200 -118.55303350
33.00225160 -118.55325350
33.00232590 -118.55324450
33.00230620 -118.55302350
5 9.00000000 residential 
33.00247300 -118.55299540
33.00239070 -118.55300340
33.00240760 -118.55323440
33.00249000 -118.55322640
33.00247300 -118.55299540
5 9.00000000 residential 
33.00279150 -118.55316440
33.00267170 -118.55316640
33.00267360 -118.55331740
33.00279340 -118.55331540
33.00279150 -118.55316440
5 9.00000000 residential 
33.00292070 -118.55297470
33.00288210 -118.55298470
33.00289920 -118.55308070
33.00293780 -118.55307070
33.00292070 -118.55297470
5 9.00000000 residential 
33.00296350 -118.55309620
33.00289670 -118.55311420
33.00292830 -118.55327520
33.00299500 -118.55325620
33.00296350 -118.55309620
5 9.00000000 residential 
33.00273340 -118.55363530
33.00266190 -118.55363530
33.00266230 -118.55394430
33.00273380 -118.55394430
33.00273340 -118.55363530
5 9.00000000 residential 
33.00245720 -118.55372400
33.00237780 -118.55372700
33.00238450 -118.55395000
33.00246390 -118.55394600
33.00245720 -118.55372400
5 9.00000000 residential 
33.00231070 -118.55372050
33.00222840 -118.55372450
33.00223460 -118.55394150
33.00231690 -118.55393750
33.00231070 -118.55372050
5 9.00000000 residential 
33.00272650 -118.55435840
33.00265670 -118.55435940
33.00265980 -118.55468640
33.00272960 -118.55468540
33.00272650 -118.55435840
5 9.00000000 residential 
33.00250890 -118.55435200
33.00243220 -118.55435200
33.00243410 -118.55477300
33.00251080 -118.55477300
33.00250890 -118.55435200
5 9.00000000 residential 
33.00233170 -118.55417290
33.00223320 -118.55417790
33.00223640 -118.55425690
33.00233480 -118.55425090
33.00233170 -118.55417290
5 9.00000000 residential 
33.00231450 -118.55436640
33.00224230 -118.55436740
33.00224430 -118.55456740
33.00231640 -118.55456640
33.00231450 -118.55436640
5 9.00000000 residential 
33.00231410 -118.55459080
33.00224600 -118.55459080
33.00224720 -118.55479280
33.00231530 -118.55479180
33.00231410 -118.55459080
5 9.00000000 residential 
33.00216280 -118.55436860
33.00209190 -118.55436960
33.00209350 -118.55456760
33.00216440 -118.55456660
33.00216280 -118.55436860
5 9.00000000 residential 
33.00215750 -118.55459080
33.00208520 -118.55459380
33.00209120 -118.55479580
33.00216340 -118.55479280
33.00215750 -118.55459080
5 9.00000000 residential 
33.00196700 -118.55419010
33.00186860 -118.55419210
33.00186970 -118.55427110
33.00196810 -118.55426910
33.00196700 -118.55419010
5 9.00000000 residential 
33.00166650 -118.55405180
33.00160240 -118.55405180
33.00160300 -118.55414480
33.00166710 -118.55414380
33.00166650 -118.55405180
5 9.00000000 residential 
33.00166140 -118.55418340
33.00154340 -118.55418840
33.00154660 -118.55429640
33.00166460 -118.55429140
33.00166140 -118.55418340
7 9.00000000 residential 
33.00160330 -118.55444290
33.00156690 -118.55444290
33.00156630 -118.55448190
33.00153640 -118.55448090
33.00153480 -118.55459490
33.00160110 -118.55459590
33.00160330 -118.55444290
9 9.00000000 residential 
33.00141460 -118.55408370
33.00130630 -118.55409000
33.00131210 -118.55423220
33.00142770 -118.55422540
33.00142610 -118.55418480
33.00144100 -118.55418390
33.00143820 -118.55411520
33.00141590 -118.55411650
33.00141460 -118.55408370
5 9.00000000 residential 
33.00147880 -118.55440800
33.00135100 -118.55439800
33.00134070 -118.55458800
33.00146850 -118.55459800
33.00147880 -118.55440800
5 9.00000000 residential 
33.00166420 -118.55462720
33.00162230 -118.55462420
33.00161470 -118.55482520
33.00165650 -118.55482820
33.00166420 -118.55462720
5 9.00000000 residential 
33.00160560 -118.55463470
33.00156630 -118.55463070
33.00155260 -118.55482770
33.00159200 -118.55483170
33.00160560 -118.55463470
5 9.00000000 residential 
33.00155000 -118.55462900
33.00150950 -118.55462500
33.00149500 -118.55482200
33.00153560 -118.55482600
33.00155000 -118.55462900
5 9.00000000 residential 
33.00149540 -118.55462780
33.00142860 -118.55462080
33.00141490 -118.55480380
33.00148160 -118.55481080
33.00149540 -118.55462780
7 9.00000000 residential 
33.00167650 -118.55500790
33.00161690 -118.55501090
33.00161500 -118.55495490
33.00128870 -118.55497090
33.00129540 -118.55516990
33.00168130 -118.55515190
33.00167650 -118.55500790
5 9.00000000 residential 
33.00130990 -118.55530460
33.00124450 -118.55530660
33.00124840 -118.55547660
33.00131370 -118.55547460
33.00130990 -118.55530460
5 9.00000000 residential 
33.00185360 -118.55554380
33.00145650 -118.55556180
33.00146120 -118.55570380
33.00185830 -118.55568580
33.00185360 -118.55554380
5 9.00000000 residential 
33.00230160 -118.55584750
33.00184910 -118.55587550
33.00186220 -118.55617750
33.00231470 -118.55614950
33.00230160 -118.55584750
5 9.00000000 residential 
33.00231710 -118.55618840
33.00221630 -118.55619440
33.00221970 -118.55627640
33.00232050 -118.55627040
33.00231710 -118.55618840
9 9.00000000 residential 
33.00246620 -118.55507380
33.00235020 -118.55507680
33.00235410 -118.55536180
33.00237460 -118.55536180
33.00237630 -118.55548680
33.00244740 -118.55548580
33.00244560 -118.55535880
33.00247000 -118.55535880
33.00246620 -118.55507380
5 9.00000000 residential 
33.00224410 -118.55506230
33.00211970 -118.55506430
33.00212600 -118.55563330
33.00225030 -118.55563130
33.00224410 -118.55506230
5 9.00000000 residential 
32.99938600 -118.55406600
32.99926180 -118.55400700
32.99915680 -118.55432400
32.99928090 -118.55438300
32.99938600 -118.55406600
5 9.00000000 residential 
32.99932060 -118.55453760
32.99920330 -118.55459460
32.99931110 -118.55490860
32.99942840 -118.55485160
32.99932060 -118.55453760
23 9.00000000 residential 
32.99761360 -118.55470270
32.99756510 -118.55474170
32.99761090 -118.55482170
32.99757810 -118.55484870
32.99758090 -118.55485370
32.99760690 -118.55483270
32.99765350 -118.55491470
32.99761720 -118.55494370
32.99762700 -118.55496070
32.99764080 -118.55494970
32.99766840 -118.55499770
32.99763790 -118.55502270
32.99765750 -118.55505670
32.99768080 -118.55503770
32.99771750 -118.55510270
32.99772520 -118.55509570
32.99773820 -118.55511870
32.99781820 -118.55505470
32.99771890 -118.55487970
32.99773280 -118.55486870
32.99765270 -118.55472770
32.99763550 -118.55474070
32.99761360 -118.55470270
6 9.00000000 residential Vons
33.34226500 -118.32712560
33.34196650 -118.32666420
33.34176560 -118.32684390
33.34185060 -118.32698190
33.34205640 -118.32731410
33.34226500 -118.32712560
13 9.00000000 residential 
33.33924770 -118.33082050
33.33926640 -118.33077070
33.33927870 -118.33077730
33.33931010 -118.33069420
33.33929890 -118.33068810
33.33931080 -118.33065650
33.33927700 -118.33063820
33.33926060 -118.33068180
33.33925120 -118.33068040
33.33922880 -118.33074000
33.33924410 -118.33074830
33.33922210 -118.33080670
33.33924770 -118.33082050
13 9.00000000 residential 
33.33917590 -118.33087050
33.33924880 -118.33090810
33.33920640 -118.33102570
33.33915070 -118.33099700
33.33914270 -118.33101940
33.33909350 -118.33099410
33.33910170 -118.33097140
33.33901300 -118.33092570
33.33923110 -118.33031920
33.33933140 -118.33037090
33.33930350 -118.33044850
33.33932390 -118.33045910
33.33917590 -118.33087050
5 9.00000000 residential 
33.36495590 -118.37323360
33.36494380 -118.37324660
33.36491230 -118.37320450
33.36492440 -118.37319150
33.36495590 -118.37323360
5 9.00000000 residential 
33.35770100 -118.36039560
33.35762340 -118.36037610
33.35763320 -118.36031990
33.35771080 -118.36033930
33.35770100 -118.36039560
5 9.00000000 residential 
33.35712880 -118.35955680
33.35706390 -118.35958830
33.35704960 -118.35954630
33.35711450 -118.35951470
33.35712880 -118.35955680
5 9.00000000 residential 
33.38545820 -118.47289660
33.38544490 -118.47287600
33.38541980 -118.47289930
33.38543310 -118.47291990
33.38545820 -118.47289660
5 9.00000000 residential 
33.38632770 -118.47279470
33.38633940 -118.47279220
33.38633570 -118.47276760
33.38632400 -118.47277010
33.38632770 -118.47279470
5 9.00000000 residential 
33.38359190 -118.47178700
33.38357180 -118.47178140
33.38357480 -118.47176540
33.38359500 -118.47177100
33.38359190 -118.47178700
5 6.00000000 apartments The Plunder Inn
33.46832700 -118.53184440
33.46839120 -118.53174870
33.46832560 -118.53165980
33.46824860 -118.53176400
33.46832700 -118.53184440
5 6.00000000 apartments 
33.46825140 -118.53174180
33.46832270 -118.53164440
33.46826570 -118.53155380
33.46818150 -118.53166490
33.46825140 -118.53174180
5 6.00000000 apartments 
33.46817160 -118.53164780
33.46825570 -118.53154700
33.46818870 -118.53146660
33.46810310 -118.53157600
33.46817160 -118.53164780
5 6.00000000 apartments 
33.46809310 -118.53155890
33.46802760 -118.53148200
33.46812170 -118.53136230
33.46818870 -118.53144780
33.46809310 -118.53155890
5 6.00000000 apartments 
33.46858220 -118.53242380
33.46852380 -118.53233840
33.46861070 -118.53224950
33.46866780 -118.53234350
33.46858220 -118.53242380
5 6.00000000 apartments 
33.46863930 -118.53252470
33.46858370 -118.53243920
33.46867210 -118.53235550
33.46872620 -118.53244780
33.46863930 -118.53252470
5 3.00000000 apartments 
33.46863680 -118.53224880
33.46867130 -118.53220590
33.46862490 -118.53214870
33.46859310 -118.53219640
33.46863680 -118.53224880
5 9.00000000 apartments 
33.46857720 -118.53217890
33.46861300 -118.53213120
33.46856790 -118.53207560
33.46852950 -118.53212960
33.46857720 -118.53217890
5 9.00000000 residential 
33.46837770 -118.53191710
33.46843550 -118.53188610
33.46841580 -118.53180790
33.46836170 -118.53184330
33.46837770 -118.53191710
5 9.00000000 apartments 
33.46845430 -118.53200610
33.46848940 -118.53197300
33.46851710 -118.53202520
33.46848410 -118.53206220
33.46845430 -118.53200610
5 9.00000000 apartments 
33.46852980 -118.53210420
33.46855430 -118.53204430
33.46851920 -118.53203800
33.46849580 -118.53209020
33.46852980 -118.53210420
5 9.00000000 residential 
33.33488680 -118.33197570
33.33483690 -118.33194360
33.33487340 -118.33185030
33.33492580 -118.33187510
33.33488680 -118.33197570
5 9.00000000 residential 
33.33776800 -118.32980800
33.33774260 -118.32973190
33.33760750 -118.32980220
33.33764250 -118.32987830
33.33776800 -118.32980800
9 9.00000000 residential 
33.34061990 -118.33190380
33.34068320 -118.33196610
33.34078060 -118.33183000
33.34080370 -118.33183080
33.34093100 -118.33195950
33.34098580 -118.33188170
33.34083170 -118.33171970
33.34073450 -118.33172480
33.34061990 -118.33190380
6 9.00000000 residential 
32.91729700 -118.48687080
32.91731790 -118.48683760
32.91733180 -118.48679850
32.91727870 -118.48676760
32.91724900 -118.48683610
32.91729700 -118.48687080
5 9.00000000 residential 
32.82984930 -118.36986840
32.82987770 -118.36983070
32.82985040 -118.36980490
32.82981740 -118.36984170
32.82984930 -118.36986840
5 9.00000000 residential 
32.82925950 -118.36519780
32.82927610 -118.36515770
32.82923160 -118.36512380
32.82920930 -118.36516380
32.82925950 -118.36519780
5 9.00000000 residential 
32.83648540 -118.38172200
32.83675930 -118.38173650
32.83677470 -118.38140650
32.83648970 -118.38138810
32.83648540 -118.38172200
5 9.00000000 residential 
32.83342480 -118.38282840
32.83344880 -118.38276670
32.83342650 -118.38274870
32.83339520 -118.38280780
32.83342480 -118.38282840
8 9.00000000 residential 
32.83978610 -118.41035670
32.83971280 -118.41024850
32.83964580 -118.41030540
32.83966660 -118.41037940
32.83970640 -118.41040410
32.83972550 -118.41036610
32.83975900 -118.41038510
32.83978610 -118.41035670
5 9.00000000 residential 
32.83792360 -118.41149170
32.83803020 -118.41143200
32.83800040 -118.41137600
32.83788910 -118.41142830
32.83792360 -118.41149170
5 9.00000000 residential 
32.83739690 -118.41185740
32.83747370 -118.41180140
32.83744390 -118.41172870
32.83734510 -118.41179770
32.83739690 -118.41185740
5 9.00000000 residential 
33.42508110 -118.47004460
33.42504420 -118.47005890
33.42502680 -118.46999450
33.42506380 -118.46998020
33.42508110 -118.47004460
5 9.00000000 residential 
32.94292260 -118.53092410
32.94279610 -118.53094730
32.94275150 -118.53060110
32.94287810 -118.53057790
32.94292260 -118.53092410
5 9.00000000 residential 
32.94276930 -118.53095670
32.94264280 -118.53097980
32.94259820 -118.53063360
32.94272480 -118.53061050
32.94276930 -118.53095670
6 9.00000000 residential 
32.81040100 -118.42563280
32.81038660 -118.42556310
32.81010970 -118.42559310
32.81011330 -118.42566070
32.81036670 -118.42564780
32.81040100 -118.42563280
6 9.00000000 residential 
32.81033520 -118.42573040
32.81033520 -118.42566280
32.81006010 -118.42566610
32.81006470 -118.42573790
32.81014760 -118.42574970
32.81033520 -118.42573040
5 9.00000000 residential 
32.83240270 -118.40674330
32.83233960 -118.40671750
32.83236660 -118.40653940
32.83243330 -118.40655010
32.83240270 -118.40674330
7 9.00000000 residential 
32.83222060 -118.40628410
32.83216650 -118.40618750
32.83205110 -118.40627330
32.83207630 -118.40631200
32.83215560 -118.40625260
32.83218810 -118.40631410
32.83222060 -118.40628410
5 9.00000000 residential 
32.83206370 -118.40656520
32.83205210 -118.40652880
32.83194430 -118.40657450
32.83195910 -118.40661240
32.83206370 -118.40656520
5 9.00000000 residential 
32.83194430 -118.40657450
32.83188520 -118.40644970
32.83186240 -118.40646500
32.83192150 -118.40658980
32.83194430 -118.40657450
5 9.00000000 residential 
32.83190680 -118.40638280
32.83186890 -118.40642210
32.83184820 -118.40639370
32.83189600 -118.40634410
32.83190680 -118.40638280
5 9.00000000 residential 
32.83185790 -118.40650920
32.83180420 -118.40645110
32.83176300 -118.40650510
32.83181670 -118.40656320
32.83185790 -118.40650920
5 9.00000000 residential 
32.83174490 -118.40647170
32.83172850 -118.40643750
32.83166920 -118.40647780
32.83168560 -118.40651200
32.83174490 -118.40647170
5 9.00000000 residential 
32.83172680 -118.40640300
32.83169600 -118.40642970
32.83166010 -118.40637110
32.83169090 -118.40634430
32.83172680 -118.40640300
7 9.00000000 residential 
32.83166910 -118.40609130
32.83159650 -118.40609060
32.83159570 -118.40621640
32.83156570 -118.40621610
32.83156670 -118.40605730
32.83166930 -118.40605830
32.83166910 -118.40609130
7 9.00000000 residential 
32.83166940 -118.40625550
32.83155770 -118.40625300
32.83155460 -118.40645010
32.83158360 -118.40645080
32.83158590 -118.40630560
32.83166860 -118.40630750
32.83166940 -118.40625550
7 9.00000000 residential 
32.83197990 -118.40707890
32.83199800 -118.40696900
32.83193860 -118.40695510
32.83193430 -118.40698090
32.83195960 -118.40700240
32.83194820 -118.40707150
32.83197990 -118.40707890
7 9.00000000 residential 
32.83188780 -118.40697530
32.83182490 -118.40695090
32.83181010 -118.40700520
32.83179020 -118.40699750
32.83181440 -118.40690910
32.83189720 -118.40694120
32.83188780 -118.40697530
5 9.00000000 residential 
32.83181110 -118.40704040
32.83175970 -118.40701690
32.83174970 -118.40704790
32.83180110 -118.40707140
32.83181110 -118.40704040
5 9.00000000 residential 
32.83172770 -118.40700240
32.83168050 -118.40697790
32.83167190 -118.40700150
32.83171900 -118.40702600
32.83172770 -118.40700240
5 9.00000000 residential 
32.83165460 -118.40697320
32.83166800 -118.40690740
32.83160820 -118.40689020
32.83159480 -118.40695600
32.83165460 -118.40697320
5 9.00000000 residential 
32.83169970 -118.40680600
32.83165430 -118.40675630
32.83163390 -118.40678280
32.83167920 -118.40683250
32.83169970 -118.40680600
5 9.00000000 residential 
32.83156090 -118.40679700
32.83155490 -118.40671770
32.83152560 -118.40672080
32.83153160 -118.40680010
32.83156090 -118.40679700
5 9.00000000 residential 
32.83155320 -118.40680780
32.83154360 -118.40688630
32.83151750 -118.40688170
32.83152710 -118.40680320
32.83155320 -118.40680780
7 9.00000000 residential 
32.83084660 -118.40714970
32.83078830 -118.40697900
32.83075330 -118.40699590
32.83079690 -118.40712360
32.83071830 -118.40716160
32.83073300 -118.40720470
32.83084660 -118.40714970
7 9.00000000 residential 
32.83070690 -118.40687460
32.83067730 -118.40671910
32.83056170 -118.40675020
32.83056780 -118.40678260
32.83064350 -118.40676220
32.83066690 -118.40688530
32.83070690 -118.40687460
5 9.00000000 residential 
32.83065040 -118.40702150
32.83059370 -118.40694480
32.83050000 -118.40704310
32.83055670 -118.40711970
32.83065040 -118.40702150
7 9.00000000 residential 
32.83047600 -118.40682040
32.83046490 -118.40677540
32.83034790 -118.40681630
32.83038850 -118.40698100
32.83042390 -118.40696860
32.83039440 -118.40684890
32.83047600 -118.40682040
7 9.00000000 residential 
32.83055970 -118.40725790
32.83047970 -118.40730730
32.83043330 -118.40720080
32.83040360 -118.40720510
32.83046910 -118.40735530
32.83057400 -118.40729050
32.83055970 -118.40725790
5 9.00000000 residential 
32.83871650 -118.43660660
32.83870900 -118.43652380
32.83868460 -118.43652700
32.83869210 -118.43660970
32.83871650 -118.43660660
5 9.00000000 residential 
32.83880750 -118.43675320
32.83871580 -118.43675490
32.83871490 -118.43669140
32.83880670 -118.43668970
32.83880750 -118.43675320
5 9.00000000 residential 
32.83847650 -118.43661440
32.83848130 -118.43655190
32.83845950 -118.43654960
32.83845470 -118.43661200
32.83847650 -118.43661440
5 9.00000000 residential 
32.83854710 -118.43607120
32.83851700 -118.43605650
32.83853550 -118.43600260
32.83856560 -118.43601730
32.83854710 -118.43607120
5 9.00000000 residential 
32.83847860 -118.43600850
32.83844600 -118.43599010
32.83842810 -118.43603490
32.83846070 -118.43605340
32.83847860 -118.43600850
5 9.00000000 residential 
32.83848620 -118.43645100
32.83846300 -118.43633650
32.83839310 -118.43635660
32.83841630 -118.43647110
32.83848620 -118.43645100
5 9.00000000 residential 
32.85726930 -118.42130460
32.85719080 -118.42115910
32.85708470 -118.42124030
32.85716320 -118.42138580
32.85726930 -118.42130460
9 9.00000000 residential 
32.85733840 -118.42066470
32.85728230 -118.42075320
32.85725410 -118.42072780
32.85728450 -118.42067980
32.85726650 -118.42066360
32.85723970 -118.42070590
32.85721970 -118.42068790
32.85727220 -118.42060520
32.85733840 -118.42066470
5 9.00000000 residential 
32.85694190 -118.42143040
32.85690010 -118.42137320
32.85687030 -118.42140410
32.85691210 -118.42146130
32.85694190 -118.42143040
5 9.00000000 residential 
32.85804630 -118.46091250
32.85802860 -118.46077270
32.85783450 -118.46080740
32.85785210 -118.46094720
32.85804630 -118.46091250
7 9.00000000 residential 
32.85822920 -118.46120720
32.85821100 -118.46111690
32.85813170 -118.46113950
32.85811680 -118.46106550
32.85803260 -118.46108960
32.85806580 -118.46125400
32.85822920 -118.46120720
7 9.00000000 residential 
32.85769350 -118.46133290
32.85755270 -118.46135910
32.85753330 -118.46121100
32.85762160 -118.46119460
32.85763010 -118.46125950
32.85768260 -118.46124980
32.85769350 -118.46133290
5 9.00000000 residential 
32.85763130 -118.46110470
32.85755800 -118.46112010
32.85754130 -118.46100690
32.85761450 -118.46099150
32.85763130 -118.46110470
5 9.00000000 residential 
32.85753470 -118.46160160
32.85752780 -118.46153410
32.85745980 -118.46154400
32.85746920 -118.46163580
32.85753470 -118.46160160
5 9.00000000 residential 
32.85747190 -118.46143780
32.85742020 -118.46144310
32.85741520 -118.46137350
32.85746690 -118.46136820
32.85747190 -118.46143780
5 9.00000000 residential 
32.94329760 -118.53067660
32.94327810 -118.53054220
32.94301940 -118.53059560
32.94303890 -118.53072990
32.94329760 -118.53067660
5 9.00000000 residential 
32.94555690 -118.53022420
32.94538490 -118.53025990
32.94533950 -118.52994930
32.94551160 -118.52991370
32.94555690 -118.53022420
5 9.00000000 residential 
32.94624200 -118.53131260
32.94603650 -118.53135170
32.94594940 -118.53070080
32.94615480 -118.53066180
32.94624200 -118.53131260
5 9.00000000 residential 
32.94651720 -118.53235970
32.94635000 -118.53239670
32.94632080 -118.53219400
32.94649260 -118.53216660
32.94651720 -118.53235970
5 9.00000000 residential 
32.94635000 -118.53239670
32.94616700 -118.53243410
32.94613780 -118.53223140
32.94632080 -118.53219400
32.94635000 -118.53239670
5 9.00000000 residential 
32.94616700 -118.53243410
32.94598980 -118.53247650
32.94595530 -118.53226910
32.94613780 -118.53223140
32.94616700 -118.53243410
5 9.00000000 residential 
32.94594690 -118.53508310
32.94581330 -118.53508950
32.94580800 -118.53493490
32.94594160 -118.53492840
32.94594690 -118.53508310
5 9.00000000 residential 
32.96184530 -118.53495680
32.96178330 -118.53499110
32.96176930 -118.53495510
32.96183140 -118.53492090
32.96184530 -118.53495680
5 9.00000000 residential 
32.96172610 -118.53481410
32.96169000 -118.53483410
32.96166100 -118.53475950
32.96169710 -118.53473960
32.96172610 -118.53481410
5 9.00000000 residential 
32.96216490 -118.53457770
32.96210730 -118.53461590
32.96208870 -118.53457610
32.96215590 -118.53453160
32.96216490 -118.53457770
5 9.00000000 residential 
32.96226310 -118.53449850
32.96221820 -118.53444580
32.96224240 -118.53441660
32.96228720 -118.53446940
32.96226310 -118.53449850
5 9.00000000 residential 
32.96230640 -118.53444540
32.96225930 -118.53440100
32.96228330 -118.53436490
32.96233040 -118.53440930
32.96230640 -118.53444540
5 9.00000000 residential 
32.97888610 -118.53776140
32.97884270 -118.53770730
32.97881890 -118.53773440
32.97886230 -118.53778850
32.97888610 -118.53776140
5 9.00000000 residential 
32.97885650 -118.53768200
32.97871800 -118.53751580
32.97866780 -118.53757520
32.97880630 -118.53774130
32.97885650 -118.53768200
5 9.00000000 residential 
32.97858690 -118.53742870
32.97854430 -118.53737880
32.97852410 -118.53740330
32.97856660 -118.53745320
32.97858690 -118.53742870
5 9.00000000 residential 
32.97849470 -118.53740390
32.97840670 -118.53730750
32.97834760 -118.53738430
32.97843560 -118.53748060
32.97849470 -118.53740390
5 9.00000000 residential 
32.97835200 -118.53733480
32.97830540 -118.53730100
32.97828750 -118.53733590
32.97833410 -118.53736980
32.97835200 -118.53733480
5 9.00000000 residential 
32.97878880 -118.53787380
32.97859460 -118.53765460
32.97850190 -118.53777130
32.97869610 -118.53799060
32.97878880 -118.53787380
5 9.00000000 residential 
32.97865040 -118.53763760
32.97873680 -118.53773580
32.97871040 -118.53776880
32.97862390 -118.53767060
32.97865040 -118.53763760
5 9.00000000 residential 
32.97936660 -118.53908160
32.97931040 -118.53906660
32.97932350 -118.53899680
32.97937970 -118.53901180
32.97936660 -118.53908160
5 9.00000000 residential 
32.97996690 -118.53936420
32.97978130 -118.53923170
32.97985580 -118.53908370
32.98004130 -118.53921620
32.97996690 -118.53936420
5 9.00000000 residential 
32.97981480 -118.53908210
32.97958220 -118.53892690
32.97951470 -118.53907080
32.97974720 -118.53922600
32.97981480 -118.53908210
5 9.00000000 residential 
32.97845030 -118.54988660
32.97837630 -118.54977790
32.97815340 -118.54999340
32.97822730 -118.55010210
32.97845030 -118.54988660
5 9.00000000 residential 
32.97842280 -118.54968790
32.97831760 -118.54963880
32.97832910 -118.54960370
32.97843440 -118.54965290
32.97842280 -118.54968790
5 9.00000000 residential 
32.97826890 -118.54973310
32.97816810 -118.54983110
32.97815570 -118.54979580
32.97824940 -118.54970460
32.97826890 -118.54973310
9 9.00000000 residential 
32.97815330 -118.54977740
32.97809810 -118.54970960
32.97799170 -118.54983260
32.97804470 -118.54989770
32.97806600 -118.54987300
32.97803540 -118.54983550
32.97808940 -118.54977290
32.97812230 -118.54981320
32.97815330 -118.54977740
5 9.00000000 residential 
32.97814840 -118.55032030
32.97812650 -118.55029400
32.97807500 -118.55035490
32.97809690 -118.55038130
32.97814840 -118.55032030
5 9.00000000 residential 
32.97611860 -118.55207000
32.97607340 -118.55197490
32.97590670 -118.55208740
32.97595180 -118.55218250
32.97611860 -118.55207000
5 9.00000000 residential 
32.97628420 -118.55178930
32.97614650 -118.55179110
32.97614490 -118.55162220
32.97628260 -118.55162030
32.97628420 -118.55178930
11 9.00000000 residential 
32.97644410 -118.55250800
32.97637390 -118.55234440
32.97638440 -118.55233800
32.97632200 -118.55219240
32.97622710 -118.55225030
32.97626390 -118.55233610
32.97623510 -118.55235370
32.97630580 -118.55251870
32.97633800 -118.55249910
32.97636300 -118.55255740
32.97644410 -118.55250800
5 9.00000000 residential 
32.97676780 -118.55228820
32.97667400 -118.55234300
32.97660610 -118.55217750
32.97669990 -118.55212280
32.97676780 -118.55228820
5 9.00000000 residential 
32.97746920 -118.55305720
32.97730520 -118.55292280
32.97719830 -118.55310820
32.97736230 -118.55324260
32.97746920 -118.55305720
7 9.00000000 residential 
32.97764670 -118.55323110
32.97748740 -118.55308470
32.97743970 -118.55315840
32.97758050 -118.55328780
32.97761110 -118.55324050
32.97763590 -118.55326330
32.97764670 -118.55323110
7 9.00000000 residential 
32.97725040 -118.55320650
32.97715830 -118.55312940
32.97711980 -118.55319470
32.97717230 -118.55323860
32.97719190 -118.55320550
32.97723150 -118.55323870
32.97725040 -118.55320650
9 9.00000000 residential 
32.97751890 -118.55329040
32.97740190 -118.55320000
32.97735310 -118.55328980
32.97731620 -118.55326130
32.97730150 -118.55328840
32.97741670 -118.55337730
32.97744560 -118.55332400
32.97748440 -118.55335390
32.97751890 -118.55329040
5 9.00000000 residential 
32.97729140 -118.55260270
32.97723760 -118.55255730
32.97727340 -118.55249700
32.97732720 -118.55254240
32.97729140 -118.55260270
5 9.00000000 residential 
32.97705600 -118.55372210
32.97696240 -118.55371650
32.97696990 -118.55353990
32.97706340 -118.55354550
32.97705600 -118.55372210
5 9.00000000 residential 
32.97772250 -118.55405400
32.97759100 -118.55398240
32.97756330 -118.55405470
32.97769480 -118.55412630
32.97772250 -118.55405400
5 9.00000000 residential 
32.97796510 -118.55419480
32.97783790 -118.55412220
32.97781290 -118.55418450
32.97794010 -118.55425700
32.97796510 -118.55419480
5 9.00000000 residential 
32.97821570 -118.55432280
32.97809040 -118.55425990
32.97806850 -118.55432180
32.97819380 -118.55438470
32.97821570 -118.55432280
9 9.00000000 residential 
32.97846950 -118.55444910
32.97833320 -118.55436870
32.97829980 -118.55444930
32.97834550 -118.55447630
32.97833680 -118.55449720
32.97839020 -118.55452870
32.97840060 -118.55450380
32.97843770 -118.55452570
32.97846950 -118.55444910
7 9.00000000 residential 
32.97971740 -118.55490450
32.97973280 -118.55497750
32.97960200 -118.55501650
32.97960790 -118.55504450
32.97956980 -118.55505590
32.97954860 -118.55495490
32.97971740 -118.55490450
5 9.00000000 residential 
32.97976350 -118.55337390
32.97971860 -118.55333860
32.97966270 -118.55343950
32.97970770 -118.55347480
32.97976350 -118.55337390
5 9.00000000 residential 
32.98333470 -118.55048470
32.98330990 -118.55031800
32.98319440 -118.55034240
32.98321920 -118.55050920
32.98333470 -118.55048470
5 9.00000000 residential 
32.98790430 -118.56842100
32.98779160 -118.56838700
32.98778490 -118.56841860
32.98789760 -118.56845260
32.98790430 -118.56842100
5 9.00000000 residential 
32.98764210 -118.56833640
32.98759100 -118.56831040
32.98757970 -118.56834190
32.98763080 -118.56836790
32.98764210 -118.56833640
7 9.00000000 residential 
32.98804680 -118.56816150
32.98800960 -118.56816360
32.98800660 -118.56808980
32.98804640 -118.56794860
32.98808180 -118.56796280
32.98804420 -118.56809630
32.98804680 -118.56816150
19 9.00000000 residential 
32.98842870 -118.56770750
32.98818120 -118.56772240
32.98818190 -118.56773980
32.98815510 -118.56774140
32.98814970 -118.56761320
32.98819050 -118.56761080
32.98819340 -118.56768060
32.98839070 -118.56766890
32.98838750 -118.56759320
32.98821750 -118.56760330
32.98821650 -118.56757840
32.98815770 -118.56758190
32.98815560 -118.56753220
32.98823490 -118.56752740
32.98823620 -118.56755770
32.98839320 -118.56754830
32.98839420 -118.56757140
32.98842290 -118.56756960
32.98842870 -118.56770750
7 9.00000000 residential 
32.99089580 -118.55004930
32.99076150 -118.55002750
32.99075140 -118.55011620
32.99072150 -118.55011130
32.99074250 -118.54992690
32.99090670 -118.54995340
32.99089580 -118.55004930
5 9.00000000 residential 
32.99123310 -118.54993190
32.99119940 -118.54992530
32.99121000 -118.54984770
32.99124210 -118.54986610
32.99123310 -118.54993190
5 9.00000000 residential 
32.99611110 -118.55149480
32.99605430 -118.55147330
32.99607760 -118.55138570
32.99613440 -118.55140720
32.99611110 -118.55149480
5 9.00000000 residential 
32.99620030 -118.55207460
32.99607120 -118.55204180
32.99604830 -118.55217030
32.99617730 -118.55220310
32.99620030 -118.55207460
5 9.00000000 residential 
32.99604120 -118.55216560
32.99606470 -118.55204120
32.99594320 -118.55200860
32.99591970 -118.55213300
32.99604120 -118.55216560
5 9.00000000 residential 
32.99603850 -118.55231840
32.99606550 -118.55218350
32.99591600 -118.55214100
32.99588900 -118.55227590
32.99603850 -118.55231840
5 9.00000000 residential 
32.99614880 -118.55234400
32.99604830 -118.55231550
32.99607420 -118.55218550
32.99617480 -118.55221410
32.99614880 -118.55234400
5 9.00000000 residential 
32.99638790 -118.55218180
32.99631710 -118.55215850
32.99626260 -118.55239410
32.99633330 -118.55241740
32.99638790 -118.55218180
5 9.00000000 residential 
32.99641710 -118.55211790
32.99633280 -118.55211410
32.99634120 -118.55185180
32.99642550 -118.55185570
32.99641710 -118.55211790
5 9.00000000 residential 
32.99599000 -118.55246300
32.99586050 -118.55242440
32.99586910 -118.55238360
32.99599860 -118.55242220
32.99599000 -118.55246300
5 9.00000000 residential 
32.99591140 -118.55303290
32.99584890 -118.55298860
32.99580780 -118.55307110
32.99587030 -118.55311540
32.99591140 -118.55303290
5 9.00000000 residential 
32.99576030 -118.55319310
32.99568480 -118.55315430
32.99566980 -118.55319580
32.99574530 -118.55323460
32.99576030 -118.55319310
5 9.00000000 residential 
32.99596280 -118.55361210
32.99588210 -118.55363030
32.99585380 -118.55345240
32.99593450 -118.55343410
32.99596280 -118.55361210
9 9.00000000 residential 
32.99450480 -118.54933370
32.99443060 -118.54928380
32.99444000 -118.54926390
32.99441170 -118.54924500
32.99442690 -118.54921290
32.99445030 -118.54922870
32.99445850 -118.54921150
32.99453750 -118.54926460
32.99450480 -118.54933370
5 9.00000000 residential 
32.99460280 -118.54938800
32.99454230 -118.54935130
32.99455890 -118.54931230
32.99461940 -118.54934910
32.99460280 -118.54938800
5 9.00000000 residential 
32.99443690 -118.54940000
32.99434630 -118.54932240
32.99432850 -118.54935190
32.99441900 -118.54942960
32.99443690 -118.54940000
5 9.00000000 residential 
32.99432140 -118.55698450
32.99431820 -118.55691080
32.99418720 -118.55691900
32.99419050 -118.55699270
32.99432140 -118.55698450
5 9.00000000 residential 
32.99456240 -118.55739020
32.99453790 -118.55724640
32.99450100 -118.55725540
32.99452550 -118.55739920
32.99456240 -118.55739020
5 9.00000000 residential 
32.99456500 -118.55750320
32.99452110 -118.55750770
32.99451870 -118.55747470
32.99456260 -118.55747020
32.99456500 -118.55750320
5 9.00000000 residential 
32.99593480 -118.55524760
32.99590370 -118.55503070
32.99581060 -118.55504970
32.99584170 -118.55526660
32.99593480 -118.55524760
5 9.00000000 residential 
32.99582700 -118.55527520
32.99579390 -118.55505520
32.99571210 -118.55507270
32.99574530 -118.55529270
32.99582700 -118.55527520
5 9.00000000 residential 
32.99571780 -118.55527920
32.99568870 -118.55506380
32.99560430 -118.55507990
32.99563340 -118.55529540
32.99571780 -118.55527920
5 9.00000000 residential 
32.99561670 -118.55530200
32.99558640 -118.55508340
32.99550420 -118.55509960
32.99553450 -118.55531820
32.99561670 -118.55530200
5 9.00000000 residential 
32.99550950 -118.55531680
32.99548670 -118.55510280
32.99540700 -118.55511480
32.99542970 -118.55532890
32.99550950 -118.55531680
5 9.00000000 residential 
32.99540980 -118.55533550
32.99538350 -118.55511390
32.99528390 -118.55513070
32.99531020 -118.55535230
32.99540980 -118.55533550
5 9.00000000 residential 
32.99526050 -118.55570250
32.99522930 -118.55548600
32.99513000 -118.55550640
32.99516110 -118.55572280
32.99526050 -118.55570250
5 9.00000000 residential 
32.99538140 -118.55569280
32.99535640 -118.55547870
32.99525950 -118.55549470
32.99528440 -118.55570880
32.99538140 -118.55569280
5 9.00000000 residential 
32.99555530 -118.55565430
32.99546790 -118.55567020
32.99543980 -118.55545130
32.99552720 -118.55543530
32.99555530 -118.55565430
5 9.00000000 residential 
32.99570470 -118.55562700
32.99562470 -118.55564330
32.99559410 -118.55543010
32.99567420 -118.55541370
32.99570470 -118.55562700
5 9.00000000 residential 
32.99583730 -118.55560770
32.99575070 -118.55562470
32.99572070 -118.55540660
32.99580730 -118.55538960
32.99583730 -118.55560770
5 9.00000000 residential 
32.99596670 -118.55557880
32.99588280 -118.55559290
32.99585750 -118.55537860
32.99594130 -118.55536450
32.99596670 -118.55557880
5 9.00000000 residential 
32.99598490 -118.55582590
32.99596070 -118.55582840
32.99594760 -118.55565040
32.99597170 -118.55564780
32.99598490 -118.55582590
5 9.00000000 residential 
32.99561980 -118.55586450
32.99558210 -118.55587500
32.99555180 -118.55572110
32.99558950 -118.55571050
32.99561980 -118.55586450
5 9.00000000 residential 
32.99552640 -118.55588910
32.99544290 -118.55590560
32.99541610 -118.55571280
32.99549950 -118.55569620
32.99552640 -118.55588910
5 9.00000000 residential 
32.99539690 -118.55590840
32.99536190 -118.55591620
32.99533560 -118.55574890
32.99537060 -118.55574100
32.99539690 -118.55590840
5 9.00000000 residential 
32.99532550 -118.55592450
32.99525250 -118.55594150
32.99521970 -118.55574080
32.99529270 -118.55572390
32.99532550 -118.55592450
9 9.00000000 residential 
32.99685670 -118.55501270
32.99676540 -118.55498990
32.99677840 -118.55491560
32.99675140 -118.55490890
32.99676050 -118.55485700
32.99678810 -118.55486390
32.99680210 -118.55478400
32.99689280 -118.55480670
32.99685670 -118.55501270
9 9.00000000 residential 
32.99680980 -118.55521800
32.99672300 -118.55519840
32.99673390 -118.55512980
32.99670770 -118.55512390
32.99671720 -118.55506450
32.99675770 -118.55507360
32.99676810 -118.55500780
32.99684070 -118.55502420
32.99680980 -118.55521800
5 9.00000000 residential 
32.99679590 -118.55522620
32.99669870 -118.55520100
32.99667870 -118.55531040
32.99677590 -118.55533560
32.99679590 -118.55522620
25 9.00000000 residential 
32.99673850 -118.55541300
32.99672230 -118.55551800
32.99673250 -118.55552360
32.99669720 -118.55572630
32.99671600 -118.55572530
32.99667870 -118.55595800
32.99659390 -118.55593870
32.99659940 -118.55590430
32.99658760 -118.55590160
32.99659550 -118.55585220
32.99656550 -118.55584550
32.99657530 -118.55578400
32.99660570 -118.55579080
32.99661040 -118.55576080
32.99658100 -118.55575430
32.99659210 -118.55568380
32.99662020 -118.55569010
32.99662620 -118.55565190
32.99658810 -118.55564340
32.99659640 -118.55559030
32.99663510 -118.55559880
32.99664520 -118.55553360
32.99662010 -118.55552800
32.99664120 -118.55539160
32.99673850 -118.55541300
27 9.00000000 residential 
32.99653570 -118.55680450
32.99657290 -118.55655810
32.99656060 -118.55655550
32.99658850 -118.55637130
32.99657780 -118.55636900
32.99659310 -118.55626840
32.99650380 -118.55624900
32.99650560 -118.55627480
32.99648580 -118.55627100
32.99647350 -118.55636340
32.99650050 -118.55636850
32.99649010 -118.55644760
32.99645600 -118.55644120
32.99644950 -118.55649030
32.99647780 -118.55649570
32.99647070 -118.55655010
32.99644010 -118.55654430
32.99643450 -118.55658670
32.99647330 -118.55659390
32.99646580 -118.55665060
32.99643810 -118.55664540
32.99643280 -118.55668560
32.99645400 -118.55668950
32.99644350 -118.55676880
32.99646380 -118.55676450
32.99646020 -118.55678830
32.99653570 -118.55680450
5 9.00000000 residential 
32.99684830 -118.55635920
32.99679060 -118.55640190
32.99676390 -118.55635050
32.99682160 -118.55630780
32.99684830 -118.55635920
19 9.00000000 residential 
32.99699360 -118.55653730
32.99691590 -118.55645120
32.99680740 -118.55659040
32.99678180 -118.55656200
32.99675220 -118.55660000
32.99678120 -118.55663210
32.99674240 -118.55668190
32.99672790 -118.55666580
32.99671840 -118.55669320
32.99673600 -118.55671260
32.99669920 -118.55675980
32.99667270 -118.55673050
32.99666020 -118.55674650
32.99668810 -118.55677740
32.99664570 -118.55683190
32.99674230 -118.55693890
32.99697650 -118.55663820
32.99694350 -118.55660160
32.99699360 -118.55653730
27 9.00000000 residential 
32.99703650 -118.55635060
32.99699780 -118.55635280
32.99698750 -118.55633650
32.99696320 -118.55632710
32.99696050 -118.55621160
32.99698300 -118.55621080
32.99698100 -118.55612970
32.99693580 -118.55613120
32.99693450 -118.55607780
32.99696660 -118.55607670
32.99696590 -118.55604920
32.99693680 -118.55605020
32.99693500 -118.55597730
32.99697220 -118.55597600
32.99697130 -118.55594210
32.99691380 -118.55594420
32.99691100 -118.55583140
32.99694980 -118.55583000
32.99694830 -118.55577040
32.99708960 -118.55576540
32.99709590 -118.55601770
32.99706990 -118.55601860
32.99707450 -118.55620500
32.99705220 -118.55622300
32.99705590 -118.55634000
32.99703590 -118.55633380
32.99703650 -118.55635060
26 9.00000000 residential 
32.99740590 -118.55531830
32.99735820 -118.55524100
32.99736630 -118.55522760
32.99726260 -118.55507180
32.99727000 -118.55506480
32.99714930 -118.55488280
32.99705580 -118.55497100
32.99709820 -118.55503490
32.99707860 -118.55505330
32.99711940 -118.55511500
32.99715390 -118.55508260
32.99717990 -118.55512200
32.99715810 -118.55514240
32.99717630 -118.55517010
32.99719740 -118.55515040
32.99723020 -118.55520040
32.99719420 -118.55523400
32.99721300 -118.55526260
32.99724700 -118.55523100
32.99728070 -118.55528240
32.99724940 -118.55531160
32.99726930 -118.55534200
32.99729440 -118.55531870
32.99732850 -118.55537090
32.99736720 -118.55537520
32.99740590 -118.55531830
11 9.00000000 residential 
32.99757540 -118.55560060
32.99751540 -118.55536460
32.99740450 -118.55540470
32.99742630 -118.55549040
32.99740340 -118.55549860
32.99742080 -118.55556680
32.99746470 -118.55555090
32.99747650 -118.55559730
32.99751040 -118.55558510
32.99751950 -118.55562080
32.99757540 -118.55560060
5 9.00000000 residential 
32.99742680 -118.55557030
32.99743590 -118.55562570
32.99739610 -118.55563500
32.99738700 -118.55557960
32.99742680 -118.55557030
22 9.00000000 residential 
32.99752930 -118.55626670
32.99755820 -118.55601450
32.99754410 -118.55601220
32.99756550 -118.55582740
32.99755380 -118.55582040
32.99757120 -118.55572440
32.99749420 -118.55570460
32.99747580 -118.55572510
32.99746870 -118.55579000
32.99744420 -118.55578620
32.99742870 -118.55592800
32.99745690 -118.55593240
32.99744990 -118.55599640
32.99742620 -118.55599270
32.99742010 -118.55604740
32.99744510 -118.55605140
32.99744200 -118.55607900
32.99740980 -118.55607380
32.99740120 -118.55615050
32.99741900 -118.55615340
32.99740830 -118.55624700
32.99752930 -118.55626670
17 9.00000000 residential 
32.99781170 -118.55611560
32.99773170 -118.55610280
32.99773450 -118.55607820
32.99772280 -118.55607630
32.99773120 -118.55600060
32.99770270 -118.55599600
32.99770870 -118.55594220
32.99774170 -118.55594740
32.99774580 -118.55591080
32.99772220 -118.55590710
32.99772690 -118.55586550
32.99775680 -118.55587030
32.99776540 -118.55579330
32.99783310 -118.55580410
32.99782370 -118.55588880
32.99783690 -118.55589090
32.99781170 -118.55611560
15 9.00000000 residential 
32.99757780 -118.55733420
32.99781160 -118.55653050
32.99773570 -118.55649920
32.99774590 -118.55646410
32.99768480 -118.55643890
32.99767140 -118.55648480
32.99757790 -118.55647310
32.99757150 -118.55654650
32.99759900 -118.55654990
32.99739540 -118.55717360
32.99736750 -118.55718420
32.99733860 -118.55728330
32.99740570 -118.55731100
32.99741820 -118.55726820
32.99757780 -118.55733420
11 9.00000000 residential 
32.99815330 -118.55630390
32.99805380 -118.55626030
32.99806670 -118.55621850
32.99801090 -118.55619410
32.99799610 -118.55624200
32.99793620 -118.55624130
32.99775240 -118.55683820
32.99781850 -118.55686710
32.99783100 -118.55682640
32.99797300 -118.55688860
32.99815330 -118.55630390
17 9.00000000 residential 
32.99784770 -118.55704760
32.99782400 -118.55703060
32.99783560 -118.55698620
32.99779050 -118.55696930
32.99778070 -118.55700660
32.99773460 -118.55698940
32.99763330 -118.55737580
32.99770310 -118.55740180
32.99771350 -118.55736220
32.99774030 -118.55737220
32.99775310 -118.55732290
32.99773020 -118.55731440
32.99775440 -118.55722130
32.99777390 -118.55722850
32.99780690 -118.55710150
32.99783140 -118.55711050
32.99784770 -118.55704760
11 9.00000000 residential 
32.99797230 -118.55725840
32.99788540 -118.55722030
32.99792700 -118.55708500
32.99790480 -118.55707530
32.99792600 -118.55700630
32.99796570 -118.55702360
32.99809460 -118.55660410
32.99827270 -118.55668190
32.99810410 -118.55723040
32.99799550 -118.55718290
32.99797230 -118.55725840
9 9.00000000 residential 
32.99822070 -118.55660730
32.99836080 -118.55607550
32.99823950 -118.55603000
32.99822350 -118.55609050
32.99821060 -118.55608570
32.99818470 -118.55618380
32.99820350 -118.55619080
32.99810510 -118.55656400
32.99822070 -118.55660730
5 9.00000000 residential 
33.00466210 -118.55302420
33.00460450 -118.55305290
33.00455490 -118.55291140
33.00461250 -118.55288270
33.00466210 -118.55302420
5 9.00000000 residential 
33.00516070 -118.55368240
33.00508290 -118.55357360
33.00505380 -118.55360320
33.00513170 -118.55371200
33.00516070 -118.55368240
5 9.00000000 residential 
33.00525930 -118.55355700
33.00519540 -118.55360830
33.00517910 -118.55357940
33.00524310 -118.55352820
33.00525930 -118.55355700
11 9.00000000 residential 
33.00537640 -118.55380400
33.00537430 -118.55367550
33.00522560 -118.55367890
33.00523200 -118.55408050
33.00529270 -118.55407920
33.00529210 -118.55404100
33.00536670 -118.55403930
33.00536460 -118.55390900
33.00530430 -118.55391040
33.00530260 -118.55380560
33.00537640 -118.55380400
15 9.00000000 residential 
33.00519180 -118.55442030
33.00512830 -118.55440150
33.00511940 -118.55444400
33.00513490 -118.55444860
33.00511250 -118.55455620
33.00508680 -118.55454860
33.00507870 -118.55458720
33.00516310 -118.55461220
33.00518380 -118.55451250
33.00520280 -118.55452520
33.00520900 -118.55448450
33.00519170 -118.55448070
33.00519570 -118.55445450
33.00518620 -118.55444740
33.00519180 -118.55442030
7 9.00000000 residential 
33.00520140 -118.55435960
33.00513730 -118.55433570
33.00515500 -118.55426800
33.00518260 -118.55427830
33.00517380 -118.55431180
33.00521040 -118.55432550
33.00520140 -118.55435960
5 9.00000000 residential 
33.00523790 -118.55466560
33.00519270 -118.55465100
33.00517240 -118.55474010
33.00521750 -118.55475480
33.00523790 -118.55466560
5 9.00000000 residential 
33.00516260 -118.55491730
33.00512800 -118.55486990
33.00501760 -118.55498450
33.00505220 -118.55503180
33.00516260 -118.55491730
9 9.00000000 residential 
33.00413100 -118.55574560
33.00411270 -118.55563060
33.00403670 -118.55564780
33.00405480 -118.55576140
33.00407460 -118.55575690
33.00408050 -118.55579410
33.00411310 -118.55578670
33.00410740 -118.55575100
33.00413100 -118.55574560
5 9.00000000 residential 
33.00386120 -118.55613340
33.00384160 -118.55599520
33.00377150 -118.55600930
33.00379110 -118.55614750
33.00386120 -118.55613340
5 9.00000000 residential 
33.00402150 -118.55615870
33.00383880 -118.55619300
33.00389180 -118.55659520
33.00407460 -118.55656090
33.00402150 -118.55615870
5 9.00000000 residential 
33.00467660 -118.55622020
33.00457160 -118.55618720
33.00464620 -118.55585050
33.00475120 -118.55588360
33.00467660 -118.55622020
5 9.00000000 residential 
33.00460750 -118.55644000
33.00447340 -118.55646890
33.00452040 -118.55678000
33.00465460 -118.55675120
33.00460750 -118.55644000
5 9.00000000 residential 
33.00479990 -118.55724110
33.00474480 -118.55705920
33.00463590 -118.55710610
33.00469100 -118.55728800
33.00479990 -118.55724110
5 9.00000000 residential 
33.00558760 -118.55900610
33.00538080 -118.55886420
33.00530780 -118.55901570
33.00551460 -118.55915750
33.00558760 -118.55900610
7 9.00000000 residential 
32.99740110 -118.56279080
32.99732620 -118.56276960
32.99732060 -118.56279780
32.99725370 -118.56277890
32.99723620 -118.56286700
32.99737790 -118.56290710
32.99740110 -118.56279080
5 9.00000000 residential 
32.99716010 -118.56268250
32.99693060 -118.56260450
32.99691180 -118.56268330
32.99714130 -118.56276130
32.99716010 -118.56268250
5 9.00000000 residential 
33.00848420 -118.56578710
33.00845460 -118.56578940
33.00845030 -118.56571170
33.00847990 -118.56570940
33.00848420 -118.56578710
5 9.00000000 residential 
33.00845280 -118.56568320
33.00842850 -118.56568570
33.00842410 -118.56562370
33.00845000 -118.56564340
33.00845280 -118.56568320
5 9.00000000 residential 
33.00818850 -118.56566580
33.00816480 -118.56564760
33.00812500 -118.56572150
33.00814860 -118.56573960
33.00818850 -118.56566580
5 9.00000000 residential 
33.00811240 -118.56565120
33.00805170 -118.56563870
33.00804670 -118.56567330
33.00810740 -118.56568580
33.00811240 -118.56565120
5 9.00000000 residential 
33.00799880 -118.56562880
33.00793710 -118.56562090
33.00793340 -118.56566310
33.00799500 -118.56567090
33.00799880 -118.56562880
5 9.00000000 residential 
33.00803050 -118.56555220
33.00794020 -118.56554580
33.00794420 -118.56546680
33.00803450 -118.56547320
33.00803050 -118.56555220
5 9.00000000 residential 
33.00797280 -118.56540880
33.00791860 -118.56543780
33.00790540 -118.56540250
33.00795950 -118.56537360
33.00797280 -118.56540880
5 9.00000000 residential 
33.00497100 -118.56938580
33.00493820 -118.56937880
33.00494690 -118.56932050
33.00497970 -118.56932750
33.00497100 -118.56938580
5 9.00000000 residential 
33.01124510 -118.57264360
33.01118420 -118.57259630
33.01111480 -118.57272350
33.01117580 -118.57277080
33.01124510 -118.57264360
5 9.00000000 residential 
33.01612010 -118.57333080
33.01605290 -118.57326670
33.01598750 -118.57343890
33.01606340 -118.57348000
33.01612010 -118.57333080
5 9.00000000 residential 
33.01728620 -118.57415520
33.01723610 -118.57420940
33.01720170 -118.57416420
33.01725180 -118.57411000
33.01728620 -118.57415520
5 9.00000000 residential 
33.01505210 -118.58489880
33.01492370 -118.58484390
33.01490140 -118.58491790
33.01502990 -118.58497280
33.01505210 -118.58489880
5 9.00000000 residential 
33.01507860 -118.58481860
33.01494250 -118.58476320
33.01496180 -118.58469570
33.01509790 -118.58475120
33.01507860 -118.58481860
5 9.00000000 residential 
33.01511890 -118.58469030
33.01498430 -118.58463150
33.01500430 -118.58456640
33.01513890 -118.58462520
33.01511890 -118.58469030
5 9.00000000 residential 
33.01600440 -118.58434830
33.01594280 -118.58431930
33.01595390 -118.58428560
33.01601560 -118.58431460
33.01600440 -118.58434830
5 9.00000000 residential 
33.01592310 -118.58430850
33.01586490 -118.58428060
33.01587580 -118.58424820
33.01593400 -118.58427620
33.01592310 -118.58430850
7 9.00000000 residential 
33.01898080 -118.58552200
33.01887270 -118.58546910
33.01886030 -118.58550510
33.01891030 -118.58552950
33.01884580 -118.58571720
33.01890390 -118.58574560
33.01898080 -118.58552200
5 9.00000000 residential 
33.01913690 -118.58578710
33.01899460 -118.58572100
33.01897090 -118.58579350
33.01911320 -118.58585950
33.01913690 -118.58578710
5 9.00000000 residential 
33.01909450 -118.58588590
33.01895770 -118.58581990
33.01893300 -118.58589260
33.01906990 -118.58595860
33.01909450 -118.58588590
5 9.00000000 residential 
33.01940440 -118.58621660
33.01926090 -118.58616970
33.01924600 -118.58623450
33.01938950 -118.58628140
33.01940440 -118.58621660
5 9.00000000 residential 
33.02022930 -118.58620500
33.02016140 -118.58617380
33.02011110 -118.58632930
33.02017900 -118.58636050
33.02022930 -118.58620500
5 9.00000000 residential 
33.02010840 -118.58624100
33.01998320 -118.58617450
33.02001340 -118.58609350
33.02013870 -118.58616010
33.02010840 -118.58624100
5 9.00000000 residential 
33.02041170 -118.58662830
33.02023270 -118.58654000
33.02026720 -118.58644050
33.02044620 -118.58652880
33.02041170 -118.58662830
5 9.00000000 residential 
33.02123920 -118.58439700
33.02125850 -118.58433260
33.02112470 -118.58427540
33.02110540 -118.58433980
33.02123920 -118.58439700
5 9.00000000 residential 
33.02123310 -118.58421440
33.02117860 -118.58419550
33.02121590 -118.58404230
33.02127050 -118.58406120
33.02123310 -118.58421440
5 9.00000000 residential 
33.02101110 -118.58405950
33.02093130 -118.58402760
33.02102430 -118.58369700
33.02110410 -118.58372890
33.02101110 -118.58405950
9 9.00000000 residential 
33.02158620 -118.58376740
33.02145930 -118.58368730
33.02149190 -118.58361390
33.02151610 -118.58364940
33.02153080 -118.58361630
33.02158280 -118.58364910
33.02156290 -118.58369400
33.02160650 -118.58372160
33.02158620 -118.58376740
5 9.00000000 residential 
33.02144490 -118.58369260
33.02132180 -118.58362490
33.02135000 -118.58355190
33.02147310 -118.58361950
33.02144490 -118.58369260
5 9.00000000 residential 
33.02755370 -118.58501330
33.02752310 -118.58492490
33.02732710 -118.58502150
33.02735780 -118.58511000
33.02755370 -118.58501330
5 9.00000000 residential 
33.02756670 -118.58510940
33.02739430 -118.58521100
33.02743190 -118.58530170
33.02760430 -118.58520010
33.02756670 -118.58510940
7 9.00000000 residential 
33.02748070 -118.58481520
33.02706370 -118.58504040
33.02725040 -118.58553220
33.02710940 -118.58560840
33.02686810 -118.58497350
33.02742620 -118.58467190
33.02748070 -118.58481520
5 9.00000000 residential 
33.02724680 -118.58509170
33.02716790 -118.58513100
33.02725490 -118.58537940
33.02733370 -118.58534010
33.02724680 -118.58509170
5 9.00000000 residential 
33.02703340 -118.58593610
33.02700190 -118.58582510
33.02687430 -118.58587670
33.02690580 -118.58598760
33.02703340 -118.58593610
5 9.00000000 residential 
33.02679180 -118.58575200
33.02665380 -118.58541620
33.02651170 -118.58549930
33.02664970 -118.58583510
33.02679180 -118.58575200
7 9.00000000 residential 
33.02652170 -118.58595560
33.02644960 -118.58584040
33.02643280 -118.58585530
33.02647170 -118.58591730
33.02641590 -118.58596710
33.02642780 -118.58603930
33.02652170 -118.58595560
5 9.00000000 residential 
33.02634480 -118.58682060
33.02622090 -118.58676150
33.02618760 -118.58686070
33.02631160 -118.58691990
33.02634480 -118.58682060
5 9.00000000 residential 
33.02617210 -118.58667820
33.02601740 -118.58660810
33.02596990 -118.58675690
33.02612470 -118.58682700
33.02617210 -118.58667820
5 9.00000000 residential 
33.02589010 -118.58661300
33.02579930 -118.58656330
33.02577190 -118.58663460
33.02586280 -118.58668430
33.02589010 -118.58661300
5 9.00000000 residential 
33.02573880 -118.58655820
33.02563260 -118.58649410
33.02560160 -118.58656730
33.02570780 -118.58663130
33.02573880 -118.58655820
11 9.00000000 residential 
33.02671580 -118.58607310
33.02658970 -118.58631540
33.02654610 -118.58628310
33.02657140 -118.58623460
33.02654320 -118.58621370
33.02657080 -118.58616070
33.02660040 -118.58618260
33.02662360 -118.58613800
33.02655480 -118.58608710
33.02660480 -118.58599100
33.02671580 -118.58607310
5 9.00000000 residential 
33.02719500 -118.58879700
33.02706870 -118.58883520
33.02704060 -118.58870280
33.02716690 -118.58866460
33.02719500 -118.58879700
5 9.00000000 residential 
33.02700420 -118.58829930
33.02692950 -118.58832350
33.02686970 -118.58806090
33.02694440 -118.58803660
33.02700420 -118.58829930
5 9.00000000 residential 
33.02667840 -118.58810950
33.02641060 -118.58818810
33.02639520 -118.58811340
33.02666300 -118.58803490
33.02667840 -118.58810950
7 9.00000000 residential 
33.02669660 -118.58819980
33.02657510 -118.58823560
33.02658870 -118.58830170
33.02644260 -118.58834470
33.02641500 -118.58821120
33.02668260 -118.58813230
33.02669660 -118.58819980
5 9.00000000 residential 
33.02677840 -118.58830650
33.02645960 -118.58841700
33.02647480 -118.58847960
33.02679360 -118.58836910
33.02677840 -118.58830650
9 9.00000000 residential 
33.02648100 -118.58852030
33.02628280 -118.58858620
33.02633260 -118.58879940
33.02644550 -118.58876190
33.02645720 -118.58881190
33.02652290 -118.58879010
33.02651100 -118.58873920
33.02653070 -118.58873270
33.02648100 -118.58852030
5 9.00000000 residential 
33.02674670 -118.58891880
33.02669140 -118.58893820
33.02665020 -118.58877050
33.02670550 -118.58875110
33.02674670 -118.58891880
5 9.00000000 residential 
33.02680110 -118.58920380
33.02667450 -118.58911490
33.02660300 -118.58925980
33.02672970 -118.58934870
33.02680110 -118.58920380
5 9.00000000 residential 
33.02655080 -118.58923770
33.02649090 -118.58919720
33.02643170 -118.58932180
33.02649160 -118.58936230
33.02655080 -118.58923770
7 9.00000000 residential 
33.02663330 -118.58936940
33.02655860 -118.58932880
33.02650000 -118.58948230
33.02663660 -118.58955640
33.02668180 -118.58943810
33.02661990 -118.58940450
33.02663330 -118.58936940
13 9.00000000 residential 
33.02660150 -118.58959950
33.02665630 -118.58963490
33.02668140 -118.58957950
33.02676810 -118.58963540
33.02673250 -118.58971410
33.02678700 -118.58974920
33.02674350 -118.58984550
33.02669430 -118.58981390
33.02666430 -118.58988020
33.02658600 -118.58982970
33.02661350 -118.58976900
33.02654480 -118.58972480
33.02660150 -118.58959950
13 9.00000000 residential 
33.02686780 -118.58973460
33.02690110 -118.58975660
33.02691120 -118.58973500
33.02694320 -118.58975610
33.02693140 -118.58978140
33.02698520 -118.58981700
33.02700050 -118.58978410
33.02703120 -118.58980440
33.02700950 -118.58985110
33.02702200 -118.58985930
33.02697090 -118.58996940
33.02680850 -118.58986210
33.02686780 -118.58973460
7 9.00000000 residential 
33.02708930 -118.58955530
33.02693240 -118.58944360
33.02706220 -118.58918400
33.02719320 -118.58927720
33.02711180 -118.58944000
33.02713780 -118.58945850
33.02708930 -118.58955530
15 9.00000000 residential 
33.02725810 -118.58957500
33.02717890 -118.58951850
33.02715690 -118.58956230
33.02712410 -118.58953890
33.02709880 -118.58958950
33.02716050 -118.58963350
33.02714940 -118.58965560
33.02717170 -118.58967150
33.02714960 -118.58971550
33.02717670 -118.58973480
33.02720130 -118.58968580
33.02724160 -118.58971460
33.02727480 -118.58964840
33.02723540 -118.58962030
33.02725810 -118.58957500
14 9.00000000 residential 
33.02728470 -118.58980790
33.02721770 -118.58975520
33.02718870 -118.58980780
33.02716090 -118.58978600
33.02714240 -118.58981950
33.02719510 -118.58986100
33.02720040 -118.58991120
33.02717370 -118.58995850
33.02720700 -118.58998530
33.02724030 -118.58992640
33.02726890 -118.58994950
33.02730560 -118.58988470
33.02727170 -118.58985740
33.02728470 -118.58980790
5 9.00000000 residential 
33.02587420 -118.58900180
33.02574650 -118.58870910
33.02563660 -118.58877730
33.02576420 -118.58907010
33.02587420 -118.58900180
5 9.00000000 residential 
33.02642860 -118.59668210
33.02639020 -118.59666470
33.02640480 -118.59661880
33.02644330 -118.59663620
33.02642860 -118.59668210
5 9.00000000 residential 
33.02632600 -118.59660760
33.02621680 -118.59656240
33.02619540 -118.59663610
33.02630450 -118.59668130
33.02632600 -118.59660760
7 9.00000000 residential 
33.02649120 -118.59569800
33.02599320 -118.59557580
33.02600920 -118.59548330
33.02638710 -118.59557610
33.02640960 -118.59544520
33.02652970 -118.59547470
33.02649120 -118.59569800
5 9.00000000 residential 
33.02494410 -118.59560610
33.02490840 -118.59553550
33.02481170 -118.59560490
33.02484740 -118.59567550
33.02494410 -118.59560610
5 9.00000000 residential 
33.02480900 -118.59569270
33.02478580 -118.59565020
33.02474320 -118.59568330
33.02476640 -118.59572580
33.02480900 -118.59569270
5 9.00000000 residential 
33.02458090 -118.59696810
33.02454770 -118.59694230
33.02455770 -118.59690020
33.02459410 -118.59691250
33.02458090 -118.59696810
5 9.00000000 residential 
33.02356310 -118.59799300
33.02347750 -118.59800820
33.02348980 -118.59810640
33.02357160 -118.59806140
33.02356310 -118.59799300
5 9.00000000 residential 
33.02347850 -118.59811130
33.02346000 -118.59800650
33.02327150 -118.59805370
33.02329000 -118.59815850
33.02347850 -118.59811130
5 9.00000000 residential 
33.02302720 -118.59814460
33.02300780 -118.59808410
33.02289780 -118.59813420
33.02291710 -118.59819470
33.02302720 -118.59814460
5 9.00000000 residential 
33.02375350 -118.59826440
33.02373440 -118.59816870
33.02359390 -118.59820870
33.02361300 -118.59830440
33.02375350 -118.59826440
5 9.00000000 residential 
33.02387480 -118.59814820
33.02383190 -118.59813040
33.02385120 -118.59806440
33.02389400 -118.59808220
33.02387480 -118.59814820
5 9.00000000 residential 
33.02251450 -118.59855110
33.02245390 -118.59856740
33.02244410 -118.59851540
33.02250460 -118.59849910
33.02251450 -118.59855110
5 9.00000000 residential 
33.02232580 -118.59859820
33.02232050 -118.59856080
33.02227090 -118.59857080
33.02227630 -118.59860830
33.02232580 -118.59859820
5 9.00000000 residential 
33.02271050 -118.59849300
33.02265440 -118.59851690
33.02264200 -118.59847560
33.02269820 -118.59845170
33.02271050 -118.59849300
5 9.00000000 residential 
33.02293920 -118.59842710
33.02288510 -118.59844250
33.02287560 -118.59839470
33.02292960 -118.59837930
33.02293920 -118.59842710
5 9.00000000 residential 
33.02322010 -118.59835580
33.02315390 -118.59837270
33.02314400 -118.59831720
33.02321010 -118.59830030
33.02322010 -118.59835580
9 9.00000000 residential 
33.02872260 -118.60152810
33.02862450 -118.60146080
33.02852520 -118.60166680
33.02860400 -118.60172090
33.02863580 -118.60165500
33.02867060 -118.60167890
33.02870650 -118.60160450
33.02869090 -118.60159380
33.02872260 -118.60152810
5 9.00000000 residential 
33.02897720 -118.60102300
33.02884030 -118.60122960
33.02875900 -118.60115300
33.02889600 -118.60094640
33.02897720 -118.60102300
5 9.00000000 residential 
33.02912530 -118.60090910
33.02903360 -118.60082280
33.02912490 -118.60068470
33.02921660 -118.60077100
33.02912530 -118.60090910
5 9.00000000 residential 
33.02911580 -118.60093390
33.02907540 -118.60099760
33.02903880 -118.60096460
33.02907920 -118.60090090
33.02911580 -118.60093390
5 9.00000000 residential 
33.02938860 -118.60005740
33.02932570 -118.60015010
33.02928360 -118.60010950
33.02934640 -118.60001670
33.02938860 -118.60005740
5 9.00000000 residential 
33.02932490 -118.60016950
33.02926550 -118.60011710
33.02910280 -118.60037960
33.02916220 -118.60043200
33.02932490 -118.60016950
7 9.00000000 residential 
33.02914510 -118.60044040
33.02902600 -118.60060130
33.02900890 -118.60058320
33.02902610 -118.60051220
33.02905200 -118.60051220
33.02912270 -118.60041680
33.02914510 -118.60044040
5 9.00000000 residential 
33.02971800 -118.59991840
33.02962180 -118.59984360
33.02968050 -118.59973610
33.02977670 -118.59981090
33.02971800 -118.59991840
5 9.00000000 residential 
33.02959540 -118.60019380
33.02962140 -118.59993250
33.02958790 -118.59992780
33.02956190 -118.60018910
33.02959540 -118.60019380
13 9.00000000 residential 
33.02968400 -118.60048720
33.02966980 -118.60024480
33.02963670 -118.60024760
33.02963910 -118.60028860
33.02956630 -118.60029460
33.02957270 -118.60040440
33.02961350 -118.60040100
33.02961140 -118.60036520
33.02965480 -118.60036160
33.02966010 -118.60045270
33.02962140 -118.60045600
33.02962350 -118.60049220
33.02968400 -118.60048720
7 9.00000000 residential 
33.02949130 -118.60040670
33.02948010 -118.60033700
33.02942390 -118.60034970
33.02939420 -118.60040300
33.02940430 -118.60044500
33.02947640 -118.60045250
33.02949130 -118.60040670
7 9.00000000 residential 
33.02932000 -118.60063350
33.02929660 -118.60061010
33.02926200 -118.60065940
33.02922970 -118.60062710
33.02921410 -118.60066820
33.02926200 -118.60071610
33.02932000 -118.60063350
7 9.00000000 residential 
33.02926760 -118.60130170
33.02915550 -118.60119500
33.02908640 -118.60129840
33.02913100 -118.60134090
33.02918280 -118.60126350
33.02925020 -118.60132760
33.02926760 -118.60130170
5 9.00000000 residential 
33.02910290 -118.60140140
33.02904990 -118.60138470
33.02904400 -118.60141140
33.02908950 -118.60142570
33.02910290 -118.60140140
7 9.00000000 residential 
33.02911900 -118.60115460
33.02901880 -118.60106210
33.02893190 -118.60119600
33.02895820 -118.60122030
33.02899920 -118.60115720
33.02907310 -118.60122540
33.02911900 -118.60115460
5 9.00000000 residential 
33.02955390 -118.60071560
33.02945320 -118.60084690
33.02935150 -118.60073590
33.02945220 -118.60060460
33.02955390 -118.60071560
5 9.00000000 residential 
33.02945250 -118.60087760
33.02934010 -118.60076410
33.02925930 -118.60087800
33.02937170 -118.60099140
33.02945250 -118.60087760
5 9.00000000 residential 
33.02949560 -118.60092510
33.02947570 -118.60090220
33.02939390 -118.60100350
33.02941380 -118.60102640
33.02949560 -118.60092510
5 9.00000000 residential 
33.02954010 -118.60097550
33.02951400 -118.60094600
33.02943630 -118.60104370
33.02946230 -118.60107320
33.02954010 -118.60097550
5 9.00000000 residential 
33.02957490 -118.60101580
33.02955070 -118.60099280
33.02947090 -118.60111200
33.02949510 -118.60113500
33.02957490 -118.60101580
5 9.00000000 residential 
33.02938570 -118.60110980
33.02935390 -118.60108170
33.02928550 -118.60119170
33.02931730 -118.60121990
33.02938570 -118.60110980
5 9.00000000 residential 
33.02929080 -118.60109790
33.02919890 -118.60101940
33.02915000 -118.60110080
33.02924190 -118.60117930
33.02929080 -118.60109790
5 9.00000000 residential 
33.02956760 -118.60169200
33.02950490 -118.60164480
33.02944390 -118.60176000
33.02950660 -118.60180730
33.02956760 -118.60169200
5 9.00000000 residential 
33.02948460 -118.60164690
33.02941090 -118.60158500
33.02935340 -118.60168250
33.02942710 -118.60174440
33.02948460 -118.60164690
5 9.00000000 residential 
33.02955110 -118.60152390
33.02942750 -118.60142590
33.02949110 -118.60131180
33.02961470 -118.60140980
33.02955110 -118.60152390
5 9.00000000 residential 
33.02985810 -118.60157590
33.02980520 -118.60152900
33.02974020 -118.60163310
33.02979310 -118.60168010
33.02985810 -118.60157590
6 9.00000000 residential 
33.02995660 -118.60168190
33.02987030 -118.60161720
33.02981700 -118.60165830
33.02976870 -118.60174990
33.02987770 -118.60183160
33.02995660 -118.60168190
5 9.00000000 residential 
33.02977240 -118.60169940
33.02973320 -118.60165640
33.02966590 -118.60175350
33.02971130 -118.60179650
33.02977240 -118.60169940
5 9.00000000 residential 
33.02965490 -118.60188430
33.02961650 -118.60184130
33.02959310 -118.60186750
33.02963850 -118.60190300
33.02965490 -118.60188430
5 9.00000000 residential 
33.02955780 -118.60218970
33.02950690 -118.60215980
33.02949600 -118.60218780
33.02954530 -118.60221870
33.02955780 -118.60218970
5 9.00000000 residential 
33.02944520 -118.60217610
33.02941920 -118.60215940
33.02938950 -118.60222520
33.02942000 -118.60223170
33.02944520 -118.60217610
5 9.00000000 residential 
33.02962950 -118.60255230
33.02953040 -118.60247870
33.02961710 -118.60231260
33.02971620 -118.60238620
33.02962950 -118.60255230
5 9.00000000 residential 
33.02961260 -118.60095400
33.02957670 -118.60092330
33.02965030 -118.60080100
33.02968610 -118.60083170
33.02961260 -118.60095400
5 9.00000000 residential 
33.02974310 -118.60067440
33.02971360 -118.60062520
33.02974250 -118.60060050
33.02977210 -118.60064970
33.02974310 -118.60067440
9 9.00000000 residential 
33.02986570 -118.60048080
33.02974410 -118.60049410
33.02973020 -118.60031410
33.02987380 -118.60029830
33.02987650 -118.60033330
33.02976280 -118.60034580
33.02977020 -118.60044110
33.02986190 -118.60043100
33.02986570 -118.60048080
7 9.00000000 residential 
33.02989060 -118.60023020
33.02977900 -118.60023060
33.02977850 -118.60001810
33.02983400 -118.60001790
33.02983440 -118.60019550
33.02989050 -118.60019530
33.02989060 -118.60023020
5 9.00000000 residential 
33.02990100 -118.60005870
33.02987140 -118.60006020
33.02986910 -118.59999570
33.02989870 -118.59999420
33.02990100 -118.60005870
5 9.00000000 residential 
33.03007210 -118.60023260
33.02997550 -118.60021710
33.02998390 -118.60014280
33.03008050 -118.60015830
33.03007210 -118.60023260
5 9.00000000 residential 
33.03007370 -118.60013380
33.03000130 -118.60012970
33.03000410 -118.60005890
33.03007660 -118.60006300
33.03007370 -118.60013380
9 9.00000000 residential 
33.03014110 -118.59991790
33.03008490 -118.59987120
33.03009940 -118.59984640
33.03005280 -118.59980770
33.03007950 -118.59976190
33.03013290 -118.59980620
33.03012460 -118.59982050
33.03017400 -118.59986150
33.03014110 -118.59991790
5 9.00000000 residential 
33.03014620 -118.59978410
33.03011400 -118.59975190
33.03018060 -118.59965710
33.03021280 -118.59968920
33.03014620 -118.59978410
9 9.00000000 residential 
33.03028990 -118.60045680
33.03010980 -118.60029520
33.03003510 -118.60041370
33.03007740 -118.60045160
33.03004540 -118.60050230
33.03014470 -118.60059130
33.03017540 -118.60054270
33.03021390 -118.60057730
33.03028990 -118.60045680
9 9.00000000 residential 
33.03015830 -118.60099330
33.02986120 -118.60073290
33.02955010 -118.60123800
33.02967070 -118.60134370
33.02983680 -118.60107410
33.02991180 -118.60113990
33.02995000 -118.60107790
33.03005150 -118.60116680
33.03015830 -118.60099330
5 9.00000000 residential 
33.02975750 -118.60129230
33.02978880 -118.60121340
33.02998420 -118.60132360
33.02995290 -118.60140250
33.02975750 -118.60129230
5 9.00000000 residential 
33.03022740 -118.60126570
33.03000370 -118.60129630
33.02999440 -118.60119920
33.03021810 -118.60116860
33.03022740 -118.60126570
11 9.00000000 residential 
33.03006150 -118.60132620
33.03027030 -118.60145780
33.03023880 -118.60151570
33.03022580 -118.60151290
33.03018770 -118.60158300
33.03013940 -118.60154560
33.03012020 -118.60158080
33.03000150 -118.60148890
33.03004100 -118.60141620
33.03000420 -118.60138770
33.03006150 -118.60132620
5 9.00000000 residential 
33.03040500 -118.60126080
33.03026200 -118.60111250
33.03038720 -118.60094090
33.03053020 -118.60108920
33.03040500 -118.60126080
5 9.00000000 residential 
33.03041510 -118.60076730
33.03023060 -118.60103430
33.03014180 -118.60094700
33.03032640 -118.60068010
33.03041510 -118.60076730
5 9.00000000 residential 
33.03221620 -118.59870070
33.03217720 -118.59875930
33.03212680 -118.59871160
33.03216570 -118.59865300
33.03221620 -118.59870070
5 9.00000000 residential 
33.03224950 -118.59868300
33.03220420 -118.59865140
33.03223740 -118.59858360
33.03228270 -118.59861530
33.03224950 -118.59868300
5 9.00000000 residential 
33.03233070 -118.59847920
33.03227870 -118.59845200
33.03230780 -118.59837300
33.03235980 -118.59840020
33.03233070 -118.59847920
5 9.00000000 residential 
33.03216180 -118.59843700
33.03211510 -118.59840020
33.03215630 -118.59832590
33.03220300 -118.59836270
33.03216180 -118.59843700
5 9.00000000 residential 
33.03211950 -118.59859130
33.03216170 -118.59862790
33.03211770 -118.59869990
33.03207550 -118.59866330
33.03211950 -118.59859130
5 9.00000000 residential 
33.03211740 -118.59857760
33.03208490 -118.59863900
33.03203010 -118.59859780
33.03206260 -118.59853640
33.03211740 -118.59857760
5 9.00000000 residential 
33.03198580 -118.59846590
33.03194260 -118.59843910
33.03196110 -118.59839680
33.03200430 -118.59842360
33.03198580 -118.59846590
5 9.00000000 residential 
33.03195560 -118.59856610
33.03188310 -118.59848670
33.03183030 -118.59855520
33.03191940 -118.59861320
33.03195560 -118.59856610
5 9.00000000 residential 
33.03192350 -118.59840500
33.03187630 -118.59846520
33.03184340 -118.59842840
33.03189060 -118.59836820
33.03192350 -118.59840500
5 9.00000000 residential 
33.03174280 -118.59841260
33.03170850 -118.59846100
33.03166820 -118.59842040
33.03170250 -118.59837200
33.03174280 -118.59841260
5 9.00000000 residential 
33.03178660 -118.59833480
33.03174420 -118.59830440
33.03177800 -118.59823710
33.03182050 -118.59826750
33.03178660 -118.59833480
5 9.00000000 residential 
33.03182620 -118.59812370
33.03178630 -118.59814240
33.03177260 -118.59810080
33.03181240 -118.59808210
33.03182620 -118.59812370
5 9.00000000 residential 
33.03176110 -118.59792760
33.03172140 -118.59795300
33.03169620 -118.59789720
33.03174760 -118.59786430
33.03176110 -118.59792760
5 9.00000000 residential 
33.03173040 -118.59784880
33.03169560 -118.59787510
33.03166710 -118.59782140
33.03170190 -118.59779520
33.03173040 -118.59784880
5 9.00000000 residential 
33.03168330 -118.59791510
33.03165540 -118.59793020
33.03164050 -118.59789110
33.03166480 -118.59786650
33.03168330 -118.59791510
5 9.00000000 residential 
33.03168040 -118.59807500
33.03163630 -118.59811440
33.03160560 -118.59806540
33.03164970 -118.59802600
33.03168040 -118.59807500
5 9.00000000 residential 
33.03163550 -118.59796760
33.03158640 -118.59801330
33.03154160 -118.59794480
33.03160100 -118.59791470
33.03163550 -118.59796760
5 9.00000000 residential 
33.03195460 -118.59808730
33.03189660 -118.59811080
33.03187040 -118.59801870
33.03192840 -118.59799520
33.03195460 -118.59808730
7 9.00000000 residential 
33.03193290 -118.59792980
33.03184740 -118.59794910
33.03182910 -118.59783410
33.03188520 -118.59782150
33.03189930 -118.59791050
33.03193740 -118.59790190
33.03193290 -118.59792980
5 9.00000000 residential 
33.03175440 -118.59764480
33.03170520 -118.59765270
33.03169840 -118.59759230
33.03174750 -118.59758440
33.03175440 -118.59764480
5 9.00000000 residential 
33.03251830 -118.59803920
33.03246890 -118.59798950
33.03243790 -118.59803330
33.03248730 -118.59808310
33.03251830 -118.59803920
5 9.00000000 residential 
33.03244340 -118.59798540
33.03242460 -118.59802290
33.03240260 -118.59800720
33.03242130 -118.59796970
33.03244340 -118.59798540
5 9.00000000 residential 
33.03239440 -118.59796090
33.03236820 -118.59799070
33.03233660 -118.59795120
33.03236280 -118.59792140
33.03239440 -118.59796090
5 9.00000000 residential 
33.03248220 -118.59814170
33.03243390 -118.59810680
33.03242670 -118.59813900
33.03246840 -118.59816910
33.03248220 -118.59814170
5 9.00000000 residential 
33.03241500 -118.59809500
33.03237020 -118.59806720
33.03235800 -118.59809510
33.03241140 -118.59812820
33.03241500 -118.59809500
5 9.00000000 residential 
33.03277930 -118.59359070
33.03268290 -118.59357140
33.03270490 -118.59341420
33.03280140 -118.59343340
33.03277930 -118.59359070
5 9.00000000 residential 
33.01602580 -118.59445920
33.01596590 -118.59425560
33.01587110 -118.59429520
33.01593100 -118.59449880
33.01602580 -118.59445920
20 9.00000000 residential 
32.99128810 -118.55461040
32.99132590 -118.55456180
32.99137470 -118.55453010
32.99142950 -118.55451870
32.99148450 -118.55452880
32.99153380 -118.55455940
32.99157230 -118.55460720
32.99159600 -118.55466720
32.99160220 -118.55473510
32.99158930 -118.55480170
32.99155860 -118.55485940
32.99151380 -118.55490190
32.99145970 -118.55492440
32.99140240 -118.55492440
32.99134830 -118.55490180
32.99130350 -118.55485930
32.99127290 -118.55480150
32.99126020 -118.55473700
32.99126540 -118.55467100
32.99128810 -118.55461040
20 9.00000000 residential 
32.99166320 -118.55466750
32.99166620 -118.55465420
32.99167280 -118.55464290
32.99168220 -118.55463490
32.99169320 -118.55463110
32.99170470 -118.55463190
32.99171530 -118.55463730
32.99172380 -118.55464660
32.99172900 -118.55465780
32.99173090 -118.55467050
32.99172940 -118.55468320
32.99172460 -118.55469470
32.99171710 -118.55470390
32.99170750 -118.55470980
32.99169690 -118.55471180
32.99168620 -118.55470970
32.99167670 -118.55470370
32.99166880 -118.55469370
32.99166410 -118.55468120
32.99166320 -118.55466750
20 9.00000000 residential 
32.99167610 -118.55438720
32.99169100 -118.55438100
32.99170680 -118.55438100
32.99172170 -118.55438740
32.99173390 -118.55439940
32.99174210 -118.55441560
32.99174520 -118.55443410
32.99174280 -118.55445280
32.99173540 -118.55446940
32.99172480 -118.55448130
32.99171170 -118.55448860
32.99169730 -118.55449080
32.99168300 -118.55448750
32.99167030 -118.55447920
32.99166040 -118.55446660
32.99165420 -118.55445090
32.99165240 -118.55443380
32.99165560 -118.55441530
32.99166380 -118.55439910
32.99167610 -118.55438720
5 9.00000000 residential 
32.94777480 -118.52419760
32.94771610 -118.52418560
32.94771120 -118.52421990
32.94776990 -118.52423190
32.94777480 -118.52419760
5 9.00000000 residential 
32.94770560 -118.52417940
32.94764420 -118.52416860
32.94763980 -118.52420450
32.94770110 -118.52421530
32.94770560 -118.52417940
5 9.00000000 residential 
32.94784310 -118.52408280
32.94780720 -118.52407490
32.94781940 -118.52399650
32.94785530 -118.52400440
32.94784310 -118.52408280
5 9.00000000 residential 
32.94887650 -118.52295940
32.94878730 -118.52303150
32.94876950 -118.52300010
32.94885860 -118.52292810
32.94887650 -118.52295940
5 9.00000000 residential 
32.94884060 -118.52290090
32.94881790 -118.52292180
32.94878650 -118.52287340
32.94880920 -118.52285250
32.94884060 -118.52290090
9 9.00000000 residential 
32.94887650 -118.52247460
32.94881980 -118.52251610
32.94881000 -118.52249700
32.94877120 -118.52252530
32.94873340 -118.52245190
32.94879090 -118.52240990
32.94882030 -118.52246710
32.94885840 -118.52243930
32.94887650 -118.52247460
11 9.00000000 residential 
32.94879940 -118.52230810
32.94870420 -118.52240110
32.94863170 -118.52229560
32.94870520 -118.52222380
32.94875460 -118.52229560
32.94872830 -118.52232130
32.94869990 -118.52228010
32.94868120 -118.52229830
32.94871240 -118.52234370
32.94877910 -118.52227860
32.94879940 -118.52230810
5 9.00000000 residential 
32.94875970 -118.52204790
32.94872450 -118.52206480
32.94869900 -118.52198950
32.94873420 -118.52197250
32.94875970 -118.52204790
7 9.00000000 residential 
32.94868770 -118.52221550
32.94864290 -118.52213980
32.94861420 -118.52216390
32.94862900 -118.52218900
32.94857080 -118.52223780
32.94860080 -118.52228850
32.94868770 -118.52221550
5 9.00000000 residential 
32.94856020 -118.52207350
32.94850750 -118.52212320
32.94849170 -118.52209930
32.94854440 -118.52204970
32.94856020 -118.52207350
6 9.00000000 residential 
32.94849770 -118.52215110
32.94846330 -118.52210510
32.94843640 -118.52212920
32.94845700 -118.52215810
32.94847880 -118.52218870
32.94849770 -118.52215110
5 9.00000000 residential 
32.94845700 -118.52209320
32.94840950 -118.52205460
32.94839600 -118.52209640
32.94843640 -118.52212920
32.94845700 -118.52209320
11 9.00000000 residential 
32.94833720 -118.52228190
32.94832120 -118.52226090
32.94829780 -118.52228620
32.94826570 -118.52224420
32.94823810 -118.52227420
32.94827290 -118.52231980
32.94825520 -118.52233900
32.94829830 -118.52239550
32.94832890 -118.52236240
32.94829900 -118.52232320
32.94833720 -118.52228190
5 9.00000000 residential 
32.94849950 -118.52254600
32.94840080 -118.52260500
32.94838270 -118.52256210
32.94850310 -118.52249020
32.94849950 -118.52254600
5 9.00000000 residential 
32.94857030 -118.52263050
32.94854540 -118.52259960
32.94850420 -118.52264680
32.94852910 -118.52267760
32.94857030 -118.52263050
5 9.00000000 residential 
32.94784770 -118.52287190
32.94781420 -118.52280740
32.94778330 -118.52283010
32.94781690 -118.52289470
32.94784770 -118.52287190
5 9.00000000 residential 
32.94609590 -118.52090050
32.94603080 -118.52090320
32.94602850 -118.52082360
32.94609360 -118.52082090
32.94609590 -118.52090050
6 9.00000000 residential 
32.94605880 -118.52078190
32.94597720 -118.52079080
32.94597130 -118.52071320
32.94599670 -118.52071050
32.94605290 -118.52070430
32.94605880 -118.52078190
5 9.00000000 residential 
32.94601680 -118.52059030
32.94598740 -118.52059260
32.94598260 -118.52050870
32.94601200 -118.52050640
32.94601680 -118.52059030
5 9.00000000 residential 
32.94600990 -118.52021120
32.94597770 -118.52022790
32.94595250 -118.52015870
32.94598470 -118.52014200
32.94600990 -118.52021120
5 9.00000000 residential 
32.94598230 -118.52012170
32.94595160 -118.52012630
32.94594390 -118.52005280
32.94597450 -118.52004820
32.94598230 -118.52012170
5 9.00000000 residential 
32.94587070 -118.52038970
32.94580110 -118.52039900
32.94579640 -118.52035010
32.94586610 -118.52034080
32.94587070 -118.52038970
5 9.00000000 residential 
32.94582100 -118.52058130
32.94574840 -118.52059140
32.94574410 -118.52054730
32.94582720 -118.52053570
32.94582100 -118.52058130
5 9.00000000 residential 
32.94572640 -118.52066120
32.94570640 -118.52059220
32.94567900 -118.52060340
32.94569900 -118.52067240
32.94572640 -118.52066120
5 9.00000000 residential 
32.94584220 -118.52080910
32.94577470 -118.52080440
32.94577690 -118.52075810
32.94584450 -118.52076280
32.94584220 -118.52080910
5 9.00000000 residential 
32.94587930 -118.52090810
32.94581490 -118.52093430
32.94580280 -118.52089190
32.94586720 -118.52086570
32.94587930 -118.52090810
5 9.00000000 residential 
32.94581890 -118.52095970
32.94580030 -118.52092520
32.94575110 -118.52094190
32.94576010 -118.52097970
32.94581890 -118.52095970
5 9.00000000 residential 
32.87194800 -118.49311760
32.87196040 -118.49308920
32.87189950 -118.49305130
32.87188710 -118.49307970
32.87194800 -118.49311760
5 3.00000000 garage 
33.38568930 -118.40609010
33.38565690 -118.40606120
33.38563140 -118.40610210
33.38566380 -118.40613100
33.38568930 -118.40609010
5 9.00000000 residential 
33.38565090 -118.40600260
33.38561510 -118.40596300
33.38559180 -118.40599320
33.38562770 -118.40603280
33.38565090 -118.40600260
5 9.00000000 residential 
33.38621110 -118.40818700
33.38619140 -118.40814710
33.38616400 -118.40816650
33.38618370 -118.40820640
33.38621110 -118.40818700
5 9.00000000 residential 
33.38634380 -118.40779470
33.38632120 -118.40774620
33.38624510 -118.40779720
33.38626770 -118.40784560
33.38634380 -118.40779470
5 9.00000000 residential 
33.38639030 -118.40786780
33.38636940 -118.40782230
33.38628710 -118.40787660
33.38630800 -118.40792210
33.38639030 -118.40786780
5 9.00000000 residential 
33.38625650 -118.40806490
33.38623730 -118.40802600
33.38619930 -118.40805280
33.38621840 -118.40809170
33.38625650 -118.40806490
5 9.00000000 residential 
33.38635780 -118.40801190
33.38633690 -118.40796510
33.38627820 -118.40800260
33.38629900 -118.40804950
33.38635780 -118.40801190
5 9.00000000 residential 
33.44050400 -118.49093050
33.44050460 -118.49090900
33.44048550 -118.49090820
33.44048480 -118.49092970
33.44050400 -118.49093050
5 9.00000000 residential 
33.44103690 -118.49106120
33.44103810 -118.49102900
33.44101890 -118.49102800
33.44101780 -118.49106020
33.44103690 -118.49106120
5 9.00000000 residential 
33.44071130 -118.49182960
33.44072020 -118.49178600
33.44069940 -118.49177990
33.44069050 -118.49182350
33.44071130 -118.49182960
5 9.00000000 residential 
33.44030390 -118.49214610
33.44030170 -118.49206700
33.44027380 -118.49206810
33.44027600 -118.49214730
33.44030390 -118.49214610
5 9.00000000 residential 
33.44161270 -118.49215820
33.44163120 -118.49209380
33.44160270 -118.49208210
33.44158420 -118.49214650
33.44161270 -118.49215820
5 9.00000000 residential 
33.38841020 -118.47314840
33.38841020 -118.47312900
33.38839490 -118.47312890
33.38839490 -118.47314840
33.38841020 -118.47314840
5 9.00000000 residential 
33.38484100 -118.47057560
33.38482270 -118.47057660
33.38482400 -118.47061050
33.38484230 -118.47060950
33.38484100 -118.47057560
5 9.00000000 residential 
33.38640140 -118.47195810
33.38640100 -118.47192790
33.38638630 -118.47192810
33.38638660 -118.47195830
33.38640140 -118.47195810
5 9.00000000 residential 
33.38600400 -118.47135770
33.38599200 -118.47134010
33.38597410 -118.47135750
33.38598600 -118.47137510
33.38600400 -118.47135770
5 9.00000000 residential 
33.38340090 -118.47241980
33.38341210 -118.47236550
33.38336530 -118.47235170
33.38335410 -118.47240600
33.38340090 -118.47241980
5 9.00000000 residential 
33.43262770 -118.50869670
33.43264690 -118.50862390
33.43248740 -118.50856350
33.43246820 -118.50863640
33.43262770 -118.50869670
5 9.00000000 residential 
33.43298700 -118.50855520
33.43295910 -118.50852700
33.43292860 -118.50857020
33.43295650 -118.50859850
33.43298700 -118.50855520
5 9.00000000 residential 
33.02545110 -118.57283880
33.02559010 -118.57246980
33.02548690 -118.57241450
33.02534780 -118.57278340
33.02545110 -118.57283880
